reviewText,sentiment_label,vader_prediction,textblob_prediction,lr_prediction,svm_prediction
"I will never buy again from this seller - Micca Distributor. They do not operate their business with integrity and they have no concern for their customers. They are unresponsive and dishonest. The one star is for Amazon for making this right and giving me a refund. OK, on to the product. There is NO reason to buy this product. It is cheap, inferior quality. The supplied toskink cable that comes with the FiiO is a throw-away. Better to spend another $10-$20 and get a decent cable. Thanks to another reviewer, I ordered the Orei and did a side-by-side comparison. The Orei produces exponentially superior sound quality. Using the Orei with an Apple TV streaming from my iTunes library, it works fine for whole house audio distribution of background music. Let's be honest - Neither is an audiophile level DAC. If you want that, think about spending hundreds, not $30. I haven't tried the Geffen, which is a good company, but the reviews are worse at twice the price. Do yourself a favor - Don't make my mistake - Don't buy this product.",Negative,Positive,Positive,Negative,Negative
"Broke after 6 months of regular use. Bought another, hoping it will last but yup this one also broke. I never dropped either or submerged them in water. I've had other sonicares last years. Something with this model was cheaply made as many other reviewers brushes also failed.",Negative,Negative,Neutral,Negative,Negative
"Even after a 48hour cure to allow any solvent to off-gas, this stuff WILL STILL SUSTAIN A FLAME. Its not even self-extinguishing, let alone resistant to heat or flame. This product is a terrible, dangerous, fire PROMOTER, not blocker. Don't waste your money, just use the regular greatstuff, as neither provide a benefit in the event of a fire.",Negative,Negative,Negative,Negative,Negative
"Used once more than month ago, my eye lids still swollen! Bad product be aware!",Negative,Negative,Negative,Neutral,Neutral
"Items of EXREMELY poor quality; out of the bag, the alligator clips were not connected or pulled off leads. Some leads were not adequately crimped, some leads were open circuit, vinyl clip insulators slip off easily and are difficult to reinstall. I would not buy these items again.",Negative,Negative,Negative,Negative,Negative
"makes me want to curse. this thing does not work reliably, turns itself off depending on angle.",Negative,Negative,Neutral,Negative,Negative
"**UPDATE** after having 14days of print time, it continuously resets itself on every print. Will NOT complete a single print more than 5%. I have been trying to contact monoprice customer service for over a week, with no responses... Im getting very disappointed with this company. Upon researching further, this is a common problem with their main board. Any help would be greatly appreciated, especially if the company actually reads and/or cares about customer satisfaction. __________________________________________________________________________________________________________________________ As a Novice in the hobby, I find the controls very easy to use. The learning curve is on the software, but thats to be expected with any new program you aren't use to. LEVEL YOUR BED AND EXTRUDER or ""You're Not gonna have a good time""",Negative,Positive,Neutral,Negative,Negative
"After a month, it still curls up- the carpet its on does have a tight weave but the grips are unable to keep it from moving.",Negative,Neutral,Negative,Neutral,Neutral
"I didn't get good lamination. Prints came out very stringy. Looks like I need to print hotter, but without an all metal tool path I'm hesitant. Also, LOTS of water uptake! First two prints went real well. I left it out over night (which I do with my PET and PLA), and the next day, hissing and spitting as it went into the hotend.",Negative,Positive,Positive,Negative,Negative
Don't buy here... very old very brittle. Will have to crank up your temps to get to work. Hatchbox is good PLA this spool is just really old.,Negative,Positive,Positive,Negative,Negative
Count on 50% of the bearings to be bad out of the box. Sizing is pretty consistent. I put these on a 3d printer and they started squeaking/groaning after about a week. Lubed the shafts and they quieted down so I suspect the bearings are failing at an incredibly rapid rate.,Negative,Negative,Positive,Negative,Negative
Poor quality inconsistent size,Negative,Positive,Negative,Negative,Negative
"FLIR - You got two strikes so far... Unit #1 - Horrible Back-light Bleeding.... Unit #2 - Dead Pixels!... Unit #3 is on it's way... Any bets on the next issue?!?!? UNIT #1: Right out of the box, upon power on, I see a big yellow pressure point on the display assembly. For the price you're paying, this is unacceptable! At minimum, the display shouldn't have a big yellow pressure point in the top right corner. Basic movement of the product causes the display to discolor, which indicates either A) display quality issue B) design issue or C) Assembly issue ( i.e. FLIR's factory that got torque happy when assembling). Upon adjusting the the brightness, it's only worse. What makes matters worse - you rely on contrast/color with this tool, yet somehow this made it out of factory. UPDATE: Unit #2 - Dead Pixels (a little bearable back-light bleeding. Dead/Defective Pixels Unacceptable! - Defective Pixels galore....See pictures attached.",Negative,Negative,Neutral,Negative,Negative
not the best dose not work as good as i expected left with a blank look in my face need to work much better,Negative,Negative,Positive,Positive,Positive
"Partially tapped holes limit you to only top mounting. The wholes are not square on all blocks. Some of the bushings are missing 3-4 ball bearings making them jerky. I guess for $8 you get what you pay for. EDIT: Bought a second set because the 1st ones were useless. These came with the bearings on the outside! Loose in the bag, so... again completely useless! The seller NEVER response to emails and shipping to return them costs more than they did.",Negative,Negative,Neutral,Negative,Negative
"Flimsy, barely conducts electricity",Negative,Negative,Positive,Negative,Negative
"The tape itself was fine and good quality... the stupid spool this came in basically unravelled the moment I took it out of the bag. The stuff is a pain to store when not properly rolled and it was nearly impossible to re-roll it...so basically I got 55yds, used maybe 1 yd, and now have about 15 yd left in the roll...the rest is in a tangled mess I just threw out. This needs side walls on the spool when it is this thing to prevent the spool itself from collapsing like this. ugh. Alternatively, I've had copper tape before of a similar width that was more self-adhesive which allowed it to maintain a roll-like form without losing it. I'm not sure what was different, other than the good roll seemed a bit waxier/stickier, but I'm guessing this is why it stayed rolled.",Negative,Neutral,Neutral,Neutral,Neutral
"Do not buy very thin, lace like. Have used other products from this line , other stuff OK. First one I opened I thought mistake all the same.",Negative,Negative,Neutral,Negative,Negative
tip was not in properly and broke off as i tried to unscrew itnot very good returned,Negative,Negative,Positive,Negative,Negative
What the heck would make them put a left-hand thread on the outer part and right hand threads on the inner part - when you mount it on the tank then torque into the inner fitting it undoes the outer threads. Also it is kind of bulky making it so you can't mount it close to a wall in the tank.,Negative,Positive,Positive,Negative,Negative
good leds,Negative,Positive,Positive,Negative,Negative
"Be warned- this works with 1/4"" plastic tube- not Brass- like the supply for my evaporative cooler- again, only with plastic",Negative,Negative,Neutral,Positive,Positive
It fits as in bigger than necessary. Not remotely tight.,Negative,Neutral,Neutral,Neutral,Neutral
This filter is not depicted as the one in the ad on Amazon. I thought it would come black and it came in a break silver mesh cylinder I should have read the ad a little bit more because it doesn't contain carbon of which iPhreshsays doesn't really do much. Also this is not a filter to remove odors I could have made this for about $5 with materials from a hardware store. I didn't even bother opening in it. This was a waste of my time and don't waste yours not.,Negative,Positive,Neutral,Negative,Negative
"HORRIBLE, broken upon delivery, tested its work-ability anyway and couldn't hear a heartbeat clearly at all",Negative,Negative,Negative,Negative,Negative
Not worth buying. Didn't work with my computer and didn't want to go through hassel to return. I might not even know where it is now since it never worked! HAHA Pretty bad that it is bad enough that I misplaced it since i never used it. I don't think I would purchase it for even a gag gift exchange! I gave it a 2 start simply for the innovative idea!,Negative,Negative,Neutral,Negative,Negative
"Comes out easy, however does not dry solid for at least three weeks.",Negative,Positive,Neutral,Neutral,Neutral
"Never could get it to drive the stepper motors without tons of jitter. I think either the board or all the drivers are faulty. If it's me, I wish someone would explain the solution to me.",Negative,Positive,Negative,Negative,Negative
"These slings are NOT as pictured. They have full-width eyes and NOT folded eyes as pictured, to make attachment easier in shackles and other connecting links.",Negative,Positive,Negative,Neutral,Neutral
Not really stainless steel...just not right for jewelry cleaning. Sent back.,Negative,Neutral,Neutral,Negative,Negative
"Filament density is higher than black, requiring recalibration to go between the two. Difficult to make consistent prints due to this.",Negative,Negative,Neutral,Negative,Negative
"Checked all 20 diodes out of the bag using my Fluke 117 True RMS multimeter (diode checker function). The readings were all over the place (like there is a QC issue with the doping of these diodes). Ten of them while testing forward/reverse current ""chirped"" on the diode function (prob okay, but had a higher impedance). All indicated ""open"" when reversing the leads. The other ten had a long steady tone (indicating a short...which is fine). Those ten also showed ""open"" when reversing the leads. From what I can tell...half of these are probably okay, and the other half questionable. Not recommended.",Negative,Positive,Neutral,Neutral,Neutral
CAN NOT MAKE IT WORK,Negative,Neutral,Neutral,Negative,Negative
"I received this item in gray color instead of black, which is very disappointing. It does not match my fixtures color.",Negative,Negative,Negative,Negative,Negative
"I have been using four of these units in my basement for the past three months. Last night I decided to check them for consistency. I place all four next to each other. After 15 minutes, all four units had different humidity readings. I left them together over night; this morning, they are all different again. CRAZY different, ranging from 63% to 72%. ARE YOU KIDDING ME!!!!",Negative,Negative,Negative,Negative,Negative
"Which is correct? The one I received will stay at the same temperature and humidity regardless of conditions in the room. You have to pick it up and disturb it to get it to ""update"" the humidity and temperature, and even then the results will show wild swings. Quite frustrating because I don't know when the gauge is being accurate or not.",Negative,Negative,Neutral,Negative,Negative
Bought this for the activator but the spray bottle didn't spray!,Negative,Neutral,Neutral,Negative,Negative
"I ordered Translucent Black. I received solid black. Can't even shine an LED flashlight thru it. Maybe it is just a wrong item. I will order again, Translucent, Dictionary -> ""Transparent (of a substance) allowing light, but not detailed images, to pass through; semitransparent.""",Negative,Negative,Negative,Negative,Negative
It looks like every seller here sources their borosilicate glass from the same poor manufacturer. I ordered this to replace a warped sheet only to find out this piece is far more warped than my other one. The kicker? I already installed my PEI sheet on this so I'm out a lot more than just the cost of this glass.,Negative,Negative,Neutral,Negative,Negative
"The filament was visibly tangled and kinked on the spool when I received it. My review is based solely upon that at this point. I'm attempting to print with it now, but I have very little hope as im sure the tangles will cause the filament to break or pull out of the extruder during the print. I will never buy this again and id advise not to take the chance on it.",Negative,Positive,Positive,Negative,Negative
"The new app shows the temperatures really nicely, with a vertical scale at the left of the picture. But they're meaningless. See attached pictures showing a near view of a washing machine drum, and a medium distance view of the same machine. Temperatures are wildly different. This device is fun to play with, and may be reliable for showing variations in temperature, but you can't take the temperatures seriously, at all.",Negative,Positive,Positive,Negative,Negative
"Product isn't real bad but if you don't mind , in the middle of printing , the filament snaps due to being tangled on the spool then it is not a bad product. I had untangled it numerous times and missed catching it before it caused problems. Lost the print, wasted the filament, had to stop and rewind the balance of the spool of white filament unto an empty spool to use the balance of the filament. This happened with better than a half spool of line left on it and it was a Pain In T. A. But am using the balance of the line and will use another source for filaments. I have found one made in the USA and unspools flawless and high quality product and is available on Amazon. 3D Solutech Real Blue 1.75mm PLA 3D Printer Filament 2.2 LBS (1.0KG) - 100% USA]]",Negative,Negative,Neutral,Negative,Negative
"Worked well the first dozen times I used it. After showing an open on pins 1 & 2 and me cutting off the RJ45 three times, I tried it on a known good cable. Same reading. Closer inspection revealed the number 1 pin was bent over the #2 pin. Straitened it but still reads open. Replaced with Southwire model M400TP.",Negative,Positive,Neutral,Neutral,Neutral
"Junk, large UPC code posted in one corner that is not shown in picture, Has large seller's inventory sticker stuck on the front which is very difficult to take off. (takes sign printing with it) They are very flimsy so I glued them to a harder service and the glue ate through the sign in several places to further damage the sign.",Negative,Negative,Neutral,Negative,Negative
Was about 75% through a 19 hour print and found out the printer was printing in tin air. Found the cause. The filament was tangled on the spool so obviously lacking in quality control. No more of this product!,Negative,Negative,Negative,Negative,Negative
"Bought two, one was DOA. It always thinks it night time",Negative,Negative,Neutral,Negative,Negative
"There is a permanently marked label right on the front to tell you where to re order more signs. Its prominent, right under the word 'surveillance'. I'm giving this otherwise alright product one star because the photo i looked at of it to buy it did not show the big reorder information. I'm tired of subtle false advertising and tricks. Just be honest and show the real picture. How am i supposed to remove this silkscreened permanent ink? Acetone would dissolve the plastic enough to leave a streak.",Negative,Positive,Positive,Negative,Negative
"VERY slow response (screen update) time, when checking continuity, don't lift test lead too quickly... count up to two or three then check or listen for reading. Meter rated as 6000 count, mine acts more like 500-1000 count... Very annoying. Not happy.",Negative,Negative,Negative,Neutral,Neutral
"In comparing these to the 7 mil gloves from Harbor Freight that I normally buy, I've had more tears with these 9 mil gloves, and they feel thinner than Harbor Freight's 7 mil. The price isn't really any different (assuming HF coupon.) I've also noticed the price has gone up more than a dollar since I bought these just a few weeks ago, making them even less of a value. The Harbor Freight 9 mil gloves are significantly better than these and are likely worth the extra cost. I've never had so many tears; they're fine for working with epoxy/paint, but are not up to the task of actually working on anything with your hands. I actually had a pair tear just while I was just laying out fiberglass cloth. I'm at a loss to explain how these gloves have so many 5 star reviews.",Negative,Positive,Positive,Negative,Negative
"Horrible QC! 30RPM gear motor arrived DOA, Not functioning at all. 0 Ohms across terminals! I would not recommend to anyone since they obviously do not test. Product was packed well, so it was not shipping damage.",Negative,Negative,Negative,Negative,Negative
"I've only had this for a couple of days - consider this an initial review... The product looks very nice. The materials - glass and chrome plated pump - are solid feeling. The pump works. The capacity is actually quite large. Now, it just has to last. ========== Update March 1, 2016 Well, as noted in other reviews, it does look great, but the pump stopped working after pushing not more than 4 oz in total of soap. That's really too bad. You will notice more reviews that say the same thing. I would not order this again.",Negative,Positive,Positive,Negative,Negative
"Light sucks . . . Just use a regular inspection mirror and a small flashlight, it's hard to get the light and the mirror to line up to see exactly what you want to see. It's just awkward. Sorry Ullman, nice try though.",Negative,Negative,Neutral,Neutral,Neutral
"Wat idiot thought of this packaging? I've been at it all day and STILL cannot get this blasted thing open. I'm sure the Super glue itself is find, it's the getting at it that I am far from impressed with... I guess I'll grab the crowbar from the garage and try again. You think I'm kidding, I'm NOT!",Negative,Positive,Positive,Negative,Negative
"This grabber by VIVE Health is well made and light weight. So why don't I like it? To start, I didn't think about how much use I would have for it before I made the purchase. All my higher up things are too big for me to bring them down with any grabber. The only use I can find to use it right away is the ceiling lights in my kitchenette. They are of the modern little non-tungsten bulbs of an odd shape. Alas, the grabber couldn't get a hold on them. I'm keeping the grabber anyway. Some day I might need it.",Negative,Negative,Neutral,Neutral,Neutral
This is a flimsy reel holder you will need to superglue the ends where the knobs screw into the bar. Mine kept on falling out and it was a real pain. After supergluing the ends into the bar it works much better. I guess I could have spent more to get a better product.,Negative,Neutral,Positive,Neutral,Neutral
"Very glitchy unit, bad firmware. Totally not worth the price. Will be shopping for another brand.",Negative,Negative,Negative,Negative,Negative
"Purchased as a spare part, failed after first use. Works briefly if you tap on it... makes sparks. This is one of those projects that takes an hour the first time, but is a snap from then on. I have done it about 5 times and have it down to about 10 minutes. You may have to cut off an existing plastic connector and use the included high-temperature wire nuts. Our oven sees daily use and we have to replace this part every 12-18 months. I keep a spare on hand because it is, by far, the weak link in the design. If anything goes wrong with the oven, failure to light, smelling gas at startup, I change out this part first. Note, just because it is glowing does not mean it is working. The gas valve will only open if the element draws a very specific amount of electrical current, and the element can be slightly high or low and the valve will not open, even though it seems to be glowing properly.",Negative,Negative,Neutral,Negative,Negative
Not as strong as advertised,Neutral,Negative,Positive,Positive,Positive
Like others have said the pressure markings are for decoration and have no basis in reality. This must be used with a pressure gage if you want to ensure accuracy.,Neutral,Negative,Positive,Neutral,Neutral
"Found that a couple months after I put these into my vehicle they had loosened and were no longer tight. BE AWARE! They screw tight initially, but you may want to check them later to make sure they stay tight!",Neutral,Positive,Neutral,Neutral,Neutral
Tubing is very thin.,Neutral,Neutral,Negative,Neutral,Neutral
"12/1/15 UPDATE - Raising My Most Recent Review From 1 Star To 3 Stars. Excellent Seller issued me an instant full refund when I told them I got a bad roll of TAPE. 11/14/15 Major Revised Review Downgrade After Application And 2 Day Observation - A Minus Zero Star Product For The $8.50 Price Tag. NO JOKE - TURNS OUT THIS TAPE IS WORSE QUALITY THAN TAPE I PURCHASED FROM THE 99 STORE. Thin, Flimsy, Dull Non-Vibrant Color, and worst all it's so paper thin you can see through it after application - DEFINITELY NOT DURABLE!! I PAID Top Dollar for the Scotch brand and the roll of TAPE I PAID FOR was terrible quality. So thin you can see through it after applied - so needed to apply an additional layer over the original. Just finished using the Duck Brand for my first time. I Ordered The Scotch Brand Durable & Duck Brand Heavy Duty tape both in white to patch up a repair on my old white caravan. I got the Scotch thinking it would be much better and stronger than the Duck brand. WRONG - Turns out the Duck Brand was thicker, stronger, stickier, and the white color was much brighter! TERRIBLE PURCHASE - DO NOT RECOMMEND AT ALL. So thin you can see through it. The Dollar Store has better quality TAPE.",Neutral,Negative,Negative,Negative,Negative
"Some rolls are clearly defective -- possibly how they're stored at the warehouse or how they're manufactured. I unroll 1 roll of this, fast or slow, work fine -- takes some practice to apply, but no issues. Next roll -- edges cling to the roll, and it unrolls uneven and totally unusable, no difference with roll appearance, same packaging. I ordered 2 -- one was perfectly fine, the other I tried a few feet, and I couldn't get to a spot where it looked like it would be OK. I guess buy 2 hope 1 of them is OK.",Neutral,Positive,Neutral,Negative,Negative
came used????,Neutral,Neutral,Neutral,Neutral,Neutral
Stopped working after 2 months with new battery.,Neutral,Negative,Positive,Neutral,Neutral
It's a great starter unit. The magnet and clip unfortunately is not that strong and my unit fell twice already. Other then that it's very easy to reach. I ended up purchasing another just to see if there's any difference. Will update at a later time.,Neutral,Positive,Positive,Neutral,Neutral
"The things I love about this vacuum--- -The one/off is easy to find and reach -The brushes can be turned off with a switch -The brushes turn off automatically when in the full upright position so it isn't wearing our the carpet or brush head when using attachments. -the attachments are great for cleaning up dog hair, the beater one has teeth to loosen hair and the other one has rubber to loosen the hair and vac it up. -- The collection cup is easy to empty and the one filter is very easy to clean (not sure about the others yet, I will have to post back later on that) -- The cord is almost long enough for me, it is short about 2 feet but I could live with that, I didn't measure it and I don't find a reference on the description. -- it is reasonably light weight, I wouldn't want to carry it around all the time but it is doable to take up stairs or something Things I hate--- -This vac doesn't have a lock midway, it is either full upright or low lock for going under furniture, this i find completely unacceptable to me because I have some things I need to get over the hump in between rooms and i vacuum a couple rug runners and need to lift the machine. The way this machine is set up I have to man handle it and lift the entire machine or put it in the full upright to get over it. This is very cumbersome to me. Other people may find it acceptable but I don't. -- It doesn't clean the floor as well as my BISSELL 67F8 Rewind Premier Pet does. I get more pet hair picked up with the 67F8 --The attachment on the left falls off all the time -- The stretch hose is not long enough and with the attachments on it still isn't long enough",Neutral,Positive,Positive,Neutral,Neutral
"Meh, its just ok, not sticky enough for me.",Neutral,Positive,Positive,Neutral,Neutral
"Good solvent, but I really don't love the container. There's a metal inner lid that you have to somehow cut to remove. I ended up damaging the rim so the can leaks now. Also, pouring from this tin is a pain, drips and slurps everywhere. Maybe I'm missing something, but for the hobbyist like me (who doesn't open a lot of this kind of jug) I can certainly imagine an easier to use/pour/seal container.",Neutral,Negative,Positive,Neutral,Neutral
"Was not quite as durable as I hoped. I can't ding it too much because I put it in a high-friction application, and it quickly came off. Seems like a decent product, but don't expect it to have the durability of a rubber dip or close to a adhesive coating.",Neutral,Positive,Positive,Neutral,Neutral
"These are ok, I would not use these unless there was nothing else and this was the best I could do. We use these as emergency back-ups just in case items. If you have issues with small print, then these will be all but useless to you unless you have a magnifying glass to see the readings",Neutral,Negative,Neutral,Neutral,Neutral
Will not cover 5 Gallon trash cans.,Neutral,Neutral,Neutral,Neutral,Neutral
Some hold good and some does not (leather),Neutral,Positive,Positive,Neutral,Neutral
Did NOT remove enamel paint graffiti from a sidewalk. Though it did clean the sidewalk such that the graffiti is now much more visible. I used a wire brush and this stuff and it was mainly the wire brush doing all the work. Luckily I have not had to use it on the fence yet.,Neutral,Positive,Positive,Neutral,Neutral
"It's not as big of a dispenser as you would think. Yes, it will go a long way, but be prepared to look for this tiny, itty bitty thing floating somewhere at the bottom of the box. But I guess they're all that way -- very small syringes of good stuff.",Neutral,Positive,Neutral,Neutral,Neutral
"Great price. Not as waterproof as silicon, but equally effective in sealing cracks and staving off leaks.",Neutral,Positive,Positive,Positive,Positive
"Not too fond of this melon/cucumber scent. Will stick to lavender from now on. However, it is truly effective at eliminating bad odors.",Neutral,Negative,Neutral,Neutral,Neutral
"I like this, get leads from a BNC to connect as needed. the BNC connector isn't so good, no spring or swivel, which is frustrating. But it works well, suitable separation of connectors, easy to work with. Shame the wires are not longer. And that the BNC plug is not better. But all in, not a bad piece of kit",Neutral,Positive,Positive,Positive,Positive
"This is an update to a review I posted. My most recent purchase of the PLA PRO was not as successful, perhaps it's just a marginal batch? On my direct drive Makergear M2 I have been experiencing repeated jams. This is a machine that has been super reliable up until now. I cleaned the path, adjusted the gripper, replaced the nozzle -- in short everything one does with a clogged path. Then on the next run it would jam again 1/2 way through the job. I went back to Hatchbox and the same job has already run perfectly (as always). I wonder if the quality control at eSun isn't what it ought to be. Here's my original review: I've been shopping the various $20 (give or take) PLA products, been mostly using Hatchbox. Until now. This latest release from eSun is the most consistently good PLA I've seen, comparing favorably with some $40/kg PLA that my school uses. I also particularly like the fact that the finished parts have more of a satin finish rather than that excessively glossy finish I get with all of the other brands I've used. When I say consistent, I mean that when I print a part there's almost no uneven streaking on the sides of the part. At this point the output is getting very close to injection molded. My congrats to eSun, they have a long-term customer assuming they don't mess up. Highly recommend.",Neutral,Positive,Positive,Neutral,Neutral
"disposable tweezers, we will use for window tinting and use with plotter",Neutral,Neutral,Neutral,Neutral,Neutral
"First of all the tape is thin, not like the older Duct tape I remember. Second it is very sticky and takes a little effort to unwind. Because it is thin it does rip very easily.",Neutral,Positive,Neutral,Neutral,Neutral
"I think spray can lubes just arnt for me. Tend to be too much waste and for the price, sure isn't a good deal. There are plenty of recipes on the internet for making more efficient lubes that even if you do waste some won't knock your wallet out.",Neutral,Negative,Positive,Neutral,Neutral
scans good but software sucks,Neutral,Negative,Positive,Neutral,Neutral
Packaging was split open. Almost as cheap as the nails appear to be,Neutral,Neutral,Positive,Neutral,Neutral
"My older nailer needs these 28 deg nails. These are brand as far as I can tell. Did not compare homedepot price but for these, driving to the store may be cheaper. For some heavy items, Amazon price is ridiculous.",Neutral,Negative,Neutral,Neutral,Neutral
Spools unwind more then needed causing jam ups.,Neutral,Neutral,Positive,Neutral,Neutral
"could be a little heavier duty, I'd pay more....It's saves your back",Neutral,Negative,Neutral,Neutral,Neutral
I purchased 3 of these but they don't always show the same readings even when placed in an airtight container. I didn't realize the min humidity reading is 16% so if it is lower than that it will jump around between 16% and 21%. For a few dollars more their higher model works much better:&nbsp; AcuRite 01083 Pro Accuracy Indoor Temperature and Humidity Monitor,Neutral,Negative,Positive,Neutral,Neutral
"Not sure the humidity detector is working....it has registered the same humidity, 16%, everyday for the first week. It is winter, but that seems unlikely. I feel quite disappointed. I have it sitting next to another brand of humidity/temp monitor and they are both registering different values! UHG",Neutral,Negative,Negative,Neutral,Neutral
"As all products that are not made in the USA, I can only give this product 3 stars. These could easly be made in the USA.. Shame on Fluke!",Neutral,Negative,Neutral,Negative,Negative
"The caliper functions after using an SR43 battery rather than the SR44 size that it came with. It was difficult to close the battery compartment and when it did close using the SR44, the LCD would not operate. Using a slightly thinner batter did the trick, but that was another step. Also these would do well to use lithium batteries rather than silver oxide for improved shelf life. Having read the reviews and with a price at $25, one should not expect the caliper area to be constructed from titanium.",Neutral,Positive,Negative,Neutral,Neutral
"Title is a bit misleading, Says Metal J-Head. I was expecting an all metal hot end. The one received had a PTFE sleeve in the heatbreak and it is bent at the bottom which will promote clogging. No matter, I have some all metal heat barrels and then this will work perfectly. Also, if you want to use this in a bowden setup you'll need a m6 threaded bowden connector.",Neutral,Positive,Positive,Neutral,Neutral
The steel was as advertised. And came in a rust inhibitor paper sleeve. But the round was shipped in a larger package unprotected from damage. Package came damaged with several other rounds. A larger order would have resulted in loss of product.,Neutral,Negative,Neutral,Negative,Negative
As described.,Neutral,Neutral,Neutral,Neutral,Neutral
"iOS version review. 3 stars for now 12/19 I received the iOS version today, and used it with an iPhone 5 on the latest iOS version. pros: - size. it's tiny - seems very solid. But there's one moving part inside, the shutter for the lens to do the calibration. So a solid external case doesn't mean this should be dropped on the ground. - relatively high resolution (really high for the price) - price (from manufacturer). - value for this price. - no need for a battery. This uses the phone's battery. It's both a plus and a minus, but as long as your phone is charged, you can use the device without first charging an extra battery... - nice packaging, great carrying case included. cons: - noise level is quite high. (i.e. somewhat low quality images) - no spec about the sensitivity. i.e. does it detect a difference of 0.20 degrees C? 0.15? 0.10? better? Flir and other give that data, not Seek Thermal. IF the sensitivity is pretty bad, that can also explain the noise level. - big gradient on the screen. say point it at the floor. On my device (same on so many others), the bottom left corner will be about 6-7F warmer than the top right corner. Point at the floor and move around so now what was top is bottom, but you point at the same area on the floor. Same difference between lower left of the screen and top right of the screen. (you can turn any direction, the same difference will exist). So far, some tech guys on a forum seem to have found that to be an issue with the shutter (the clicking noise every second) that might not close fully/perfectly on top of the sensor. so each time the shutter closes to calibrate the sensor, the sensor would calibrate on something that is a gradient of temperature, therefore applying it to the image that is later on measured. IF that gradient is mostly identical between devices, the opposite gradient could be applied by software, at least for the photos. For videos, that might take too much time/calculations. Either way, this is a major issue with what is otherwise a great product. If Seeks Thermal fixes it, more stars will be added. Else, the reviews will be bad and the device eventually sell poorly . I would have expected the factory calibration procedures to take care of that. Hopefully every device was calibrated and the numbers are stored in each device already to enable a good software fix. If not, let's hope the SDK comes out quickly (and not just for Android but for iOS). - the software is below alpha quality for now on iOS. (and Android reports are not much better). For instance: there is no way to set the emissivity of materials. This is basic stuff for IR cameras and knowing what it uses would at least be the minimum. Changing it would come next. The Android version seems to have the feature but some folks claim changing the settings does nothing. It's not clear how much the users understand that concept and the limitations / physics of IR cameras... Taking photos doesn't seem to work, there is no feedback most of the time, but in fact the photos are taken ""most of the time"". They just do not reflect in the gallery miniature. Videos recording: one out of 4 or 5 times, I will get a message that the video failed to be saved. I've over 5GB of free space... So not being able to save a video mean some wasted time. (solution: save often by stop recording, then start again so not as much time is wasted to redo the measurements). Measure of the temperature where the user touches on the screen would be great. We have touch screens for a reason :-). Center temperature is ok, but if you attache the phone on a tripod, being able to check the temperature of something by just touching the screen would be great instead of moving the camera. The ability to display the temperature scale in use would be great. If one uses min-max points displayed, given the 6F to 7F artificial gradient, the extremes are quite useless when what is measured is not much warmer than the ambient temperature. i.e. if the temp difference is less than 7F, the extremes will be top right and bottom left of the screen. Displaying the temp band in use would help a lot with post-processing on desktop computer. The ability to pick (and force) the temperature range used (i.e. what colors represent) would also be great. For instance if you are looking at insulation problems but have a light bulb nearby, the temperature of the light bulb will set the max temperature on the display to a high value, and you will miss the small subtle temperature changes as there are only so many colors in a given palette. While this is an advanced user function, it could be behind an 'advanced' menu. - the number of logon credentials with Thermal is surprising. You create an account when buying there. Then you need a different account to post a question to their faq/support site. Then on the device you find out that you need to create some new credentials. At the very least I found that some special characters will result in the username/password to not be accepted. So you need something ""quite simple"". If you wanted to hack the app, you could start with some code injection through the password. Hopefully their site will be better protected. - the help in the app is useless. It's mostly showing the same images one has on the web site. - support forums: what support forums? There are very few FAQ, and that's about it. Any question has to be approved, and so far they do not seem to approve new stuff. I'm hoping for an open forum (with moderators, but not censors) soon. The is such a joke that on their support page they have 0 feature requests, and 0 questions. Really? The reality is that they have not approved anything to be posted. So start at 5 stars, remove 1.5 for the sensor gradient problem. Then 1 more star for the software not progressing fast enough (Android SW was out for a while. I know Apple take a long time to approve apps, but GooglePlay is fast), as well as the absence of good forums. I rounded it up to 3 stars :-) This is a new product, from what seems to be a new company, so I expect some pain/growing pains, and I'm looking forward to increase the rating here as they fix the problems. [review edit: I'm trying to add the photos, but maybe it's only possible with the initial review?]",Neutral,Positive,Positive,Neutral,Neutral
ok,Neutral,Positive,Positive,Neutral,Neutral
"Just what I needed, and Good to Keep Around.",Neutral,Positive,Positive,Positive,Positive
"Good value for the money but made to fit tightly. I haven't bought these in a while, but the connectors I had (I think made in USA) had smoother connection mechanism, almost loose feeling, but no leak. These fit tight to each other and there is no movement, but I wonder how well they will keep the seal when they become worn. At these prices, however, they are good value.",Neutral,Positive,Positive,Neutral,Neutral
Be careful. The glass does not fit to the bottom of the base and gets squeezed up out of the base and can fall over. The base design isn't quite there. Otherwise OK. My quick fix for the base was rubber bands wrapped around it.,Neutral,Negative,Negative,Neutral,Neutral
"Very adequate as a light. It takes a few seconds to come on after the switch is thrown. The cord supplied is not long enough, and does not lend itself to being replaced with a longer one inside the lamp. So I had to extend it with a splice that is exposed to the elements.",Neutral,Positive,Positive,Neutral,Neutral
Seems to take way more heat than others I have bought---Is a problem when I am using it on plastics.,Neutral,Negative,Positive,Neutral,Neutral
"They worked Great when I could crimp my wire fully. most of the time I would have to hook my wire in order for it to catch. once they did catch it was quite nice not having to solder the wires. But, I would recommend just buying a soldering gun and doing that way, provides a much better result. Overall they are useful and nice to have around.",Neutral,Positive,Positive,Positive,Positive
"This review is for the 32 ounce size, which is priced at about $17 as I write this review. Chlorine dioxide is a very effective virucide, fungicide, deodorizer, sanitizer, etc. I have been using chlorine dioxide sprays for years and much prefer them to bleach solutions, and other broad spectrum antimicrobials. But I have a couple of concerns about Performacide. My first problem is that a quart just doesnt fit into my use patterns and the way this Performacide is mixed doesnt allow for any flexibility. The instructions tell you not to open the pre-measured pouch. You just place the long, slim, sealed paper container into the spray bottle along with 32 ounces of water. Over the next hour, the sodium chlorite and other ingredients react to become chlorine dioxide. Once the chlorine dioxide is activated, the Performacide has to be used within 15 days. So, in planning your use of this product, you have to remember to allow an hour for the solution to activate and you have to remember to use it up within about two weeks. My need for a solution like this is either for a large amount (several gallons in the chicken coop) or for a very small amount (an ounce or so in the house cleaning up after the dog and cats). So the lack of flexibility in amount prepared and requirement to use it up within a couple of weeks don't work for me. My second concern is about price, which I ordinarily would not mention. You can do price comparisons as well as I can and prices on Amazon change regularly anyway. But it was not easy for me to find a chlorine dioxide spray that could be activated in varying quantities and is reasonably priced, so I want to bring your attention to Oxine AH (available on Amazon, etc.). Just like Performacide, Oxine begins as sodium chlorite and gets activated into chlorine dioxide and diluted as your needs dictate. But Oxine is available in a gallon container that can be activated and diluted to produce the equivalent of 780 quarts of Performacide. All for the price of about two quarts of Performacide. If you have a big project, or smaller projects that must be done periodically, the Oxine creates quite a savings. I like both products, although I prefer a multi-gallon sprayer with an easily activated wand rather than a hand-tiring trigger sprayer like Performacide provides. And both products require a great deal of caution in their use. Note that Performacide warns on the side of the bottle, among other things, that This product is not to be used in households or anywhere young children may be present. Finally, its essential to familiarize yourself with the OSHA and NIOSH standards for using the products.",Neutral,Positive,Neutral,Neutral,Neutral
Bad warping issues but can be solved with heated bed,Neutral,Positive,Negative,Neutral,Neutral
"We get a wide assortment of peghooks in this pack: 4x 4"" single bars 4x 2"" single bars 2x 2"" double bars 6x 1 "" curved hooks 6x 1 "" angled hooks 6x "" angled hooks I actually went out and bought a pegboard to go with these peghooks. While most of them fit, some gave me problems. The angled hooks insert into two vertically aligned holes. Three of the six small hooks did not fit the pegboard because the bottom bar was set too low and missed the lower peg hole. The curved peg hooks also used two vertically aligned holes. Although they all went in, five of the six curved hooks did not sit flush with the pegboard. The rest of the peghooks fit. Yet, eight out of twenty-eight, that's a 28% failure rate. It doesn't bode well for quality control.",Neutral,Negative,Neutral,Negative,Negative
Good tool. I can see areas that I couldn't see before.,Neutral,Positive,Positive,Positive,Positive
ok,Neutral,Positive,Positive,Neutral,Neutral
"The fist thing I printed with this was a spool holder to mount this spool on my Afinia printer. These spools are cardboard with an odd center, it has a ridge in the middle of the spool so you need a notch in your spool holder. I posted the holder I designed on Thingiverse (add /thing:99383 after the URL, I can't post a link here), feel free to use or modify as you need. Anyway, the sides of the spool are right at the level of the filament so as someone else mentioned, it tends to fall off the spool (as seen in the product photo). I left it alone for an hour last night and it tied itself around the spool holder and jammed up. I had to toss a couple of hours of printing but luckily the nozzle is ok. The filament seems to print ok, maybe not quite as nice as the other brands of filament I've used. I'm using the low temperature setting on the Afina (I have this on the printer&nbsp; Extruder Nozzle Temperature Switch for Afinia and UP! 3D Printers ). [update] After printing about half the spool worth, I'd say this filament is inferior to some premium filament I have, but there's a chance that it needs a different temperature than normal ABS. In any case, other brands are about the same price and work better for me so I will switch to them.",Neutral,Positive,Positive,Neutral,Neutral
"I have not used it yet but it looks to made okay. The reason I haven't used it yet is because I thought it came with 90 degree 1/4 tube fitting as in the picture, it doesn't. They should omit the fitting on the image and it is a 1/8th NPT not 1/4 inlet as stated on the page .You will need a 1/8th pipe to 1/4 tube fitting which is the common size for R.O systems.",Neutral,Positive,Positive,Neutral,Neutral
"Only three stars because in my opinion this is a typical auto return micro switch or a momentary contact switch. It is NOT what I would call a snap action switch. That type should stay in what ever position it was switch to and not jump back when pressure is removed. Construction and quality appear to be there if you are looking for a ""momentary contact"" switch with a long arm.",Neutral,Negative,Neutral,Neutral,Neutral
"used once and then it was done, dried up.",Neutral,Neutral,Negative,Neutral,Neutral
This does the job but only good for lower current work,Neutral,Positive,Positive,Positive,Positive
Much smaller than I had expected but they work fine,Neutral,Positive,Positive,Neutral,Neutral
"I should have washed the grease out of the open swivel bearings before installation. The grease quickly picks up grit and dirt which makes the swivel bearings very rough and notchy. All the swivel casters I've ever owned have had dry swivel bearings, now I see why. Ed",Neutral,Negative,Neutral,Neutral,Neutral
"These Hamburger Patty Papers work as described. I use for freshly cut cheese slices, lunch meat, canadian bacon and hamburger patties or anything I want to separate and freeze.",Positive,Positive,Positive,Positive,Positive
Exactly as described.,Positive,Neutral,Positive,Positive,Positive
thanks i cant wait to use it i just got it a few days ago and haven't had time to use it thanks,Positive,Positive,Neutral,Positive,Positive
Item as described arrived on time thanks.,Positive,Positive,Positive,Positive,Positive
Awesome product,Positive,Positive,Positive,Positive,Positive
good and works as expected,Positive,Positive,Positive,Positive,Positive
Nicely made. Good for rolling things around you can't lift. Easy to take around with the handle slots. Non-marking wheels.,Positive,Positive,Positive,Positive,Positive
"They work with my Fluke 116. They do not however fit into the recesses on the back of the yellow ""case"" like the ones that came with the meter do.",Positive,Positive,Positive,Neutral,Neutral
"This worked great in my flash forge. I ran at 225 C and 115 bed temperature, no warp and great adhesion. I have had trouble with some colors of hatch of material being soft and payable after printing but not this reel.",Positive,Positive,Positive,Positive,Positive
Really handy for woodworking too!,Positive,Neutral,Positive,Positive,Positive
"Fit and finish looks to be Chinese, but this scope is well designed, has simple construction, and has easy to replace or clean parts. The light is bright and neutral, with no bluish tint. It works great as a lighted magnifier if you unscrew the end that the speculum attaches to. The button has a solid click. Overall a pretty good otoscope for the money.",Positive,Positive,Positive,Positive,Positive
"Good product, super price.",Positive,Positive,Positive,Positive,Positive
These are handy to have when you do a lot of automotive installs.,Positive,Neutral,Positive,Positive,Positive
great deal,Positive,Positive,Positive,Positive,Positive
"Cheap and usable. They are not fragile, but the tip design makes it hard to use.",Positive,Negative,Neutral,Positive,Positive
Came as it was listed. Good.,Positive,Positive,Positive,Neutral,Neutral
"Get it if you have rotted wood. It works. Then, fill in the material that has been rotten and build it back up with their epoxy fix.",Positive,Negative,Neutral,Negative,Negative
Got nothing to complaint here. The quality of the product is top notch as usual.,Positive,Positive,Neutral,Positive,Positive
Works good.,Positive,Positive,Positive,Positive,Positive
"In my kitchen, we've been using an old paper shredder bin as a trashcan for at least 15 years. A holiday guest using my kitchen observed that the bin was way too small and inefficient, so I bought this trashcan on Amazon to replace it. Turns out she was right. This Rubbermaid trash can is rectangular and slim, and takes up less floor space even though it holds way more trash than the old one.",Positive,Positive,Neutral,Positive,Positive
"Great devices and very accurate. First I like to add that I purchased 4 and 1 our of the four is defective and I can't get up with the seller to exchange. We place these around the house to figure out which rooms are warmer or cooler, then we can adjust the dampers accordingly to balance the temperature between the rooms. The unit requires 1 AA battery which seem to last forever. We purchased 3 units about 3 years ago and the battery is still going strong. If you want an exchangeable product just in case you purchase a defective item, be sure to watch for prime.",Positive,Positive,Positive,Positive,Positive
"LEDs are really bright...wish the operator was too! Had to replace the batteries after one ""extended"" use. Have to remember to turn it off!",Positive,Positive,Positive,Neutral,Neutral
I do an extensive bit of volunteer mower repair for my neighbors so I ordered this spool of high quality fuel line hose. I validated upon receipt that this hose has an outstanding quality. It is the perfect replacement for nearly all gasoline fuel hoses.,Positive,Positive,Positive,Positive,Positive
"This is the best superglue I've ever used. Has the consistency of a gel so it stays where you put it instead of dripping off the project onto your knee. It's as sticky as any other cheap superglue you'd buy. The difference with this product is that while those cheap-o super glues always seem to dry up after only one or two uses, the innovative design of this dispenser means you can use 100% of the glue in the bottle. It does not dry out before you've had a chance to use it. And that makes the cheap-o glues actually more expensive.",Positive,Positive,Positive,Positive,Positive
"Most amazing black, but use a filter because atmospheric dust will cling to it like cray cray! I only removed a star because my spool was pretty tangled.",Positive,Positive,Positive,Positive,Positive
"I tried Hatchbox PLA and loved it (200C). Tried the PETG and loved it (250C). Both filaments work much better than my other higher priced, big name filament. Color is fantastic. I am definitely ordering more. I am considering throwing my other filament away (some of it anyway).",Positive,Positive,Positive,Positive,Positive
"I don't know why but these clean better than tissue for eyeglasses, personal electronics, etc. Good stuff.",Positive,Positive,Positive,Positive,Positive
I used these as props on stage for a science demonstration [for 4th - 8th graders] . Worked perfectly.,Positive,Positive,Positive,Positive,Positive
Was thrilled to find this part. Saved me alot of money.,Positive,Positive,Positive,Positive,Positive
Easy to use. Great quality. The only thing I don't like about the Finder is that it takes up a huge amount of space given the bed size. I've also noticed that the software that it comes with estimates the print time poorly. It always estimates too low.,Positive,Positive,Positive,Positive,Positive
great product,Positive,Positive,Positive,Positive,Positive
it is what it is caution tape,Positive,Neutral,Neutral,Positive,Positive
"Nice pink color, this is what i wanted. I will print a object with this filament and upload a pic soon. :)",Positive,Positive,Positive,Positive,Positive
"I used this as a mold for gelatin based ""noodles"". It worked well for this, used an irrigation syringe to expel them without issue.",Positive,Negative,Neutral,Positive,Positive
quality fasteners don't strip easily and the case works well,Positive,Neutral,Positive,Positive,Positive
Best reflective tape I've ordered. I ordered this tape after I received a 3200 yellow & I researched the 3M website & discovered the significant differences between the series.,Positive,Positive,Positive,Positive,Positive
Great glue!,Positive,Positive,Positive,Positive,Positive
"Bought two spare sets of these, a lifetime supply without having to ever order again.",Positive,Neutral,Neutral,Positive,Positive
"These magnets are the strongest I have ever tried to work with, which is what I wanted. The unexpected danger is that they are extremely brittle and can SHATTER ! No, they don't crack or break, the shatter like glass. I took them apart to exam the holes and planned to mount them. However, when I tried to put them together again, they snapped shut and pinched my fingers, causing me to bleed. The wound took weeks to heal",Positive,Negative,Neutral,Negative,Negative
"As microscope slides and coverslips go, they do what they should. I use them for hobby microscopy. The edges and corners are not finished very well, but they are not sharp either (no cuts yet). Don't expect them to be squeaky clean at this price - they have a little paper lint, and something a bit tacky, on the surfaces - a good rub with a little alcohol on a Kimwipe or microfiber is needed before using. The little plastic container that holds the coverslips isn't quite deep enough, so watch out when you first open it, or the top 10 or so will fall right on the floor. It's kinda hard to get apart, so be careful. One might wish they'd make the coverslips really .17mm like microscope objective lenses are designed for (not some wide range like .12-.17), but at least they cost a lot less than lab-grade slides. Will likely order same brand again when needed.",Positive,Positive,Neutral,Neutral,Neutral
Very good quality.,Positive,Positive,Positive,Positive,Positive
Working great so far. Replaced my ssr with these. Really simple.,Positive,Positive,Positive,Positive,Positive
"Very nice valve. I believe it is made in the USA. It is full port (no flow restriction) unlike many similar appearing valves. The handle is die-cast metal, not the cheap plastic found on inferior valves. I mounted it on a Porter Cable pancake compressor to replace the lousy screw-style drain valve that was leaking. This is so much better! (I used a 90 degree fitting for bottom clearance based on a prior reviewer's issue, but it might have been OK without the 90 degree fitting.) I just ordered another for my big compressor in the shop. This is the valve to get!",Positive,Positive,Positive,Neutral,Neutral
Amazing value. Great vaccuum. Worth much more than it's cost with it's features. Easy to use and maintain.,Positive,Positive,Positive,Positive,Positive
handle could be better/thicker/ easier to grab with gloves on,Positive,Positive,Positive,Neutral,Neutral
Easy soldering.,Positive,Positive,Positive,Positive,Positive
The items arrived on time and work as expected.,Positive,Neutral,Neutral,Positive,Positive
"Almost perfect for entry from back yard. The texture is great for cleaning mud and leaves off my shoes, and the rubberized bottom looks like it won't hurt my hardwood floor. Only reason I am taking off 1 star is because the color is closer to orange than brown so the color is a bit off. That said, it does what I need it to do so I will live with the orange rug that should have been brown.",Positive,Positive,Positive,Positive,Positive
"Love it love it .love the shiny printed finish from my Ender 3, Ender 4, Cr10S.",Positive,Positive,Positive,Positive,Positive
good products,Positive,Positive,Positive,Positive,Positive
"Works as it should, used a sheet to apply a sheet of PEI to my 3D printer's bed.",Positive,Neutral,Neutral,Positive,Positive
nice,Positive,Positive,Positive,Positive,Positive
"I thought I was only buying the RAMPS, 4 Stepsticks, and their heatsinks, but the package also included the iduino (Arduino clone). This is the entire print controller! Just add motors, sensors, and a hotend and you can build a printer. Hooked it up, and my Prusa i3 works as expected. CAUTION: The heatsinks do not come with adhesive or heatsink compound, so you'll have to get something to stick them on with. Do this carefully. A loose heatsink can move and short out the pins of the Stepstick which will fry the RAMPS, Stepsticks, and motors.",Positive,Negative,Neutral,Negative,Negative
I used this for extra cable to go from my NMO mount to my amplifier for my amateur radio. Good product especially for those Hams and the truck mount NMO antenna mounts.,Positive,Positive,Positive,Positive,Positive
"Needed a food save lubricant for the pressing screw on my cider press. Straight mineral oil was too viscous, but this fit the bill perfectly, keeping to the shaft and not into the mash.",Positive,Positive,Positive,Positive,Positive
"Works great, no problems.",Positive,Positive,Positive,Positive,Positive
"It has been a few years since I've used a tooth whitening product, mostly because I dreaded the aftermath iofsensitve teeth and sore gums. I decided to give this Crest 3D kit a try. While it definitely is less harsh than other methods/brands, I still feel some sensitivity as I near the end of the course. I noticed whiter teeth starting on the 3rd day despite these strips not being as strong or as whitening as traditional kinds. You use these over a longer period than you would with other kinds. I love that these stick to my teeth and don't slip around in my mouth during the 30 minutes per day of wear. They even require some effort to get off. Perhaps because these are sold as a ""gentle"" course, the strips don't have tons of ooze. These work, just not as well as stronger kinds, but the more gentle formulation is easiest on the teeth and gums. -- Debbie Lee Wesselmann",Positive,Positive,Neutral,Neutral,Neutral
"I had never heard of backer rod. When we had to do a lot of caulking, I found out about it. HUGE home run. I used to just keep filling cracks with caulk til they ""filled up"". Now I ram this stuff in first, and then caulk over it. Saves super big on caulk costs. Easy to use. Just pull off what you need and ram it into the crack with a scraper. I got three sizes - kind of a small, medium, and large for different sized cracks. I got the 100' roll thinking ""I'll have that forever"" but you go through it faster than you would think.",Positive,Positive,Positive,Neutral,Neutral
"this is a good item gave it 5 starts , it works well i would buy this again as needed",Positive,Positive,Positive,Positive,Positive
very strong. better than most,Positive,Positive,Positive,Positive,Positive
Arrived perfectly straight.,Positive,Positive,Positive,Positive,Positive
it seals as it should,Positive,Neutral,Neutral,Positive,Positive
Worked Great,Positive,Positive,Positive,Positive,Positive
yeah I put the stuff under and around my window when I install the window AC unit each summer. It fills the gaps created by inconsistencies in my old 1948 windows without exception!,Positive,Positive,Neutral,Positive,Positive
Great device,Positive,Positive,Positive,Positive,Positive
"these work great, no trouble. Long leads.",Positive,Positive,Positive,Positive,Positive
"I own a 12"" Brown & Sharpe caliper in thousandths of an inch, which looks and feels like the sort of instrument a company like Apple or Mercedes would produce. A great deal of thought went into its design, and you can see it in the details. This caliper by Oshlun is not of that caliber, but it is extremely good and works without flaw. Its accuracy is absolute. More than one reviewer commented that the feel was not right. One said it was gravely, and another said there was a ""hump"" in the action. I experience neither. The action is silky smooth without any rough spots over its entire range. The needle always goes back to zero. (the dial is adjustable if for some reason it needs it) In fact, the instrument seems to be an exact copy of one by Fowler (in .02 mm markings), but this one is in fractions of an inch. It copies the better instrument very closely, with only a few differences, but those differences are enough to feel that it's not in the same class as those more expensive instruments. It's about half the price, too. So, what we have is an instrument that looks and almost feels like those costing twice as much to 5 times as much, and is really just as accurate as those. It has sharper corners, more likely to snag something, and maybe ever so slightly less ""tight"" in its action, but it is still very smooth, very well-machined, and does not disappoint. If I did not have the more expensive instruments with which to compare it, I would never know that it was possible to make one better. What I'm saying is that this is a fine measuring tool that will never wear out, always will measure accurately, and will not disappoint. It is impressive to see, to hold, and to use. There is no reason to avoid it; it's a fine tool for a good price. It requires no batteries, and its dial is always easy to read. It also has tenths of an inch on its scale, so it's a dual-scale device. It also has millimeters on the shaft, but not on the dial. I use this a lot, in spite of the finer calipers I own. I'm not afraid to drop it or use it where it could get dirty, because it's NOT the more expensive one. And... the results are exactly the same as if I were using the Brown & Sharpe. I guess the Brown & Sharpe reads more accurately, since its scale is 10 times the sensitivity of this one, but this is still a great instrument.",Positive,Positive,Positive,Neutral,Neutral
"Works with Flashforge Creator (mine is the older, wooden model with dual extruders). They are around 0.2 or 0.3mm (pulling that number from memory) longer than the factory installed extruders, so I'd recommend replacing both at the same time. Otherwise, you'll have some trouble using them both without either impacting the bed with the longer extruder or not getting close enough with the shorted extruder.",Positive,Positive,Neutral,Negative,Negative
"I use these gloves for many things but mostly for gun cleaning, reloading, plumbing and some automotive under the hood stuff. I have tried many gloves over the years and these have been the best I have found! They are very strong, not prone to tear and will take a great amount of abuse. I even reuse them for multi times; try that with other gloves. They are not so thick that it limits dexterity, just slightly thicker than standard medical gloves, yet tough. My are large, but more described as stout; most gloves tear just putting them on, but these don't. I highly recommend them for anyone needing gloves that are designed for work and not the ""office"" environment; these will work for you!",Positive,Positive,Positive,Positive,Positive
fantastic deal. excellent adhesion and reflectivity,Positive,Positive,Positive,Positive,Positive
"great little vacuum, fantastic for pet owners",Positive,Positive,Positive,Positive,Positive
Nice.,Positive,Positive,Positive,Positive,Positive
Very good value. All units are complete and threads look great. Recommended,Positive,Positive,Positive,Positive,Positive
Lots of fun,Positive,Positive,Positive,Positive,Positive
As advertised,Positive,Neutral,Neutral,Positive,Positive
"It's good, seems like the DC current clamp gauge 'dances' quite a bit despite being zero'd. But it's accurate enough to find my low current parasitic battery drain, and I can't knock the price. Buy it !",Positive,Positive,Positive,Positive,Positive
"Well made and easily worth $30. I used TotalPack Shrink Wrap: Stretch Film Plastic Wrap 1 Pack - Industrial Strength Hand Stretch Wrap, 15""x 1,500 FT, 80 Gauge Shrink Film / Pallet Wrap - Clear and worked great.",Positive,Positive,Positive,Positive,Positive
"I love this tape. let the homeowners fumble with duct tape, this is serious gaffer tape. my wife uses this when working on set, when she works in production studios on commercial or movie shoots. it sticks where you put it, and comes off, with out destroying surfaces. like magic. I use it for everything. this is commercial grade tape. buy it!",Positive,Positive,Positive,Positive,Positive
Very good quality for the money!,Positive,Positive,Positive,Positive,Positive
"I have used this as a dust mast, and it worked well. I hope that it will work for bird flu and what not. I don't really want to test that part.",Positive,Positive,Positive,Neutral,Neutral
"These are really good; I actually have been using them for crafts and gift tags for Christmas, etc... A very cheap alternative. But this is a HUGE box! They come with a nice, twisty and easy to twist on wire, about 4"" long. Reinforced hole and ""clipped"" end by the wire makes for a much higher quality shipping that than I am used to. Value is GREAT!! Just a box of 50 can go for several dollars; so these are obviously the way to go if you need loads and loads of them.",Positive,Positive,Positive,Positive,Positive
Perfect for ejuice! Nipples are the shorter fat style but for quick shipping and price I'll purchase here again.,Positive,Positive,Positive,Positive,Positive
very good product. works as expected,Positive,Positive,Positive,Positive,Positive
"Good value, nice to have bulk amount around. NOT for fuel injected system use.",Positive,Positive,Positive,Positive,Positive
good,Positive,Positive,Positive,Positive,Positive
They are steel balls..they are what they are.,Positive,Positive,Positive,Positive,Positive
Useful small storage bottles with non-calibrated dropper. Arrived well packaged and in short time.,Positive,Positive,Positive,Positive,Positive
"So far so good. I have printed several items using this PLA. I have no complaints at this point. I have only used about half the spool. The color comes out great and normal PLA settings for all my other PLA has worked with this as well. 210 hot end, and 60 on the bed.",Positive,Positive,Positive,Positive,Positive
Works great for my Wanhao i3 clone printer. Makes for a great surface for the printer.,Positive,Positive,Positive,Positive,Positive
"I live in upstate NY and haven't had a chance to put this to the test yet as much as I really want due to the cold temperatures yet. I did use it on a small spot on my sidewalk one sunny warm day we actually did have and I loved the results. It is very easy to use and also easy mold-able. I am looking forward to using it on the much bigger area I have on my sidewalk that I need to patch. If my results are different than before, I will be back to revise.",Positive,Positive,Positive,Positive,Positive
"These were stockings by stuffers for my granddaughter and me. She is 7 and lives all kinds of toothbrushes. She flosses and brushes twice a day. She has never had a cavity, so she is doing very well. She loves different kinds of toothbrushes, and I thought she would like thiese bright colored brushes. We got bright neon orange and blue, and I gave her the neon blue for her stockings no. She loves fed it thatcwe had the same kind of toothbrush to use. She uses a milder toothpaste, but they were both white. The brush is full size, and it is very soft. I need soft brushes, and this toothbrush is very easy to use. This toothbrush has a suction on tge bottom, if you need to keep your toothbrush upright. This was one of my favorite stocking stuffer of the year. Recommended. prisrob 12-31-16",Positive,Positive,Positive,Positive,Positive
Works great. I ordered the 1/2 inch as well. Nice to have the right size for the job on hand.,Positive,Positive,Positive,Positive,Positive
"All but one worked fine, and I ran one for several hours and had no overheating. I paid around the same price from another vendor for just one, plus $8 shipping! They seem to want to trigger at about 15 milliamps of current, but also seem fine running up to 20 MA, which is as far as I tested them. Being able to focus the beam by turning the bezel is a real plus.",Positive,Positive,Positive,Positive,Positive
Handy for breadboarding electronic projects,Positive,Positive,Positive,Positive,Positive
"Light weight , handy and easy to haul around and use. Stackable, can also be hung on wall for storage Its all plastic, so won't rust, but make sure you don't lreave it in sun light for months at a time.",Positive,Positive,Positive,Positive,Positive
"They work great. Take a little while to start shrinking, but they did as they were supposed to. Will take a while to see if they actually keep liquid out of the repaired outdoor cable though.",Positive,Positive,Positive,Positive,Positive
"Small, easy to read and reliable.",Positive,Positive,Positive,Positive,Positive
"Bigger than expected, puts out good heat with IPA. Must adjust wick quite low to get non-smoky burn, but with a wick this size, that is expected from an alcohol lamp. Work very well. Wish cap had a little grab-handle to make it even better.",Positive,Positive,Positive,Positive,Positive
A good size for a variety of uses. I also use these to wrap power cables together.,Positive,Positive,Positive,Positive,Positive
Very sharp super easy to use great scissors will buy again!,Positive,Positive,Positive,Positive,Positive
I am so happy with the ABS filament but sometimes I have bad results only with this filament. I never had any issue with the black IC3D abs filament. Only with the red one.,Positive,Neutral,Neutral,Negative,Negative
"Good product, as described.",Positive,Positive,Positive,Positive,Positive
Works better than the one that came with my new dewalt table saw.,Positive,Positive,Positive,Positive,Positive
These are awesome! I hate wearing latex gloves but the thickness of these makes them feel more like wearing a normal glove. They are a tough material which even seems resistant to cuts by a sharp knife. I wear these when cleaning my guns and have yet to break a glove. I'm through most of a box and there was just one glove which came with a tear along the side of a finger. All the rest were perfect and haven't torn during use. Will buy more.,Positive,Positive,Positive,Positive,Positive
This has got to be one of the most strong epoxies that I have ever worked with. Very long drying time so plan that into your project. I was using it to secure some threaded inserts in a wood working projects and the holding power is quite impressive.,Positive,Positive,Positive,Positive,Positive
works good,Positive,Positive,Positive,Positive,Positive
Dewalt cut off wheel works well. A little better wear than the cheaper brands. These are thin which makes cutting much easier and faster.,Positive,Positive,Neutral,Positive,Positive
Resistor does as it says. Hard to beat a passive component and to really describe it. Resists current and does their job.,Positive,Positive,Neutral,Positive,Positive
"By far, the best filament I've ever used.",Positive,Positive,Positive,Positive,Positive
"Very heavy duty, commercial grade, flexible cones. I expect these will last for many years.",Positive,Positive,Neutral,Positive,Positive
Works great,Positive,Positive,Positive,Positive,Positive
Good consistent diameter and fair value priced and awesome selection that I can not get locally. Good deal and shipping was fast!,Positive,Positive,Positive,Positive,Positive
"I use this for WD-40 and other workbench oil applications. Works well. The tip could be a little smaller for my tastes when using thinner oils like WD-40, but that's not the product's fault. For me it works well enough. I like it.",Positive,Positive,Neutral,Neutral,Neutral
"Good assortment for a home owner, auto or boat hobbiest Better out there but at a much higher cost",Positive,Positive,Positive,Neutral,Neutral
"They all work great, but I would rather individual packs. Too much of a pain to sort out and then pit back away neatly.",Positive,Positive,Positive,Positive,Positive
BEST CHEAP FILAMENT EVER!!!!!,Positive,Positive,Positive,Positive,Positive
nice little case with a bunch of diffrent sizes. Ill use them up and use the box as a refrence as to what I use most so i can order that size in bulk,Positive,Neutral,Positive,Positive,Positive
"Please be aware these are BLUNT dispensing needles. If you are looking for sharps you will have to look somewhere other than amazon to get a decent deal. If you are looking for a good, basic blunt dispensing needle that can be autoclaved then this is a good choice.",Positive,Positive,Positive,Neutral,Neutral
good,Positive,Positive,Positive,Positive,Positive
Nice set. Needed only two of them now..,Positive,Positive,Positive,Positive,Positive
Gotta have some in your tool box,Positive,Neutral,Neutral,Positive,Positive
They are staples. They hold things down.,Positive,Neutral,Negative,Positive,Positive
Great product.,Positive,Positive,Positive,Positive,Positive
Good light.,Positive,Positive,Positive,Positive,Positive
"Green Chrome Oxide Compound, 6 oz. Very large and I expect would last for a while. My stropping Block needs to be reconditioned with the Green Chrome Oxide Compound, 6 oz. It's worth the cost & shipment to California. I hone my knives useing a Aligner Pro Kit which I also got from Amazon. To get the optimal finish on your sharping needs a good Strop and this product Green Chrome Oxide Compound, 6 oz. will enhance your sharping experice. I recommend you try it for yourself. Amazon is a seller of many of my needs and they delivery. As a Old Timer once said to me. a sharpen Blade is only sharp as the person who sharpens it. The blade reflects the sole of individual.",Positive,Positive,Neutral,Negative,Positive
Great product!,Positive,Positive,Positive,Positive,Positive
Works great and is exactly as described. Well get many years of use!,Positive,Positive,Positive,Positive,Positive
"The color is absolutely beautiful for the blue PETG filament. It really is a pain to get going but once you get your settings dialed in it is smooth sailing from there. We experienced a little bit of burning in our print because we were told online that PETG likes to print slow, we think we slowed it down a little too much because there was some spotting on the first print. The second print came out perfect and after very minimum clean up, the cat bowl looks great.",Positive,Positive,Positive,Positive,Positive
Works as described,Positive,Neutral,Neutral,Positive,Positive
"Strange behavior. Expands as it leaves the nozzle. Filament gets overly soft at high temps and must be hand fed. Max temp for hands-free feed is around 135 C on my machines. Do not let cool in your machine, because it tends to clog Teflon feed tubes. After cleaning immediately follow up with regular filament.",Positive,Neutral,Positive,Neutral,Neutral
Quality heat shrink,Positive,Positive,Positive,Positive,Positive
Good price for a high quality product essential for marine wiring.,Positive,Positive,Positive,Positive,Positive
"I used these on my wheel chair ramp where my power chair would spin out on when wet, that does not happen with these.",Positive,Neutral,Neutral,Positive,Positive
"Good experience, nice and strong",Positive,Positive,Positive,Positive,Positive
Incredibly reliable staple filament that I depend on.,Positive,Neutral,Positive,Positive,Positive
"I just received my 3rdhand contractor pack that I had ordered on 05/17/04. It arrived on 07/17/04.after I cancelled my order through Amazon.com and reordered directly from TOOL CRIB using there 800-635-5140 number it only took 4 days to receive the order. I suggest that if you want a tool from Amazon.com, you order it direct from Tool Crib.",Positive,Negative,Neutral,Negative,Negative
Item is exactly as listed,Positive,Neutral,Positive,Positive,Positive
Really good PLA,Positive,Positive,Positive,Positive,Positive
Perfect for people with bigger hands working on Automotive stuff and dirty areas love is very strong resist tearing great for saving hands keeping clean,Positive,Positive,Positive,Positive,Positive
"Dental quality inspection mirror. It's small, but as advertised .75 inches. I like it a lot for seeing into small spaces utilizing a small flexible flashlight I bought along with this mirror. The use of this mirror and a small flashlight have prevented some near disasters when running wiring in buildings lately.",Positive,Neutral,Negative,Positive,Positive
very pleased works great,Positive,Positive,Positive,Positive,Positive
Good price and average quality. It does have a nice case but I buy them for the drill. Not quite as good as the top of the line ones but at this price it's a good value.,Positive,Positive,Positive,Positive,Positive
"As described and great price, however by the time I received it, I had forgotten that I ordered it.",Positive,Positive,Positive,Positive,Positive
Its a Washer,Positive,Neutral,Neutral,Positive,Positive
"As with all the Temco tube, I like this stuff, it sticks to the wire very well. The stuff shrinks down really good, to about 1/3 of the original size. The only thing that it could be a little thicker, but for wire terminating it is good enough. I have purchased about 10 different sizes now and like it. I receive it in about 3 days or so.",Positive,Positive,Positive,Positive,Positive
"a great deal, they are a bit thin, but i have had non explode on me. i keep them in a CD cake box. i'd get them again.",Positive,Positive,Positive,Positive,Positive
"The first thing I noticed when I open the box is that this machine was made with good quality materials and it is sturdy enough to last for years, while doing harsh cleaning jobs. Its a perfect timing for us because were remodeling our home and there is dust everywhere. But I will be using it all around the year to pick the sand that is all over our place, because we live half a block from the beach. Since this machine functions as a vacuum and as a blower, this year cleaning the front and back porch should be easier. I cant wait to blow away all those leaves instead of sweeping them with a broom. The design in this vacuum is similar to other dry/wet vacuums Id used in the past, in this particular model I like the size of it, the easy way to operate it, and the wheels. Our previous unit didn't have wheels, which was uncomfortable. This Porter-Cable wet dry vacuum comes with useful accessories like wide extension wands, a disposable dust bag, floor nozzle, and utility nozzle. Of these attachments, my favorite is the floor nozzle, which has two removable bottom blades. One is a rubber squeegee, I guess for wet floors cleaning. And the other is like a thin blade with a series of small brushes in it. For dry floor cleaning, I learned that removing the squeegee allows a smoother cleaning. A flexible hose, and cartridge filter are also included, but this is common with most dry/wet vac machines. I would have liked to try the wet vacuum features of this Porter-Cable wet dry vacuum, but the foam filter was not included in the unit I received. Yes, is printed in the box and in the manual that it was included, but regardless of that, it was not. And in the manual is stated that this machine needs the previously mentioned foam filter for vacuuming liquid. So, I will have to order a foam filter the next time I place an order, because its a good thing to have it in the event of a mild flood, which we often get at the shore during storms. Summing up, this is a good machine for tough cleaning jobs.",Positive,Positive,Neutral,Neutral,Neutral
First can I have bought myself but I used to use it at work. Absolutely love this stuff! A must for any at home mechanic living in the northeast.,Positive,Positive,Positive,Positive,Positive
Still using my large supply. No issues they work as expected.,Positive,Positive,Positive,Positive,Positive
"Works great, I've used it several times. Dave.",Positive,Positive,Positive,Positive,Positive
I can see now! It has become by go-to tool of choice on the bench.,Positive,Positive,Positive,Positive,Positive
Purchased to gift wrap my granddaughter s wedding basket.,Positive,Positive,Positive,Positive,Positive
I have bought many of these Dry&dry packs in different sizes. I feed the birds and also work with many dry herbs and grains. I use different sizes depending on what I am storing. Things like my sea salt etc. I'm glad I found them,Positive,Positive,Positive,Positive,Positive
"I bought these silica gel desiccants to add to long term storage items. They work by absorbing any moisture in the container and keeping the items dry. This prevents rusting (in the case of guns) or spoilage (in the case of food items). These packets work just the way they are supposed to, and I will order them again when I need more. Edited to add: silica gel packets can be reused after being dried out. You can put them on a cookie sheet in the oven at 150F for 20 minutes (watch for burning!). Once they're dried out, they will work like new again. Edited again 3/13: After burning a couple of my packets in the stove, I tried drying them out in the dehydrator. I set it at 90F and they dried in about 4 hours. I'll be using this method from now on!",Positive,Positive,Neutral,Neutral,Neutral
"These are very good disposable scalpels for home use in emergencies. These are carbon steel, so they are super sharp but also rust - so I recommend only using them as disposables for medical first aid situations. Made in China.",Positive,Positive,Positive,Positive,Positive
"Good quality product, and no defects found.",Positive,Positive,Positive,Positive,Positive
It's made for metal but works for many things (some slippery plastics can't be glued with anything). I have used JB weld for more than 25 years but for the last 12 years I switched to JB quick. It's not quite as strong (close though) but the original took 24 hours to harden. I go through 5-6 tubes a year.,Positive,Positive,Positive,Positive,Positive
"This is a very handy tool to have around. Thankfully it is very simple to operate because the instructions are pitifully lacking. It gives the temp in F or C. With this gun you can easily and accurately measure the temperature in impossible to get to places. I think a handy feature is to be able to measure temperature in various areas of the house looking for air leaks where better insulation might help. Of course, there are many other uses too numerous to mention! It also comes with an extra probe which can be used to measure areas where the laser might not be able to reach. The digital readout is clear and easy to read. It operates on two AA batteries (included) and comes in a handy storage case. The quality of this makes it suitable for professional use but for any home owner willing to invest the money I think he/she will find it very handy to have around.",Positive,Positive,Positive,Positive,Positive
"Works great for things around the house and little experiments here and there. Not precise enough for the doing a pool, as you might want to be more precise than 7 or 8. But super handy nonetheless.",Positive,Positive,Positive,Positive,Positive
"Finding large diameter shrink is difficult. In LA it is easy, but here it is nearly impossible. I found an 8"" long 1"" diameter at Home Depot, but this whole package was less than that one piece. You can cut any length you need, and still have lots to use elsewhere. And yes, with a heat gun it does shrink, just as advertised.",Positive,Negative,Neutral,Positive,Positive
"THESE ARE BASIC WELL MADE CLIPS, WORKS GREAT FOR A/C REPAIR, NICE PACKAGE, JUST REMEBER TO USE A SET OF GOOD CRIMPERS.",Positive,Positive,Positive,Positive,Positive
Exactly as described. Works fine. Good service,Positive,Positive,Positive,Positive,Positive
great quality at a reasonable price,Positive,Positive,Positive,Positive,Positive
Used to control a cooling project I created to help keep my car cool in the summer. Works great.,Positive,Positive,Positive,Positive,Positive
These hinges fit the doll house doors well. I used three for a large door an 2 for a closet door. Secured with miniature screws an backed with epoxy. The doors look nice and function well.,Positive,Positive,Positive,Positive,Positive
"Excellent! ""All that, and a Bag of Chips""",Positive,Positive,Positive,Positive,Positive
rubber tubes rather than brushes as compared to the older model which is nice. had a few times where it accidentally moved its own charger and couldn't get back into it.,Positive,Positive,Positive,Neutral,Neutral
Just what I needed.,Positive,Neutral,Neutral,Positive,Positive
"My husband has large hands and the ""one size fits all"" vinyl gloves end up ripping when he uses them. These are the only ones that fit and they are relatively durable. He uses them when he works on the car, cleans the bird feeders, handles raw meat, etc.",Positive,Positive,Positive,Positive,Positive
"This digital caliper is very nice considering the price. Don't waste your money on the cheap Harbor Freight ones, buy this instead...it's a much higher quality unit. This caliper is mechanically very well made. The grinding on the jaw surfaces is very good and the slide action is smooth if slightly on the tight side. The display is very large which makes reading very easy and the fractional feature is very useful too. This caliper repeats very well and at worse will only be off by 0.0005. It's moisture resistant and comes with an extra battery. This caliper could definitely be used for reference inspection of production parts. The ""Pro Quality"" description is not an exaggeration. The only thing I wish it had was a backlight that would come on for say 10 seconds and then turn off. I know you should always use this in a well lit area but sometimes I just want to do a quick measurement and there are moments where the ambient lighting is not ideal so a backlight would be nice to have.",Positive,Positive,Positive,Positive,Positive
"It is not transparent - it has a lot of white threads in it. The threads are arranged lengthwise and cross wise but otherwise not at an angle to the side of the tape. The backing material is clear, but it tape itself is not. Frankly, you won't be happy with this if you want completely clear tape. Other than that - it is duct tape. It feels like duct tape, it flexes like duct tape, it tears and cuts like duct tape, it sticks like duct tape. I'd call it duct tape. My intended use was to tape down some circuit boards having surface mounted LEDs. I need to see those LEDs. This tape is almost perfect except for all the strings. Oh well. It's not like I have no other use for duct tape.",Positive,Positive,Positive,Neutral,Positive
I bought this in August and has no problems with this device what so ever. I use it often to check the temps of my oils while making homemade soap. I've checked this against the old fashioned glass thermometers and this one is spot on temps. I'm still using the same batteries that came with the unit. It fits into my hand nicely and it has small ridges in the handle so you have no slip from your hands when your oils has slopped on them. I would highly recommend this unit. It's well worth the money invested at a reasonable price when comparing to other devices. This one is fantastic.,Positive,Positive,Positive,Positive,Positive
"Ordered this to assemble a small field laboratory kit. It was delivered in 2 days along with one of the other 13 ordered items. Thick, high-quality glass. The stem is sturdy and will be perfect for Erlenmeyer flasks and test tubes. I hope all the other ordered glassware.is as well made!",Positive,Positive,Positive,Positive,Positive
Great monitor,Positive,Positive,Positive,Positive,Positive
"Just what I expected! Works great comes with a lot of plastic and comes wrapped air tight, produces good quality prints and I have no complaints about it so far.",Positive,Positive,Positive,Positive,Positive
Use Rubbermaid trash cans for garbage and storage. Always last a long-time and give good service.,Positive,Positive,Positive,Positive,Positive
Very well made. Smooth and accurate. I tested mine with some gauge blocks and it was accurate through all of its range.,Positive,Positive,Positive,Positive,Positive
You won't spend much money but will fall apart after a while.,Positive,Neutral,Positive,Negative,Negative
The product came sealed and i threw it into the bag I wanted to keep moisture out of. I think it's working but hard to say as it has only been a few months. I will update if anything changes.,Positive,Negative,Negative,Negative,Negative
"I have had some pretty bad experience over the last 2 years with vacuums of Dirt Devil, Bissell, ... all of them seem to perform pretty well in the first 6-8 months and severely deteriorate in performance after that. First of all - this one is pretty powerful - 1 or 2 passes and it can suck anything from fine dust to left over popcorn on the carpet, a very long cord so that you can cover a large area without having to switch the cord from plug to plug. Cleaning is easy and typical of any of this type of vaccum. Filter is washable and reusable. Stuff that I am going to be watching over the next couple of months: * quality of belts * deterioration in suction",Positive,Positive,Positive,Neutral,Neutral
"just what we needed, will buy again when needed.",Positive,Neutral,Neutral,Positive,Positive
"Amazing filament, softer than PLA (flexible) but it'll stress instead of cracking and breaking. Does DECENT without a heated bed, but heated bed WITH blue tape preferred. I'm moving from PLA to this in future prints.",Positive,Positive,Positive,Neutral,Neutral
Pretty much the best PLA I've ever used.,Positive,Positive,Positive,Positive,Positive
Works good! You will have to start a pilot hole. I would not use this with anything heavier than sheet metal.,Positive,Positive,Positive,Neutral,Neutral
This brush works great as my grate cleaning on my grill.,Positive,Positive,Positive,Positive,Positive
Very good product,Positive,Positive,Positive,Positive,Positive
Works as expected,Positive,Neutral,Neutral,Positive,Positive
prints great at 245c,Positive,Positive,Positive,Positive,Positive
works,Positive,Neutral,Neutral,Positive,Positive
as described,Positive,Neutral,Neutral,Positive,Positive
Great item.,Positive,Positive,Positive,Positive,Positive
Still in box. Nice package,Positive,Positive,Positive,Positive,Positive
"Great little bags to keep your parts in. Took me while to understand the ""mil"" rating. Sometime I use these bags for keep a log dry in a Geocaching container.",Positive,Positive,Neutral,Positive,Positive
"This is my second purchase of this copper screen. I purchased a different size for my project, which is making a basket for my copper still. This screen is well made, exactly as described, and exactly what I was looking for. Chossing the correct size was a bit frustrating, but I was able to figure it out this way, for example, if you're looking at the 88 screen, you can draw a 1 inch by 1 inch square, and make 8 boxes per inch. This will give you a good estimate of how tight the screen is. I used a ruler and drew several sizes to see what matched my needs.",Positive,Positive,Positive,Positive,Positive
"I'm not sure how I've lived without these. I usually print onto 8x10 picture frame glass and break many panes of it by trying to remove prints. Then I found this tool set. I figured for the price that it was worth a chance. Best thing I've done. No more broken glass because these pop the print right off with almost no effort. I've tried a scraper, razor blades(left a nice scar on my thumb), and just brute force to no avail. These tools are definately the way to go.",Positive,Positive,Positive,Positive,Positive
"I find myself involved in many kinds of repairs or projects and when trimming or light cutting is needed, a supper sharp scalpel does it as well or better then a knife, razor, an should be in your tool box",Positive,Positive,Positive,Positive,Positive
This works great and some times it holds to well!,Positive,Positive,Positive,Positive,Positive
good quality,Positive,Positive,Positive,Positive,Positive
worked as described.,Positive,Neutral,Neutral,Positive,Positive
"More narrow than the one I used to use. That makes things a little bit more cramped, but I still like that I'm able to carry everything in less space.",Positive,Positive,Positive,Positive,Positive
Very sturdy & the seal strip is very aggressive. Once it touches the side of the bag it is never coming off. Very nice bags & only a fraction of the cost of similar bags.,Positive,Positive,Positive,Positive,Positive
"I've had this printer for about three months now, and while it hasn't been used much recently, I've been happy with it. I ran it almost every day the first month I had it, and it sat in my basement unused until early last week. It still ran fine despite literally being dusty from sitting there. I want to share a few experiences from this printer. First, I haven't had to contact Flashforge for assistance, but I did send an email requesting some general tips for printing. I got a very quick response from Tang. Second, I read some now-outdated information that gave tips on ""touching off"" the printer's nozzle and leveling the build plate. On this unit, there is no need to touch off as long as you home the machine (which it'll do if you switch filaments or level the plate), and leveling the plate is easy; Tighten three screws under the plate, the probe next to the nozzle flicks down and measures the distance, and the printer will either tell you to tighten or loosen the corresponding screw, or it'll say it's fine and move to the next location. I think this is great for new users, particularly those who are unfamiliar with automated manufacturing technology. Finally, the part that I struggled with: Loading the filament. Once the nozzle heats up, you're prompted to press a spring loaded lever on the head to allow the filament to be loaded into the nozzle. I pressed down on that lever firmly, which caused the filament to bind and not load into the nozzle. After experimenting, I learned that you shouldn't be forceful with that lever as I was. When prompted, slowly press the lever down while trying to GENTLY push the filament into the loading tube. As soon as the filament slides down the tube, STOP pressing that spring loaded lever down, and hold it at the position it's at. Once the nozzle starts drawing the filament in without you pressing it in, and/or you see melted filament coming out of the nozzle, you're all set and free to release the spring loaded lever. I know that at this time there's cheaper 3D printers on the market, but this is the one I'd recommend. Again, I think it's so user friendly that even those who unfamiliar with operating automated equipment will pick this up well. And while I haven't used this machine non-stop for months or owned it for years, I feel pretty good about the quality of it as a entry level machine.",Positive,Positive,Positive,Negative,Negative
"Good stuff. The color is just a bit opaque. The diameter is consistent, and I haven't had any ""particles"" cause clogs. I do encourage 3D solutech to more color to their filament.",Positive,Positive,Positive,Neutral,Positive
"I have had so much fun with these 11 different tapes and while I have not emptied the kit's contents, yet, I find them especially useful. 1. Safety Walk Tape: This tape was the first installed and it is a lifesaver or at least it is an accident preventer for the two old foggies here. Our indoor garage stoop has two steps that are consistently attempting to trip our entry and exit; however, with these our incidence of trips are and will be eliminated or at least reduced significantly. 2. Masking Corner Tape: With all the wet weather we have been having, I have yet to use these; however, based on the design and means of application, I can tell they should do the job as intended. Should that not be the case, I will amend this as soon as spring begins. 3. Foam Removable Tape: These did not last too long. The plastic coupled with the tape made a perfect presentation aid for mounting borderless pictures among other display items that do not require extreme holding properties. With a modicum of pre-planning, each strip can be cut to a more satisfactory length depending on the item. 4. Quick Grab Tape: I used several of these for those light objects that I wanted to hold items in place and they work well. 5. (Blue) and 6. (Red): Vinyl Duct Tape: Granny used to say 'A home is not no home with no Duct tape' but she did not mention that this Duct Tape is a top quality Duct Tape. Back then, the issue of quality was almost non-existent. You either had duct tape that was gray or silver colored and that's it. But I do not know, since I did not own duct tape until the id 60's. This tape, unlike some of the others, offers solid sticking power and since it is two colors it makes for quick item identification. 7. Reflective Tape: I am saving this until spring except just to be sure its reflective quality met minimum standards, I used a piece on the mailbox for test purposes and it works quite well. 8. Wire Management Tape: These tapes are just the product for those of us who have more exposed wires running behind and under all sorts of furniture and stuff. It is almost a nightmare if you think about 'now where does that wire go...?' or the likes. These 2 different colored tapes can help with managing those issues with ease. 9. Dual Lock Reclosable Fastener: Take lightweight items and mount them in a locally suitable position and add organization to an otherwise unorganized spot or several. I have a spot for the house keys and vehicle remotes as well as other little helpers and love them. 10. Hook and Loop Pieces: I only used a couple of these so far and that was to adhere each piece to a curtain that covers the infrared camera positioned to keep track of wildlife and civilized visitors. If I need to make any curtain adjustment, all I have to do is remove the tape and refit or change the SD card for the camera. 11. Command Strips: These hooks are absolutely fantastic and work well. I bought my first set of two several years ago and they are still working just as well as they did in the beginning. That is after may a hanging of my heavy outdoors coats. These are no different and will get even more use in the garage. I already claimed my spot for the next mounting and cannot wait until the weather warms some. First, it is 3M and that makes a positive difference to me. They work as intended and work well. The pieces together form a 5 star rating; however, I chose a 4 star for a couple of minor reasons. Most of the comments are objective and some are, frankly, subjective. I saw the kit as an introduction of many around the home tapes and potential uses without a large supply of any particular tape. If a particular piece runs out and it will, it is readily reorderable from the handy enclosed tape description sheet. Their Guide Map shows where each tape should be located in the box (a handy kit and container while being somewhat larger). The one addition I would make as soon as possible is an identifier on each roll or piece of tape. The existing rolls and items do not have any code or written information on the inside of the roll. I am delighted with the 3M Kit and will soon be seeking a replacement for many of the contents and highly recommend the products of 3M.",Positive,Positive,Positive,Positive,Positive
I wanted the Glow in the Dark filament to make toys for my young nephew. I had not used Hatchbox filament before but it was a competitive price and available from Fire Sale Merchants with my Amazon Prime. It arrived promptly and I loaded it in my printrbot Simple Metal to try it. It comes loaded on a plastic reel with with a 1 1/4in/32.2mm hole in the hub. The reel has the usual inspection hole in the side so you can see when you are almost out. It is labeled as 1.75mm plus or minus .05mm but I measured it in 5 places and it was spot on at 1.75mm at each place. The filament ran cleanly through the extruder and extruded smoothly. I used a 200C heat setting and was very satisfied. I had no problems getting to adhere to the print bed. It truely glows in the dark. I printed a Star Wars bust for my nephew and he uses it as a night light. I am very happy with the product and intend to buy more Hatchbox filament. I was also very happy with Fire Sale Merchant as a vendor. They even contacted me to make sure I got what I wanted. Bruce Buchner,Positive,Positive,Positive,Negative,Negative
so far sogood,Positive,Neutral,Neutral,Positive,Positive
"I think WD-40 is very good stuff and have been using for many years around the house, shop and jobsite for probably a thousand different things including, locks and hinges, drill chucks, rusty screws and bolts, removing adhesive residue from stickers and labels, surface cleaning gun bluing, fishing reels and tackle, auto repair and a never ending list of other things. Its a quick way to dry out a wet distributor cap and spark plug wires for ignition systems on cars and trucks or eliminating squeaks in vehicle interiors as well as under the hood. I find that it's not always the best product for breaking heavy rust and corrosion or preserving metal outdoors for extended periods, but it is still a very good all around general purpose spray lubricant for many tasks and I always have several cans of it on hand at any given time.",Positive,Positive,Positive,Positive,Positive
nice item,Positive,Positive,Positive,Neutral,Neutral
"First of all, kudos to Tool King (TK) for the way they shipped these nails to me; the nails were shipped in bubble mailers, which is normal, but what TK gets credit for here, is that they wrapped each pack of nails in packing tape so even if the package was ruptured somehow the nails wouldn't go everywhere. So thanks for that guys. They also had the best price at a buck cheaper than the local blue borg and free shipping. I bought one from the borg to hold me over and 5 packs from TK. About the nails, they work great. No jams or misfires, just reliable shots every time, though this can also attest to the quality of the brad nailer I have, the&nbsp; Hitachi NT50AE2 . A perfect match. I use the 2"" brads to hold together small butt-jointed paint grade boxes. I could probably go shorter, say 1 5/8"" or even 1 3/4""; but to be honest the 2"" brads were the cheapest and work perfectly fine for my use with no blowouts, misfires or jams, which can occur with nails of lesser quality. I know a whole lot can't be said in a review about nails, but for the small things that count (shipment packaging and quality of the nails), these nails are great. 5 stars for the nails and Tool King, as well as the Hitachi NT50AE2, but that's another review... ;)",Positive,Positive,Positive,Positive,Positive
"I've used a number of different versions of such products, and this JB Weld product is my favorite so far. Sets up quickly, bonds well, and has excellent high-temperature properties.",Positive,Positive,Positive,Positive,Positive
Just a good job,Positive,Positive,Positive,Positive,Positive
good value,Positive,Positive,Positive,Positive,Positive
"This replaces the HUGE command hooks to hold our winter jackets. The command hooks worked great but they break after a year or so. And at 5-8 bucks to replace them... i stumbled on these. Installed very easy, they look great and will last for years and years.",Positive,Positive,Positive,Positive,Positive
"So far I've only used this to patch a crack in the ABS end-caps of my Jeep's radiator. Just put a generous dab of this on, slap a small piece of scrap ABS over that, and let it cure. Worked PERFECTLY. (e.g., my radiator doesn't leak anymore). The smell isn't as bad as I had expected either. Just don't stick your nose right down in it. Looking forward to using this for some fabrication work.",Positive,Positive,Neutral,Negative,Negative
Fits nicely on the 32 gallon Brute trash can.,Positive,Positive,Positive,Positive,Positive
Thanks for a the fast service item works great. Highly recommended to every one looking for performance gaffing tape it's awesome.,Positive,Positive,Positive,Positive,Positive
Got a couple of these to see the temps in some of our rooms in our new house. Helps to troubleshoot the ventilation system.,Positive,Positive,Positive,Positive,Positive
Very strong insert,Positive,Positive,Positive,Positive,Positive
"So far this vice is doing the job. It's a little rough around the edges, lacking a stop to keep from screwing it out too far and a little rough with the screw. I sprayed a little silicone spray on the screw and it works a bit smoother. It's a good vice for minor lightweight work that at typical home owner would be doing. You are not going to crank on this thing like you would a higher quality or stronger vice but it will hold your material. Bessey makes a quality product. A little more refining on the rough edges and this thing would have earned another star. I'm still glad I bought it, the price was right and it works for what I use it for. I do wish I would have gotten the next size up. I also bought the Bessey vice jaw pads with magnets. The pair is a must have. Pros: Price, size, swiveling base, pipe holding or round stock v groves. Great for average home owner an hobby workshop. Cons: Finish is rough, the product received did not look like the product pictured, slight color difference. Rough screw mechanism. Time will tell if this thing holds up. Recommendation: For the price this is a great deal. However I would recommend the next size up. I'd buy it again but would rather have a larger size. Get the jaw pads",Positive,Positive,Neutral,Neutral,Neutral
"This shop vacuum deserves a five star rating based on performance, but the company has managed to save money by having no quality control system. Mine arrived with two incorrect parts and had I noticed the problem at the early stages, I would have packed it up and returned it. But I was well into assembly by the time I recognized the problems. The most serious problem involved the factory installation of two left wheel locks in stead of one left and one right wheel lock. As one can see in the pictures below, both wheel locks have the step plate going in the same direction. I did not notice this problem until I completed installation of the left wheel and upon adding the right wheel noticed it would not go all the way in because the wheel lock had the step going towards instead of away from the wheel (see the second picture below). I solved the problem by cutting off the section that extends towards the wheel and it still works just fine. But the consumer should not be required to do remanufacturing to get things to work. The second problem was that only one of the wheel nuts that was included was a lock nut. The others were all regular nuts and a lock nut is required to hold the wheel on as a regular nut, if tightened down, would prevent the wheel from turning. A lock nut can be tightened just enough to keep the wheel on while allowing for free rotation. I solved the problem by using a thread sealer that served to hold the nut in place. After suffering through assembly, I then used the Shop Vac to clean the basement floor and the work room. It worked beautifully, and was very impressive in terms of suction and the extensions and attachments were of high quality. Indeed, the 8 foot hose is the best vacuum hose I have every seen. Thus, I gave the unit 5 stars for performance and 3 stars for pain and suffering during assembly. My strong recommendation is that you carefully check all the parts including the installed parts and if anything is missing, return it to Amazon for replacement. It is very hard to tell through the plastic whether you have a lock nut or a regular nut, however. But the lock nuts are a lot thicker and have small round marks on two faces which are indentations to make the nut hard to turn on the screw. The company should be dinged for using such a cheap lock nut, and dinged even more for not including the right number. Fortunately, if you or going to buy a shop vac from a company with no quality control, Amazon is a great place to buy such a thing because replacement is so easy. It is unfortunate that something that works so well once assembled is shipped without paying attention to the details, but I still recommend this item because it works so well. It is very solidly built, and moving it up and down the stairs is quite easy because of the design, excellent handle and large rear wheels. Storing all the attachments inside is also very convenient. In summary, just make sure you have all the parts before starting to assemble. And for the cretin who will invariably add a comment that I am the fool for not checking the parts before assembling, I was indeed partially to blame. Let this review prepare you for the fact that this company seems to lack quality control during assembly and parts preparation. But once you get the thing put together, this is indeed a 5 star shop vac.",Positive,Positive,Positive,Negative,Negative
"Like everyone I have used all kinds of mops over the years. Sponge mops, stringy mops, squeegy mops... you name it I have I tried it. So when I got the chance to review this Rubbermaid commercial maximizer mop I didn't expect a whole lot of difference. I couldn't have been more wrong! This mop absorbs well yet does not feel heavy. It also cleans well without feeling mushy or leaving a lot of water. This does cost more than the other mop heads I have used (most of the others come with a handle for less than the cost of just this mop head) but considering how well this works it is definitely worth the initial cost.",Positive,Positive,Neutral,Positive,Positive
They work,Positive,Neutral,Neutral,Neutral,Neutral
Great,Positive,Positive,Positive,Positive,Positive
Thanks.......,Positive,Positive,Positive,Positive,Positive
Perfect for burger storage and grilling. Beats tearing parchment or wax paper yourself.,Positive,Positive,Positive,Positive,Positive
Good Job,Positive,Positive,Positive,Positive,Positive
As advertised,Positive,Neutral,Neutral,Positive,Positive
"MUST HAVE FOR HOME PLUMBING!! I have used torches in tight spaces and had to keep an extinguisher handy and then wait 1/2 hour for fire watch. (this is mandatory for fire safety, if you did not know this check NFPA fire code) With this--it's 2 minutes prep work and you are done!",Positive,Negative,Positive,Positive,Positive
"I like the clear epoxies in general, but what I like about this one in particular is the longer work time. It claims 30 minutes, but I am getting 10-15 before it gets a little too viscous to work with(to be fair, I'm using it in an application where it needs to be pretty thin, so you might be okay with it thicker than I require). Regardless, that's a lot better than the 5-minute stuff when you need the extra time.",Positive,Positive,Positive,Neutral,Neutral
"Every once in a while you will run across one that tears as you put it on, but perhaps I just pull too abruptly. I use these things for everything, chopping onions and peppers, mixing pesticide, working on cars, treating wounds on my skateboarder son. You name it and these will do it, just don't try to put them on when your hands are even the slightest bit damp, that doesn't work...EVER.",Positive,Positive,Neutral,Positive,Positive
This stuff is great and lasts a long time. Smooth not sticky and easy to warm if needed.,Positive,Positive,Positive,Positive,Positive
"Very happy with these budget calipers. I have used them for hobby projects for over a year now and I have no complaints. I currently use them at work as a reference only set of calipers. They are just as accurate as our high end industrial calipers, but they are a cheap non validated set that work great for quick measurements at my desk.",Positive,Positive,Positive,Positive,Positive
Great bottles. I bought stickers on Amazon for a song that work well as labels - plus they're fun and colorful.,Positive,Positive,Positive,Positive,Positive
Great!,Positive,Positive,Positive,Positive,Positive
"I originally bought the Eagle UI-10-S Red Galvanized Steel Type I Gas Safety Can, 1 gallon Capacity, 8"" Height, 9"" Diameter back in December, opting not to purchase the funnel. And, unless you have another funnel or means to prevent spilling when pouring from it, you really need this Eagle F-15 Funnel, which is specifically designed for Eagle's 1 & 5 gallon cans. Don't get me wrong, the Galvanized Steel Type I Gas Safety Can is a great product, it's just very difficult to pour without some of the gas running down the side of the can, unless you're using a funnel. If you're going to spend the money to buy the canbuy it with the funnel. I finally bought it and it works perfectly!",Positive,Positive,Positive,Negative,Negative
very good for use!,Positive,Positive,Positive,Positive,Positive
outstanding quality but look for the best price. many places at many prices. Since I'm a prime member it came to me in a big box with free standard shipping. I love it!,Positive,Positive,Positive,Positive,Positive
"I am a sculptor and I am doing some construction. These gloves are tough, very tough. They are also comfortable and easy to wear a little loose. I don't like tight gloves. So far I have bought three boxes and I will keep buying them.",Positive,Positive,Neutral,Positive,Positive
"I bought this to check alkalinity in my reef tanks. Fast, easy and works well. Repeated testing shows that the system is relatively precise.",Positive,Positive,Positive,Positive,Positive
heavy duty,Positive,Neutral,Negative,Positive,Positive
"Using these reminds me of the Spatula City add in Wierd Al Yankovich's movie UHF, which is awesome. They're also very good spatulas. Don't expect them to be bowl shaped at all--they're for chemistry labs.",Positive,Positive,Positive,Positive,Positive
Excellent product as advertised!,Positive,Positive,Positive,Positive,Positive
"I rigged up a large shade sail with this stuff and some nicopress fittings and turnbuckles, and cranked it down tight. It lasted for a couple years, until a giant wind gust slapped the place, which ripped the shade sail and snapped off the 4x4"" post to which it was anchored, throwing the whole mess across the driveway. The turnbuckles got bent, and they were pretty burly. The wire rope, however, was fine. For an engineered use, call an engineer, but for any household rigging, this ought to be plenty strong. They say 340 lbs breaking strength, but that's some sort of absurd legal nonsense; the real minimum breaking strength is more like 1700 lbs according to our friend Google. Stainless, so it stays pretty, even outside, forever. This is about the biggest cable you can make a reasonably small eyelet in, and I never need anything bigger for random rigging. This and 1/16"" do everything for me.",Positive,Positive,Positive,Positive,Positive
Just put this on my Wanhao i3 clone and it doesn't even get warm when I crank the bed all the way up to 120c. Would have given it 5 stars but the signal wire has a stripe on it which I almost wired up to the positive signal out from the melzi board till I looked closely at the Biqu board and a tiny + was on the side without the stripe.,Positive,Positive,Positive,Negative,Negative
"Purchased the USB3.0 version - very happy, display is nice and easy to read - function button takes some getting used to but I got it.",Positive,Positive,Positive,Positive,Positive
"Unlike some other reviewers who make candles/soap or work with lead, I don't have a recurring use case for needing a accurate, non-contact temperature readings. Which doesn't mean this isn't great fun, and potentially very useful. Here are some remotely measured temperature values (all Fahrenheit from around the house): Freezer compartment (kitchen refrigerator/freezer): -10.3 degrees Freezer compartment (garage refrigerator/freezer): 2.0 degrees Refrigerator compartment (kitchen refrigerator/freezer): 38.8 degrees Refrigerator compartment (garage refrigerator/freezer): 43.3 degrees Dog's back (short hair, indoors): 88.1 degrees Dog's belly (exposed skin): 92.3 degrees Own cheek (interior): 98.4 degrees Own skin (forearm): 91.2 degrees Grass at dusk (ambient air temp: 77 degrees): 64 degrees Asphalt driveway at dusk (after daytime high of 83 degrees): 78 degrees No wonder the cat sleeps on the driveway. All of these temperatures are where I would expect them to fall, and so I'm confident of the claimed ""plus/minus 2 degrees (C) accuracy. Unit ships with a 9V battery and a decent user guide. Select with confidence. Note: This item provided for review purposes.",Positive,Positive,Positive,Neutral,Neutral
Great product,Positive,Positive,Positive,Positive,Positive
These are the best I have found. The cone-like center offers some additional dampening so they are very quiet. I have put them everywhere...somewhat addictive.,Positive,Positive,Positive,Positive,Positive
"Oddly, I had a little trouble with the black Hatchbox PLA filament, yet this red was just fine. Hatchbox needs a little help sticking to the base plate on my ROBO, so the plate gets a shot of hairspray to help it stick. Every printer has it's little quirks, just like each sewing machine has its own personality. This one worked out nicely in my printer, ending in clean fabrications.",Positive,Positive,Neutral,Positive,Positive
"Bug Restoration. I'm in the midst of a VW Bug restoration and am getting tired have getting over charged for small simple grommets. I bought this variety pack and they fit great and are working perfectly. Save yourself some money, this pack works just fine.",Positive,Positive,Positive,Positive,Positive
Works as advertised.,Positive,Negative,Neutral,Positive,Positive
I love irwin step bits and this one wasn't an exception. Took out nice soft copper very easily. with no real signs of wear after going through about 1/4 of copper.,Positive,Positive,Positive,Positive,Positive
This sanding disc last just as long as some of the high dollar ones that I have used in the past. Great value for your money. I used this disc for grinding down welds for seamless weld lines along grinding steel for shaping corners and angles in metal fabrication. I will order this product again.,Positive,Positive,Positive,Positive,Positive
Perfect!,Positive,Positive,Positive,Positive,Positive
Worked well for my 3d printer filament box. Enough space to clear 1.75mm filament. Takes a long time to ship.,Positive,Positive,Neutral,Positive,Positive
"I love this glass bed, everything is perfect. The glass arrived in perfect condition, no scratch or chip. The bed conducts heat nicely so PLA stick well to the plate, no warping so far. This bed is definitely worth in the long run, much better than using painter's tape.",Positive,Positive,Positive,Positive,Positive
I bought this for my grandson so it could hold things he worked on with his dremel tools. It is of good quality and functions as advertised. Very pleased with the product and would recommend it to others.,Positive,Positive,Positive,Positive,Positive
Works very well compared to any other brand.,Positive,Positive,Positive,Positive,Positive
"Great little package. Would've liked carbon resistors rather than metal-film, but at this price, who really cares?",Positive,Positive,Positive,Positive,Positive
This stuff works great... I put it in my Humvee but with all this political stull going on right now I had to wrap it around my head so it wouldn't explode and amazingly it is working. I might have a little oozing but as of right now my brain is still intact and my skull is not fractured.,Positive,Positive,Positive,Positive,Positive
"Good, sturdy cart... makes taking the trash bins to the curb a lot more convenient. Specifications state that it'll accept 200 lb per bucket, however this cart seems to be able to take much more weight then that. Very well built.",Positive,Positive,Positive,Neutral,Neutral
I only buy hatchbox. I have ordered 3 spools in the last month. This is the only plastic I can start a long print and walk away and not have to worry about it failing.,Positive,Negative,Neutral,Negative,Negative
works great,Positive,Positive,Positive,Positive,Positive
great product,Positive,Positive,Positive,Positive,Positive
Works well.,Positive,Positive,Neutral,Positive,Positive
"Same feelings for this as I have for the translucent magenta from eSun. This stuff is gorgeous. Be prepared for a challenge if you're not used to PETG, and be sure to read eSun's specific advisories for their PETG formulations. You'll regret ignoring them ;) If you want an amazing effect, pair their translucent ('transparent') colors with ""Natural PETG"" from eSun.",Positive,Positive,Positive,Positive,Positive
"Item as expected, shipped on time!",Positive,Neutral,Negative,Positive,Positive
"good screws, less than half the price of the big box stores",Positive,Positive,Positive,Positive,Positive
Worked well for my wet weather application. Seems very strong and can saw and drill it as needed. Good stuff.,Positive,Positive,Positive,Positive,Positive
"If you ever store things... move things... like to keep things that belong together that go together while they are being store... you NEED these. I love that remotes don't get lost on stuff we are storing. I love that we can keep screws and such (like special allen wrenches) attached to the item we are using or storing. If you're moving... they are a MUST have. Will save a lot stress when trying to find stuff when you get where you're going. Now... these particular ""dispensers"" are just cardboard. You CAN get them that have a plastic ""spinner"" handle which can be nice. BUT... these do work and are cheaper.",Positive,Positive,Positive,Positive,Positive
good stuf,Positive,Positive,Positive,Positive,Positive
"This was easy to put together, and it was easy to fill with hot water and the enclosed cleaning solution. It sucks up the water thoroughly (not leaving it soggy wet) and it cleaned the carpets really well. It only has the one tank where you mix the hot water and the cleaning solution together, but the tank is large enough to finish an entire room (where we previously have had to refill once or twice to finish our living room). The brushes seem to work really well and you could see where you had run the machine over the carpet, and where you had not. This helped make the carpet feel softer after the entire process was done. We vacuum the carpet, run the shampoo over the carpet with the cleaning solution, and then using a tank of just hot water, run the machine one more time, let the carpet dry and then vacuum. It looks great when it's done, and since it sucks up the water really well it dries quicker than other machines we have used. The cord did not get hot during use. It is a simple, sturdy carpet cleaner with no bells or whistles, but does exactly as advertised.",Positive,Positive,Positive,Positive,Positive
Great!,Positive,Positive,Positive,Positive,Positive
As expected,Positive,Neutral,Neutral,Positive,Positive
Great for drilling and tapping,Positive,Positive,Positive,Positive,Positive
I have had one of these for many years and assumed it was accurate. I moved into a townhouse and I have excess moisture in my basement and had to buy a de humidifier to get rid of the moisture. I bought two more of these and have the three of them side by side. The temperature is the same on all three but there are three different readings for the humidity. I don't want to invest in another dehumidifier for my other floors if I don't have too. It is important because if it is 55% or above there is an issue. The three readings are 53 56 and 59. My first one on the left is the only one within the normal range. Does anyone know why this may happen.,Positive,Positive,Positive,Neutral,Neutral
Five stars says it all.,Positive,Neutral,Neutral,Positive,Positive
"Great quality bare wire. Ideal for what I needed, Seems to be pure copper, very flexible and takes solder very well.",Positive,Positive,Positive,Positive,Positive
"Good clamp, and doe's the job. nuf said",Positive,Positive,Positive,Neutral,Positive
good to have around.,Positive,Positive,Positive,Positive,Positive
"Works great, but it's very big. About the size of a small dinner plate. I bought it for my cubicle but I had to obscure half of it behind my monitor. When it was fully exposed people kept looking at themselves in the mirror when they walked past, ruining the point entirely.",Positive,Positive,Neutral,Positive,Positive
Exactly as described,Positive,Neutral,Positive,Positive,Positive
These are low cost and work great for my pond.,Positive,Positive,Positive,Positive,Positive
Great quality LEDs. I used them for my guitar pedal and they work perfect!,Positive,Positive,Positive,Positive,Positive
"As others have noted, this is a fairly light-weight product, not one that appears to be made to handle any amount of abuse. That being said, it does have both NC and NO contacts, is easy to mount, and works fine (for now). My suggestion: at this price, buy two of them so you'll have a spare when the first one gives out.",Positive,Negative,Positive,Neutral,Neutral
Have run two rolls of this now and it does print well with very few clogs. Overhangs are 5-40 deg decent with a fan and 45+ deg are excellent.,Positive,Positive,Positive,Positive,Positive
A good grease for use around food.,Positive,Positive,Positive,Neutral,Neutral
"Picks up debris really well, and the charge lasts enough to clean several rooms.",Positive,Positive,Positive,Positive,Positive
little box of clamps works good,Positive,Positive,Positive,Positive,Positive
Just what I needed,Positive,Positive,Positive,Positive,Positive
god product,Positive,Positive,Neutral,Positive,Positive
Using this in wine making. Long enough to cut in quarters so I actually have four to use.,Positive,Positive,Positive,Positive,Positive
Surpassed my expectations. Very accurate extremely fast results. No calibration solutions or mixtures to make simply dip and match.,Positive,Neutral,Positive,Positive,Positive
"This was my first time trying 3D Solutech and I have to say I am impressed with the print quality, value, and price. Right now for PLA, the 3D Solutech will be my go-to brand. I got the red (called real red) -- though it is more of a really hot pink than a true red. As for the print quality it was smooth, consistent with a great finish. I normally print most of my PLA at 210 but this worked well at about 200 C. Aside from the Hot Pink color of the red -- I am very happy with the quality of this PLA. I will be back for more from this brand.",Positive,Positive,Positive,Positive,Positive
great deal,Positive,Positive,Positive,Positive,Positive
Great bags!,Positive,Positive,Positive,Positive,Positive
"3D Solutech is one of my favorite filament providers We go through about 6 rolls every couple of weeks, and the first company i look at to keep my small business running is 3D Solutech. Great filament at a great price!",Positive,Positive,Positive,Positive,Positive
I like the assortment and the price. The different colors which are for different gauge wires go together snuggly. A good fit.,Positive,Positive,Positive,Positive,Positive
great,Positive,Positive,Positive,Positive,Positive
"Love it. Much, much better than an X-acto knife handle because it provides a better grip and better control. And it doesn't roll off the table and imbed itself in your foot.",Positive,Positive,Positive,Positive,Positive
"Just got the chance to try this yesterday on a batch of mead. Of course added yeast energizer and nutrient to batch, rehydrated in a yeast starter and pitched after it started working. Really like this yeast, fast starter and strong fermenter ( airlock is really chuggin' along ). Also low foamer which to me is a big plus.",Positive,Positive,Positive,Positive,Positive
"This paper really upped my brisket game. Previously I was wrapping my briskets with foil and it was causing my brisket to come out more like pulled beef. Using the butcher paper has helped to keep my brisket moist, but firm. While this roll will last me quite a while, I will order a second roll without hesitation.",Positive,Positive,Neutral,Positive,Positive
Now i don't have to run to the hardware store every time i need another sized screw.,Positive,Negative,Neutral,Positive,Positive
No Complaints.,Positive,Positive,Neutral,Positive,Positive
Good polisher for small things,Positive,Positive,Positive,Positive,Positive
Great ammo,Positive,Positive,Positive,Positive,Positive
"Purchased these to assist in model building where I need a good, square surface to brace & hold pieces to while assembling and allowing glue to dry. I use these blocks on a piece of painted sheet steel along with magnets of various shapes & sizes and am able to brace model building walls at a perfect angle. Blocks can be screwed together, used with magnets and are weighty enough to stay in place for most model projects. NOTE: you will need to clean these of the machine oil that's coating them so expect some surface rust over time. I recommend some silicone spray to replace the machine oil when used for model building. You will still have to be aware of the silicone and clean your model pieces accordingly and as needed. Just a FYI...",Positive,Positive,Positive,Positive,Positive
bought a case of these for a good price here. the gloves are pretty much the same as I've used in a lab.,Positive,Positive,Positive,Positive,Positive
Works as well as their plain silver duct tape. 3M makes some of the best products on earth and buying their stuff helps the American economy. It works good for what I need it for and it's a nice deep black color.,Positive,Positive,Positive,Positive,Positive
"Nice dispenser, wire doesn't end up all over the place",Positive,Positive,Positive,Positive,Positive
Nice for the money,Positive,Positive,Positive,Positive,Positive
Quality Product,Positive,Neutral,Neutral,Positive,Positive
Very accurate. As in spot on reference blocks. Highly recommend this for hobbyists.,Positive,Positive,Positive,Positive,Positive
Working well as needed. No leaking so far.,Positive,Positive,Neutral,Positive,Positive
"I use this to check to see if my R/O membrane needs replacing, For the fun of it, I started checking everyone else's TAP water for TDS. Very easy to use.",Positive,Positive,Positive,Positive,Positive
They have turned out to be very useful.,Positive,Positive,Positive,Positive,Positive
"Feel exactly like the Model Magic clay, it is very easy to handle and sculpture the missing sections of the wood.",Positive,Positive,Positive,Positive,Positive
Perfect for oil/gas mixing ratios. Glass makes it easy cleanup and side markings for exact measurements.,Positive,Positive,Positive,Positive,Positive
"Discovering this product was the greatest day of my life. For far too long I've spent hours ladling a cup of oil at a time through a piece of cheesecloth after frying to strain out the gunk. NO MORE. Stack a 100 and a 200 micron insert above a 5-gallon bucket from Orange or Blue and just dump in the oil. In seconds, the oil is as clean as you'll get it and ready to use next go-round.",Positive,Positive,Positive,Neutral,Neutral
They are what they are- so they get the five star!,Positive,Neutral,Neutral,Positive,Positive
Just fabulous stuff. See my review of other Rescue tape.,Positive,Positive,Positive,Negative,Negative
"I love the design on this shop vacuum. The wall mount is a great feature, especially in the garage when coupled with the 21' hose length. A thick plastic mounting plate is easy to attach to the wall and from there, it's simple to hang the vacuum. There are two hoses than combine to get the 21' length. You can reach a good distance with the 20' cord length as well, so between the length of the hose and the power cord, you can cover a lot of area. The hose is 2"" in diameter and can suck up good size debris. RIGID makes a few different filter types for different uses. Mine is just for standard vacuuming, so I don't have need for the fine particle filters, etc. Still, it's nice to have that option. It comes with the Utility Nozzle, Dusting Brush, 2 Extension Wands, Car Nozzle (with LED light), Crevice Tool, Diffuser, One Qwik Lock Filter, a 14 Foot Hose and a 7 Foot Hose - and again - both hoses can be hooked together. One hose is a 14' Tug-a-Long and the other is a 7' expanding hose. It's not too loud, it sounds as loud as our air conditioning unit, so not quiet, but not too bad. The suction power is very strong, even with both hoses in use. It's a reasonably priced shop vacuum that has a lot of great features, plus is has a lifetime warranty against material defects and workmanship.",Positive,Positive,Positive,Positive,Positive
These worked great at a children's science-themed birthday party. They were easy to use for little hands and looked great. They were featured at 2 different science tables. We used them at one table to pipette vinegar into a cabbage indicator solution in an acid base experiment and at another table we used them to pipette water drops onto a penny in a surface tension experiment. They worked great for both. Very pleased.,Positive,Positive,Positive,Positive,Positive
Nice but wish it had a little more power.,Positive,Positive,Positive,Positive,Positive
"Work as expected. Shipping takes about 3 weeks, though, because it comes from China.",Positive,Neutral,Neutral,Positive,Positive
"I have had zero problems with any ABS or PLA Hatchbox filament. After trying several brands, I am sticking exclusively to Hatchbox.",Positive,Positive,Positive,Positive,Positive
Pros: - Very good deal for 79 pieces (not counting screws) in lieu of buying individual packages of hooks - Good variety (though it could better if it contained smaller quantities of a greater variety of hooks) - Quality of all components is good Cons: - Made in comm't China,Positive,Positive,Positive,Neutral,Neutral
What we needed,Positive,Neutral,Neutral,Positive,Positive
This has multiple uses and is worth the money over small tubes in large shops. Small shops may benifit from smaller tubes in that it will stay fresh,Positive,Positive,Positive,Positive,Positive
comfortable glasses. the rubber blocks your view downward a bit but not a big deal. would buy again,Positive,Positive,Positive,Positive,Positive
"This is an excellent reflex hammer, especially for the price. I had bought a queen square but the end is so long, it's a hazard sticking out of a white coat pocket. This has just as nice a swing to it and is much more compact. It also seems like it will hold up very well even with daily use.",Positive,Positive,Positive,Positive,Positive
Worked great for my onboard water pump setup onmy Jeep.,Positive,Positive,Positive,Positive,Positive
"Works very good for my application, adjustable temperature on/off separation",Positive,Positive,Positive,Neutral,Neutral
Great dispensing needles. use these for working with ejuices and DYI mixes. They're excellent for that and cheap enough to be disposable.,Positive,Positive,Positive,Positive,Positive
"The first Super Glue I have ever bought that actually works. The gel formula really helps the glue stay where you wanted it, it doesn't run all over the place and onto your fingers. I have glued the sidewall of a car tire, plastics, ceramic and formica. All have held up with no problems. Great glue.",Positive,Positive,Positive,Positive,Positive
"Completely the best bang for your buck and great sound quality too, both on the small drum for my newborns heartbeats and the large drum for my wife when she gets a cold. It helps me distinguish between either a nasal congestion cold or were she actually has phlegm in her lungs as you can clearly hear the sound difference.",Positive,Positive,Positive,Positive,Positive
All good work well,Positive,Positive,Positive,Positive,Positive
Works great,Positive,Positive,Positive,Positive,Positive
nice,Positive,Positive,Positive,Positive,Positive
good deal,Positive,Positive,Positive,Positive,Positive
I ordered these to do a slime making activity with my 3rd graders and thought these would be perfect because of the size and the lids. They fit 1/2 cup of liquid and are about the size of a jello cup. I was really happy with these and ordered even more but I took a star off because the kids do NOT snap on easily.,Positive,Positive,Positive,Positive,Positive
Fit great,Positive,Positive,Positive,Positive,Positive
Perfect.,Positive,Positive,Positive,Positive,Positive
Just like 90+ percent of everyone else who raves about this product so shall I. The brand name (3M) should tell you right off that you are buying a top shelf product. Sometimes I get lucky when I buy an unknown name brand but in this case I didn't risk the possibility of receiving a dud. I purchased a similar item from Harbor Freight with satisfactory results. The main differences that I noticed between the 3M brand and the no-name brand were as follows: The no-name brand was: Difficult to peel away the backing. I eventually perfected my technique but it took some time. Tape was thinner to start out and stretched to near infinity. (Good and bad depending on the application) After applying the tape to a split or cracked surface the tape split as well. The no-name brand is available at most hardware stores in case you need it ASAP. 3M brand is: Stronger The backing peels away easily. Will not stretch to infinity Has not split (so far) when applied to cracked surfaces.,Positive,Positive,Positive,Negative,Negative
Use them for many things. Like the size only wish they came in a dispenser.,Positive,Positive,Positive,Positive,Positive
Exactly what I needed.,Positive,Neutral,Positive,Positive,Positive
i needed to get a grip,Positive,Positive,Neutral,Neutral,Positive
as advertised happy with purchase,Positive,Positive,Positive,Positive,Positive
"It's a couple of weeks before Memorial Day and my canopy rips in the backyard. One of those easy setup models. I'd rather wait for Memorial Day sales to buy a new one, so I thought I'd check out Gorilla tape as a fix. Since it's clear, it really doesn't look bad for Southern engineered. Put it back up and wouldn't you know that the West Texas wind got up, blew the whole canopy with screenhouse around. But, the tape holds! Impressed so far! August - Trip to Ruidoso I made the mistake of leaving the canopy up at night. (I thought mountains, no wind.) Next morning, the canopy had been picked up and moved about 6 feet, landing twisted the metal poles. BUT, the canopy with repaired with Gorilla tape still holds. Not touched by the wind and the landing. I'd give this stuff 10 stars at this point.",Positive,Positive,Positive,Negative,Negative
Good to keep in emergencies. Save trip to hardware store.,Positive,Positive,Positive,Positive,Positive
Exactly as advertised,Positive,Neutral,Positive,Positive,Positive
"The print itself is great!...If you can get it to feed, back to back printing I have issues luckily it will let you know within the first Minnie or so if it has the right amount of extruder gear pressure. Too much it wraps around the gear, too little and it balls up either above the gear or below it. When printed correctly the stuff has real potential as to the range of parts that can be printed. Also lowering the feed multiplier less than the standard ABS setting is another must. I will be buying this again in a different color.",Positive,Positive,Positive,Negative,Negative
good,Positive,Positive,Positive,Positive,Positive
"Love this stuff!! I seal all exposed car wiring fittings with different, appropriate colors. You have to figure out the stretch, but it only sticks to itself. NO adhesive ooze. This is NOT an electrical tape! I put it over e-tape or shrink tubing",Positive,Negative,Positive,Positive,Positive
works great!. Fast shipping. Recommended!!,Positive,Positive,Positive,Positive,Positive
great item fast service,Positive,Positive,Positive,Positive,Positive
"PETG is now my go to filament. I believe this is my 4th or 5th purchase of eSUN filament (White PETG, Orange PETG, White ABS, Black ABS x2) and I have been happy with all of my purchases. Filaments print well on my Flashforge Creator Pro and Anet A8 Printers. The PETG will take a little tinkering with the settings to get it right but the stuff sticks great to the bed and the prints are strong and clean. Haven't had any tangle issues with the filament (be careful when pulling off the tag end of the new roll, and use caution when placing the tag end back on the roll if swapping out). There is a little more stringing with the PETG but this is very easy to clean up. The transparent orange looks really good and would probably be great for any type of back lighting/shade designs. The photo is of a project tube printed on my Anet A8. I believe the layer height was 0.25mm for this print.",Positive,Positive,Positive,Positive,Positive
a,Positive,Neutral,Neutral,Positive,Positive
"Great little tool. Smallish, but clips on so that's a big plus.",Positive,Positive,Positive,Positive,Positive
Great product. Very pleased and as described,Positive,Positive,Positive,Positive,Positive
"Pretty impressed with this filament, very low cost and very sweet prints. I got it a bit stringy at first using the settings from my previous PLA, but when you get down to do calibration of your machine to the new filament you should be good to go. Take the time to do it, check youtube as it is clearly demonstrated on a number of videos. The cost to value ratio is great. No issues w/ feed. Thickness variance is a standard max -0.05mm w/ me pulling 30-40 feet out checking every 2 feet w/ my digital calipers. That's become my standard process for checking filament. I haven't found any thus far that was more than the average -0.05mm max. My CTC and Rep2 feed this filament well, I just strongly suggest calibration for every new brand of filament and then jot it down for repeat-ability.",Positive,Positive,Positive,Positive,Positive
"great stoppers, great quality/price, good assortment.",Positive,Positive,Positive,Positive,Positive
I recently added this to my toolbox because I can easily carry it in my pocket to quickly check for the presence of power. I find it helpful where I work because I don't have to go running to grab the process meter or check the breaker and It is small enough to keep in my pocket.,Positive,Positive,Positive,Positive,Positive
LOVE,Positive,Positive,Positive,Positive,Positive
"bought this for a better grip on a dual 26650 battery box mod, Tesla Invader, nice easy install and looks better than I had anticipated, Good and Grippy now!",Positive,Positive,Positive,Positive,Positive
"No more over flows. Easy set up, not cheap. Just as a pre-caution to be Xtra safe...a little hint...put a piece of styrofoam on the bottom...that way it's almost ""fail proof""",Positive,Positive,Neutral,Positive,Positive
as described,Positive,Neutral,Neutral,Positive,Positive
Every toolbox should have one.,Positive,Neutral,Neutral,Negative,Negative
Good quality connectors. I'm using it for a model RR layout to have quick release connections to a control panel.,Positive,Positive,Positive,Positive,Positive
I use a lot of this suppliment.,Positive,Neutral,Neutral,Positive,Positive
"Awesome product, Awesome savings",Positive,Positive,Positive,Positive,Positive
work well for my project thank,Positive,Positive,Neutral,Positive,Positive
Not exactly precision made but it does what it's supposed to do adequately. A good buy for the price.,Positive,Positive,Positive,Positive,Positive
Served my purpose!!!!,Positive,Neutral,Neutral,Positive,Positive
Excellent for gardening,Positive,Positive,Positive,Positive,Positive
This is a great trash can for oily rags or just as a general trash can. Its a bit large so measure your space first. But its definitely worth it!,Positive,Positive,Positive,Positive,Positive
"Great way of isolating two devices from each other. Single device making it lower cost and less space on the project board. Great isolation characteristics, low input current draw makes it ideal for microcontrollers",Positive,Positive,Positive,Positive,Positive
"My go to black, low strings running discount hot ends for the win. Pretty brittle typically compared to pla blends",Positive,Positive,Positive,Negative,Negative
We go through many gloves. These XL are perfect for the funeral service. Easy to put on and they stay in place. Will order again. Plus the pink is a fresh Colour idea.,Positive,Positive,Positive,Positive,Positive
"These are pretty strong hooks -- almost too strong for holding items on a fridge. If upside down (like on a ceiling), they could hold several pounds.",Positive,Positive,Positive,Positive,Positive
Awesome Super-fast shipping. Item was what I needed and high quality. I highly Recommend AAA+++++Amazon seller,Positive,Positive,Positive,Positive,Positive
Fast Shipping Item as described Thank you,Positive,Positive,Positive,Positive,Positive
"great buy, this is about the price you'd expect to pay for a decent sized printer with all the above features. I've had it now for 5 months and I've ran about 10KG of plastic through it. I feel it's a great value. I'm not even going to knock a star off for their proprietary software and DRM cartridges because day 1 I loaded Repetier firmware and haven't looked back. It has major issues with silver grey filament and it clogs up amazingly each time. Again it's just a live and learn thing. Not the fault of the printer as it is a 3rd party filament. Before I loaded custom firmware I will say the cartridges it came with printed very well, the plastic quality was great, so there is something to be said about XYZ brand stuff. Now if they would just sell replacement parts for it!",Positive,Positive,Positive,Negative,Negative
Very impressed with the finish of the sheet. I plan on using it for making my own capacitor plates. I will order other thickness pieces from this company.,Positive,Positive,Positive,Positive,Positive
"Great gloves, great price",Positive,Positive,Positive,Positive,Positive
great price,Positive,Positive,Positive,Positive,Positive
"I previously used a more basic caliper without the rotary dial. This dial makes it possible to truly read dimensions down to 1/1000th of an inch. It takes a bit of practice - you can cause the needle to move 1/1000th based on how hard you squeeze down. I use metric as well and this caliper delivers. It took me a while to figure out that for each revolution of the rotary dial on the inch scale, the metric scale goes around twice. You'll figure it out when you buy it.",Positive,Positive,Neutral,Neutral,Neutral
"Items as described, great for little projects.",Positive,Positive,Positive,Positive,Positive
"Punched holes in mBox and no complaints, thin tin or steel, no problem. Drilled a starter hole first w 1/8th, then nother starter hole w 1/4 then this. Wear eye protection. Will update if not satisfied by job 10.",Positive,Positive,Negative,Neutral,Neutral
makes cheap tarps last longer.,Positive,Neutral,Positive,Positive,Positive
AAA Works GREAT,Positive,Positive,Positive,Positive,Positive
freind bought me a manual one - have a hard time reading the manual one.,Positive,Positive,Positive,Positive,Positive
Was Expecting soft casing. but this still works good,Positive,Positive,Positive,Positive,Positive
"Three of these are holding up a 3 inch thick work bench that is 84 inches long ans that I clad in a zinc sheet for extra durability of the surface, but conversely more weight. These are performing perfectly",Positive,Positive,Positive,Neutral,Neutral
Maybe we were lucky but I ordered a total of 48 beakers (4 sets of these 12) for my daughter's science party and we did not have any breakage. They washed well in the dishwasher and dried without spots. We used them like parfait dishes. We cut a sheet cake with a round cookie cutter and layered circles of cake with icing in these beakers to make a cupcake parfait. They turned out beautifully and seemed to be a big hit. The kids were happy to get to take their beaker home as well.,Positive,Positive,Positive,Positive,Positive
"After doing as much research as I could, I settled on this unit and pulled the trigger on Wednesday - two days before Christmas. I paid the extra for two day shipping knowing the holidays would probably screw things up, but lo and behold, the printer showed up THE VERY NEXT DAY to my door. I was stoked! Go Amazon PRIME! Having read all the reviews with bitches, gripes, and complaints I dove into the box of parts on Thursday evening. I went through the inventory checklist and made sure the big items were there, some I couldn't identify because I didn't know what I was looking at, some there were too many (like screws) and I just said ""Screw it! There's enough screws"". I was a little disturbed that I did NOT receive the CD with Cura or the other stuff, but hey.... I'm a progenitor of the Interweb and EVERYTHING is out there to be found, right? With a little searching I found the complete set of manuals, assembly instructions, FAQ, etc. and had them downloaded in nothing at the speed of megabit. There were several times that I would look and look for something and go ""AHA! They screwed me out that piece!"" only to find out I was wrong and it was in another little baggy somewhere. The parts are grouped logically by assembly section and many times there were extras too. Plenty of extra screws and nuts of all the sizes so when one would fly off the table into the black hole that eats small parts, all was not lost. I'm sure my vacuum cleaner will announce their presence very soon. I will have to admit that I'm mystified at what some people call ""misleading"" or ""inaccurate"" instructions. It's a bunch of pictures with a little text to point you in the right direction. How hard can that be? Of course, I know grown men today who are tentative at even changing a flat tire on a car - another thing that has mystified me as much as we are a ""driven"" culture. So with the assembly diagrams in front of me, I pulled out one part at a time and starting putting it together at a leisurely pace. I also wrapped presents, took phone calls, coordinated dinner at the same time so it's not like there weren't distractions. I think total time for assembly with all this going on took maybe 12 hours and it was fun and easy, easy, easy. I had to look at some of the diagrams a few times because I had never built anything like this before and I had to understand what that piece does. Could the instructions be better? Sure, if you wanted to have a document that looked like a War & Peace novel, and even that would probably be so verbose with Chingrish you would end up more confused than ever! I've written a manual or two in my day and there is ALWAYS something that get's lost in the translation, so just take your time and study the drawings and it'll come to you. If you need to take a break from it, go to the InnerTube and watch a video of it in operation, you'll see how it all works. With all that said, did it go together perfect? Nope. There were plenty of times that ignored the few words on the diagrams and grabbed the wrong part - like using the 295mm aluminum pieces when I should have used the 308mm pieces and then the hotbed plate wouldn't fit on the slides. DOH! I had to take it all apart and use the right pieces and it fit perfectly. With everything that was going on, I still managed to do rough calibration and setup and printed my first Ultimaker Robot on the 26th at around noon. Not bad for an old fart! The only real beef I had with the kit is the Y axis idler pulley is actually just a 608 bearing. The belt doesn't center itself well on this flat pulley and will start binding on the bearing bracket/post. This will translate to difficult movement of the ""Y"" axis as the belt tracks from one side to the other and it ""drifts back and forth in full transit. A proper, toothed, timing pulley with a bearing would solve this problem for good and even allow for a little offset if you didn't get it centered exactly. Suggestions - To tbe buyer and the manufacturer Buyer - Invest in a nice set of ball end allen wrenches that are longer than the ones that come with the kit. There are some positions that require a slight angle access after assembly that will make good use of them. Unless you buy a cheap crappy set, they will be much more durable than the ones that come with the kit. Buyer - Everyone seems to have a problem getting the toothed belt locked into the carrier. Use a pair of needle nose pliers to hold one side while starting the short side in the carrier. If you stretch it a bit with the pliers and push in, it will start better. Use the small flat screw driver to push it in the rest of the way. Manufacturer - As above, the allen wrenches are adequate for assembly, but do start rounding off with just one or two slips. A little better set of these would go a long way. You could even lose the little side cutter pliers to offset since you only use those for one step - stripping wire ends. Manufacturer - use a proper toothed pulley on the ""Y"" axis idler. The ""X"" axis idler bearing has a narrow guideway that keeps it centered and it doesn't have the ""drift"" problems that the ""Y"" axis does. Buyer - get a nice small 300mm ruler or scale - comes in handy. Conclusion : If the CD had been in the box, chances are I would have given it a 5 across the board. This unit has the largest print volume available on a kit and the aluminum frame is the way to go vs. acrylic or wood. Once you get the unit trimmed up and calibrated, you can print replacement parts and smooth things up if you so desire. The water jet cut parts are perfect and fit very nicely, and when the protective paper is removed add to the finish of the printer. I have had a ton of the 80/20 aluminum extrusions, linear slides, and some bigger stepper motors kicking around in my shop for years. I'm thinking I could duplicate this unit easily on a much bigger scale and maybe go to an 18"" or even 24"" hot bed with dual extruders. That would be SAWEET!",Positive,Positive,Positive,Neutral,Negative
Used in an under counter hot water dispensing application that does not place line pressure on the tubing... This product holds up to the near boiling temperature that caused polyethylene tubing to crack and leak after a few months.,Positive,Negative,Neutral,Negative,Negative
PERFECT FOR WHAT I NEEDED TO TEST SPROUT WATER . CLEAN 2 STRIPS ARE PACKED SEPARATELY SO AS NOT TO GET WET,Positive,Positive,Positive,Positive,Positive
"This bronze filament prints particularly well and it really does have a metallic, shiny look to it. I was impressed with the results of my first print with this filament. No problems with printing at all. My only regret is the limited amount of filament on the spool, but hey it is a specialty item. If you are looking for that true bronze look without the cost of buying a tumbler, then I would recommend this product. Just keep in mind that it does produce a shiny metallic look. I have already purchased a second spool.",Positive,Positive,Positive,Negative,Negative
"Pretty good sized, good for small containers you want contents to stay dry. I live near the gulf coast so this is a frequent problem with things that are not stored in climate controlled areas. One of these is about just perfect for a 50 cal ammo can, I replace once a month. I cut open packs and save the silica, bake in oven at 200F for 3-4 hours and then use in other applications that I use desiccant. These ship in a heavy duty zip lock bag that keeps them dry so they are ready for use when they've been sitting in the garage for months.",Positive,Positive,Positive,Positive,Positive
good quality,Positive,Positive,Positive,Positive,Positive
"I think I am addicted to fasteners, hardware, and tools; so naturally when I saw things I clicked add to cart. Good assortment, came sealed and not all mixed up.",Positive,Positive,Positive,Neutral,Neutral
"These are the locking variety and are a great addition to the first-aid kits. They are stainless and not plated garbage as well they open and close freely without binding. When locked they stay locked even with heavy movement but they do unlock easily when needed to do so. Living where it might take 10-15 minutes for a first responder and even longer for paramedics to arrive it is important to build up a first aid kit that can handle many different situations. The addition of locking hemostats was a must. Having a set that has the various sizes and angles means being able to deal with a variety of issues should they arise and living in the middle of farming country as well on a working orchard, there is always heavy equipment, sharp tools and such being used. I'd rather be prepared and not need something than have something happen and not have the proper tools for the job. If you do not have any first aid training you can check with the local Red Cross, they'll be able to direct you to available training and classes.",Positive,Positive,Positive,Positive,Positive
good,Positive,Positive,Positive,Positive,Positive
"As expected, this glue is basically a slightly pricey gel superglue. Having said that, it's got the perfect consistency for not making a mess and the set time seems just about right for getting the grip exactly where you want it. The regular CA glues I have fall on either side of that line.",Positive,Positive,Positive,Positive,Positive
This is a good assortment......but get another assortment if you want a silver finish on your screws,Positive,Positive,Positive,Positive,Positive
"I have somewhat limited mobility, am chronically clumsy, and have had (still have, actually) several other pick up tools. Of all of them, this is by far the best. One of its advertised attributes, the length, is the least important to me. What I love is the grip end of the tool. It holds on tight to items such as cans but also picks up things like paper (even paper that is lying flat), coins, jelly beans, batteries, even pills. The handle is easy to squeeze, even with mild arthritis and, overall, it's not too heavy. I recently spilled a whole container of pins. I used the grip to hold on to a magnet and swept up the entire box (I hope!) just sweeping back and forth. Another plus is the color. I can spot it easily. The others are all made of neutral metal and black and they blend against the background. Now that I've found one that works exactly as I like, I will get more to keep in different parts of the house.",Positive,Positive,Positive,Positive,Positive
very good,Positive,Positive,Positive,Positive,Positive
"This is a fairly good product I've used it for a multitude of repairs. It's great for repairing toys especially. I've glued my daughters 3"" ""Kristof"" figure who's head broke off. I've repairs a 3"" ""Flynn Rider"" who had a leg/hip replacement which required a small steel pin and a touch of gorilla glue. I've also used it on a 3"" ""Dragons"" ""Heather"" figure who's body broke in two, she too required a steel pin and a drop or two of Gorilla Glue. This glue doesnt work particularly well in areas which are continually subjected to moisture however I have successfully repaired my daughters watering can as well... Ill post additional photos as Im able to in updates. TIP: when repairing small figures you will need a heavy/large paper clip, pair of ""dyke"" pliers which also have a wire cutting edge, a drill with a small drill bit almost the same size of the paper clip in circumference. From there you will need to drill each direction creating a cavity in the area which you are repairing to allow the pre-measured/cut paper clip piece you've prepared for the ""steel pin"" used to give extra strength to the figure in the repaired area. Insert a small drop in each piece of the toy to be rejoined and then run the part under water allowing the water to hit the drop of gorilla glue (water activates the glue), insert the piece of paper clip which you've pre-cut/pre-measured into the cavity which you've placed the drop of Gorilla Glue and connect both parts to be joined. You will need a small clamp or a piece of strong packing tape to hold the joined pieces together while drying as the glue does EXPAND. I like to take a wet paper towel after about 5-10 min and when I see the glue expanding outward pack it down with the wet paper towel crushing all the bubbles which start during the activation of the glue as it dries so ther is a smoother area after drying. I'll at times take a matching sharpie and after the glued area is dry, I will color the glued area with the sharpie to mask the area which was repaired. SEE MY PHOTOS OF A RECENT REPAIR DONE EARLIER TODAY. I've also used this glue on floor tiles in a commercial building as a quick repair alternative to adhesive/mortar or mastic etc. see photos, they aren't pretty until the glue is colored with a black/brown sharpie, then they look ok. The tile was shattered into many pieces and was loose until I cleaned the area, added some water for activation and then the glue, using a wet paper towel patting it down as it raised and dried. It was quick and able to be walked on in less than an hour. Threw a mat over it and It worked ok for a quick fix. This glue isn't perfect as it doesn't hold well for all repairs. However it's the best I've used and there are times which a stronger commercial adhesive is best for certain applications. Good luck with whatever your repairing, take your time these things take patients. NOTE: If you appreciated this review please give it a thumbs up/like your helping me to continue to give honest/unbiased insight into products Ive used and you may have questions about. Interested in a product but don't know enough about it and would like it reviewed? Please let me know and I'll see what I can do... Thank you",Positive,Positive,Positive,Neutral,Neutral
Aluminum - just like you would expect. It's silvery colored and machines pretty well. Alloy 6061 is harder than pure aluminum but still machines fairly well. The surface is smooth but not polished. It can take a good finish.,Positive,Positive,Positive,Neutral,Neutral
"The only thing I don't like is the price. I use this stuff to attach my equipment to very fast moving quadcopters and other flying RC aircraft. Works very well, much better than normal ""hook and loop"" stuff.",Positive,Positive,Positive,Positive,Positive
"used it in ruger, hipoint for better grip, aluminum wallet & it does not slip in my pockets and my sony phone & my mom's samsung phones & she has not drop it when it has this tape. will buy again if i will need it.",Positive,Positive,Positive,Negative,Positive
"good price works, i'm a noob but my son help me a lot , it great works can't be price. purchase this in Dec 2016 ,and now its march 2017, made saveral items with this printer. had not had any problems with yet. now printing an old Asian city not completed yet but almost their.",Positive,Positive,Positive,Positive,Positive
Great price and great vac! Easy to empty great suction that doesn't get worse as it picks up dirt like the old one we had.,Positive,Positive,Positive,Positive,Positive
They are staples. They work,Positive,Neutral,Neutral,Positive,Positive
What a great product. I bought this for my Qidi Tech I to replace the stock setup that uses a teflon tube. It took me about 30 to 40 minutes to remove the old hotend and replace it with this one. The filament flows so much nicer out of this nozzle than the stock nozzle. I think it's due to the teflon tube in the old hotend deteriorating over time.,Positive,Positive,Positive,Positive,Positive
"Great price for the connector, have used them multiple times in my electronic projects with no issues.",Positive,Positive,Positive,Positive,Positive
"Great size for mounting tools, knives and scissor.",Positive,Positive,Positive,Positive,Positive
Great filament will continue to buy.,Positive,Positive,Positive,Positive,Positive
Bought these to use with various chemicals from isopropyl alcohol to chlorine bleach / water. So far they stand up just fine. I do rinse the one used with bleach as it is so corrosive.,Positive,Positive,Positive,Positive,Positive
Exactly as described,Positive,Neutral,Positive,Positive,Positive
bright white smile! best toothpaste!,Positive,Positive,Positive,Positive,Positive
"Did not fit my door track, look closely. I was able to merge the new one with the broken one and make something that works however.",Positive,Negative,Neutral,Negative,Negative
They fit perfectly and were just what I was looking for. I used them for my printrbot simple because I had lost some.,Positive,Positive,Positive,Positive,Positive
Good Kit,Positive,Positive,Positive,Positive,Positive
"A bit slow on the read out, but for the money it gets the job done..",Positive,Neutral,Negative,Positive,Positive
Very quike response great to work with and would do it all over again,Positive,Positive,Positive,Positive,Positive
"Some report cracked and broken plastic cases. My case was perfect, a nice plastic case with foam cutout for the caliper, spare battery (provided), and the baby screwdriver to service the battery compartment. To get to the battery, use the baby screwdriver, flip the caliper over and you see 2 tiny screws very close together. Remove the screw in the deepest hole. That lets the front cover fall loose. Careful with the tiny screw, if it hits the ground, you are gonna need some really young eyes to help find it. When re-attaching the battery door, the door has a little lip which slides into a notch. Press closed, drop in the tiny screw, snug it up with the baby screwdriver, done. Takes longer to say than to do. I checked the calipers on some new feeler gauges. It's dead on with all blades on the feeler gauge, and you can zero it before each measurements with the push of a button. I feel more important just by owning it. :)",Positive,Positive,Positive,Positive,Positive
These test leads are made very well. The lead wires are highly flexible and apparently consist of very fine copper strands. Move about in nice fluid motion without hindrance or hesitation. Very nice leads...made very well. Quality. Impressed and pleased with them. Furthermore the 'Fluke AC175 Threaded Slide-on Alligator Clip Set with Flexible Boots' fit these leads perfectly. The two mate very well and there is no play after installing the alligator clips to the end of the threaded portions of these test leads. Very tight tolerances.,Positive,Positive,Positive,Positive,Positive
"Worked for what I intended, great stuff.",Positive,Positive,Positive,Positive,Positive
Good stuff.,Positive,Positive,Positive,Positive,Positive
"Okay, hands down the best product I have used. CLP was formulated for the Govt who wanted one product in the field to clean, lubricate and protect weapons in the field. This product has performed excellent on guns with many finishes from blue to parkerized. With this lube I don't pick a gun out of my safe and find the oil has dried only to have to clean it again before I go to the range. If you want top notch protection for your investments then this is what you should use. The handy size is great to bring to the range for a little extra lubrication when needed.",Positive,Positive,Positive,Positive,Positive
"I get the best adhesion of any other method I've tried with ABS 3D printing. I use this tape in conjunction with ABS ""Juice"" (dissolved ABS plastic in acetone). Put the tape on the bed, use a paper towel to wipe a thin layer of ABS Juice over the top. I've printed huge parts using this method where before the plastic would warp and curl up off the bed. Where glue sticks and hair spray have failed, this has succeeded. The only problem I've really experienced is that it can work a little too well. It's hard to get the parts free. I always end up tearing the tape, so I have to use a new piece with each print. The tape is a little frustrating to get on the bed with no air bubbles. Worth it to get warp free prints though.",Positive,Positive,Positive,Neutral,Neutral
"Nice large tube for the price. Smells strong when curing, but the smell goes away after 8-24 hours. Seems to hold very well.",Positive,Positive,Positive,Positive,Positive
"Had to shorten it a little for my trailer winch. Works great and should last. My last strap had the stitching die and then after I sewed it again, the hook snap died. This is a strong strap and heavy duty hook. I doubt there will be any issues with it.",Positive,Positive,Positive,Positive,Positive
"They are staples...They work... Extra strong... Think staple size of a construction hammer tacker (not an exaggeration, actually that size)....",Positive,Positive,Positive,Positive,Positive
4 months later and they still zero out correctly and has been a great aid in making 3D models on my printer.,Positive,Positive,Positive,Positive,Positive
"I used the three to indicate main power, 120VAC -> 12VDC, and when my heater element was active. They were easy to install using a step bit, and wiring is as simple as connecting two wires. They work great!",Positive,Positive,Positive,Positive,Positive
"Absorbent, Easily cleaned using the special microfiber cleaner.",Positive,Positive,Positive,Positive,Positive
"I purchased this recently in order to replace a set screw that came out and was lost in a fixture. This pack gives me probably as many set screws and as many different varieties as I will ever need. The price was very fair and much easier than having to go to a big box home store and buy several different sizes of set screws, hoping to guess the correct one. Then I would have to figure out what to do with the remaining screws. This solves those problems. Very happy.",Positive,Positive,Positive,Positive,Positive
"My dentist told me I was brushing my teeth too hard and to get an electric toothbrush which will help keep my gums from receding. I don't like electric toothbrushes as a rule because they make me dizzy. I don't know why. My ears are a mess and I am hearing impaired so maybe the vibrations do it. I went with this one because it was cheap and, if it did cause me issues, at least I wouldn't be out a lot of money. I actually like it quite a bit. It does the job and doesn't make me dizzy thankfully. The head is not too firm which is good and it cleans my teeth well. My mouth and teeth feel much cleaner after using this Spinbrush than when I use a manual brush and brush my teeth like crazy (which is what resulted n my gums started to recede and the nerves being exposed. OUCH!). My dentist says my teeth look better and my gums are much less inflamed and have not receded anymore. I was going to buy an expensive toothbrush is this one worked out and didn't cause me to get dizzy but why mess with what woks? This is cheap but it does the job well. I'm sticking with it. My adult son won't use any other toothbrush but the Spinbrush and he has great looking teeth. I'm sold!",Positive,Positive,Neutral,Positive,Neutral
"It does the job ... --- My Criteria: 5-star: does the job well, with extra advantages 4-star: does the job well 3-star: helpful but doesn't accommodate all needs that one would expect 2-star: sketchy performance at best 1-star: they showed up for evaluation and: I have NO connection whatsoever with any mfgr/distributor of this product .. Nor would I EVER accept any compensation in ANY form for ANY of my many reviews!",Positive,Positive,Positive,Positive,Positive
"I have very sensitive skin and am latex allergic. A doctor used this on me when I had to have something removed on my face. It sticks well, but does not hurt my skin or break me out. It is the only thing I will use now and I am so happy to have found it here on Amazon.",Positive,Positive,Positive,Positive,Negative
The unit seems to be pretty accurate.,Positive,Positive,Positive,Neutral,Neutral
very good product,Positive,Positive,Positive,Positive,Positive
Price for product can't be beat. Thanks Amazon,Positive,Positive,Positive,Positive,Positive
This multipack was about half the price of my local auto parts store. This is a must have when you don't have the right gasket or are making your own products.,Positive,Positive,Positive,Neutral,Positive
Nice but not as useful as the Shoulder Dolly 2-Person Lifting system.,Positive,Negative,Positive,Positive,Positive
It was what was advised.,Positive,Neutral,Neutral,Positive,Positive
Good stuff,Positive,Positive,Positive,Positive,Positive
worked fine for my needs in dust collection system in wood shop,Positive,Positive,Positive,Positive,Positive
"I live these, so much so, that I have repeat purchased them. I use them to monitor temperature in my chicken coop, refrigerator, outside at a glance and I the crawl space to keep pipes from freezing. They come wired for PC applications but adapt nicely to others. F or C selectable via rear jumper. One downside is the temp was off from each other by a few degrees F, and they are not adjustable. Not a big deal for my applications.",Positive,Positive,Neutral,Positive,Positive
"As many of you know, silver-based compounds are superior to silicone bases for CPU heat transfer. I can tell you that Arctic Silver 5 proves this to be the case. I read the customer reviews on Radio Shack's site and they all praised the RS silicone compound, but it does not work sufficiently for modern machines in my experience. I have an Intel I5 760 Quadcore processor with the stock intel heat sink. With the RS silicone base, I was getting CPU temps of 99C at 100% load! This is the core max temp and is obviously not good for the processor. I achieved this max temp within 30 seconds of running Prime95 torture test and within about 1 minute of running a heavy TIF file export out of Lightroom3. I needed a different solution. I tried dismounting the heatsink, reapplying the RS compound - same deal. (I applied properly with a thin layer, evenly spread). All to no avail. Ordered this Arctic Silver 5 stuff and immediately at application, the difference was obvious. It's extremely thick and spreads very evenly. I used a guitar pick and got it very thin and very even on the heat sink plate. I installed it and immediately ran the Prime95 torture test... Whereas I got to 99C in seconds before, I have been running the torture test now (it's still going as I write) for about 32 MINUTES and the core temps have not exceeded 85C! I will never use another thermal compound for my CPUs.",Positive,Negative,Neutral,Negative,Negative
Worked well. Place them on all cords as close to the speakers as possible.,Positive,Positive,Neutral,Neutral,Neutral
"It is a soft stone, but leaves such a beautiful finish it is worth it. I needed to dress it first thing, but after that it ran very true for me.",Positive,Positive,Positive,Positive,Positive
"This was my second purchase of the IC3D brand and I have found this product to be superior in quality and accuracy. The black PLA prints are clean and less far less glossy than the standard PLA prints I have created in the past. I highly recommend the IC3D high quality black PLA. I printed a black motorcycle cup holder that has been my best PLA print to date with this filament. Printing at medium settings (.2mm, 35 infill at a speed of 50) it produced a great looking product. This is my second filament purchase from IC3D and I am really satisfied that this company produces quality filaments.",Positive,Positive,Positive,Positive,Positive
"dap 12346 drydex spackle interior/exterior very easy to use. just the right amount of dry time. like that it comes in a tube, and is one color when applied, then white when dry.",Positive,Positive,Positive,Positive,Positive
Good price fast shipping,Positive,Positive,Positive,Positive,Positive
"Outstanding - It is so light compared to any vacuum with similar performance that I have ever seen. My daughter and friend tried it, and love it too. Now my daughter has one too... The hose does not stay in the clip on the handle very well, but that isn't a big deal. I took the hose and the attachments off the vacuum, since I so seldom use them. I have purchased two, and may buy some for my grandkids too... Christmas is coming, always.",Positive,Positive,Positive,Positive,Positive
Works ok,Positive,Positive,Positive,Positive,Positive
"Seems sturdy and works well. However, collapsing it is overly difficult, the release bar is so tightly sprung that the cart ends up flipping up because you have to step down on it so hard.",Positive,Negative,Neutral,Neutral,Neutral
Works great on just about everything.,Positive,Positive,Positive,Positive,Positive
"What can you say about staples. They work well. I bought the 1/2"" so they would go deeper. They are fine",Positive,Positive,Positive,Positive,Positive
Works as it should.,Positive,Neutral,Neutral,Positive,Positive
"Exactly as described, shipped fast!",Positive,Neutral,Positive,Positive,Positive
I love The stuff even though I was disappointed at how quickly it melted away when trying to Torchfire it onto a piece of jewelry. My advice would be to be careful how much heat you apply and for how long and less you want the piece to be totally destroyed,Positive,Positive,Neutral,Positive,Negative
Very nice pan for the price. Makes a great all purpose frying pan with easy clean up.,Positive,Positive,Positive,Positive,Positive
heavy duty wheel works great!,Positive,Positive,Positive,Positive,Positive
"Great little set for various uses, for small items, need hex driver sets which I have. Lot of pieces for the money, look forward to using them for various projects.",Positive,Positive,Positive,Positive,Positive
Exactly what I wanted and great service,Positive,Positive,Positive,Positive,Positive
Works as described.,Positive,Neutral,Neutral,Positive,Positive
This stuff works great. We routinely use Shaeffer Products in our shop because they make quality products. I used this most recently on an auto repair job on some old stubborn bolts and it worked excellent on them. Sprayed it on and waited about 5-10 minutes and they came right out.,Positive,Positive,Positive,Positive,Positive
Great PVC cement. Industry standard.,Positive,Positive,Positive,Positive,Positive
Durable quality,Positive,Neutral,Neutral,Positive,Positive
great product,Positive,Positive,Positive,Positive,Positive
"Have not checked the accuracy,but is working fine. Nice to have.",Positive,Positive,Positive,Positive,Positive
Perfect for shrimping. I use an protected assembly. Works like a champ.,Positive,Positive,Positive,Positive,Positive
"I received this in the mail today and it is a ""very"" nice unit. Is is smooth but a bit seemd little stiff (not jerky) out of the box. It does not have a ""thumb"" wheel like the Starret which I also have in this size. I tried the Starret without using the thumb wheel and it was identical to the this unit in effort required. So a thumb wheel will reduce effort to move. I tried both the Starret and this unit on a known object and got exactlly the same readings as one would expect. The Silver numerals on the black back ground are as easy to read as the black on white numerals on the Starret even in dim light. This unit has a solid metal dial case (Starret has plastic) which I really like and seems to be a touch smaller in over all dimensions than the Starret. The unit comes in an attractive dark grey plastic case with a positive slide latch mechanism. The Starret comes in a red plastic box wih a simple ""pop"" type latch. Additionally this unit has space in the standard plastic case that is supplied for a T-Bar depth base. You must upgrade to the optional case if you want that for the Starret. All in all it is really hard to choose between the two as both are qulity instruments. Note if you get the T-Bar depth base you need to order part no. 5.60013. It is finished in silver and sized in mm and is approximatley 3 inches long and will fit in the supplied box. Do not order part 5.60086. It is finsihed in black. It will fit the caliper but is too big at 3.35"" long to fit in the cuttout in the supplied case!",Positive,Positive,Neutral,Positive,Neutral
"I was very impressed with this product. They look to be the same quality of the ones used in classrooms. I bought these to make cool volcano projects for my kids. Works great, and they are fairly thick glass so they won't crack as easy. They are glass so be careful!",Positive,Positive,Positive,Positive,Positive
"My husband bought this as he hasn't been pleased with the quality of his sonicare brush heads lately and decided to give another brand a try. He said he likes it enough to not regret purchasing it, but not enough to commit to giving up his sonicare quite yet. He said he would not order one for me though as the brush head feels significantly larger than the sonicare brush head and I have a tiny mouth, so he wouldn't recommend it for small mouths! He likes that this brush you just replace the top part and don't have to worry about getting new heads that have faulty magnets in them and don't vibrate properly (his issue with sonicare).",Positive,Positive,Neutral,Negative,Negative
Useful,Positive,Positive,Positive,Positive,Positive
The toothpaste is soft and melts as you brush your teeth. Very gentle. The mint is not overpowering to the point that it stings.,Positive,Positive,Positive,Positive,Positive
"Great little drivers. Far better than the Pololu A4988s that I replaced. They work really well without producing any motor chatter, and the included heatsinks have really good adhesive on them, so they attach securely. Very pleased with these drivers.",Positive,Positive,Positive,Positive,Positive
Bought this adaptor to attach our aluminum downspout to the flexdrain. It does the job of keep the water away from our house and even made it through Hurricane Irene. That surely was the acid test for any outdoor product.,Positive,Positive,Positive,Positive,Positive
"The only filament that prints great, and is affordable.",Positive,Positive,Positive,Positive,Positive
"Great product line, Gorilla glue does an awesome job adhering broken ceramic figurines to bonding wood and plastic easily. Many uses, Solid and proven fixer for those ""oops"" times when the feather duster knocks items off the shelf and you don't want to score the wrath of your spouse. Gorilla glue saves relationships!",Positive,Positive,Positive,Positive,Positive
"I would love to tell you that it'll never break & that this is a 1 time buy , but stuff happens. It's heat resistant not break proof , but it's so nice to use over the cheapness of the others out there. Spend the extra money & enjoy and if it happens to slip out of your fingers during a whiskey proof , or whatever -- maybe don't be quite as drunk on your own concocted beverage while using the Pyrex -- get the plastic one out for those nights. Personally I have 3 -- I will risk breaking just to get to use them. Fortunately no breaks & just hard knocks & a few slips thru the fingers to glass table so far , but nothing has broke either.",Positive,Positive,Neutral,Negative,Negative
Perfect for my Camp Nurse clinic.,Positive,Positive,Positive,Positive,Positive
"This blue is a lovely shade, represented well on the computer screen. However, the pleasant surprise for me was the iridescent sheen it also has. We were printing small dolphins for the Elementary School and was pleasantly surprised with the effect. It was easy to install and arrived super quick. We will continue to buy Dremel brand filament.",Positive,Positive,Positive,Positive,Positive
You really need to get this if you have a tens device. For those that have one already you already know you need this. For those that don't and are just getting into using a tens device you will quickly see this stuff is needed.,Positive,Negative,Positive,Neutral,Neutral
I had one of these a long time ago and lost it when I loaned it out to a buddy who never brought it back. Just bought a new to me used vehicle and have been working on it to repair some of the small faults that come with an older vehicle. I found myself needing to see where I could not see conventionally so I bought this. It has helped me three times already make repairs in tight places. Glad I bought it.,Positive,Negative,Neutral,Positive,Positive
Looks great!,Positive,Positive,Positive,Positive,Positive
I was very happy with this item. It meet my expectations and work as described.,Positive,Positive,Positive,Positive,Positive
"These are great magnets. They have a very strong hold. I used one to hang a partially-full backpack from a metal ceiling. I have not conducted a formal experiment to see if they will really hold 40 lbs, but when stuck on a horizontal surface, I can definitely say they at least come close.",Positive,Positive,Positive,Positive,Positive
great product. we used them for pressing and wrapping sausage and worked like a charm,Positive,Positive,Positive,Positive,Positive
"clear picture, very nice for the price",Positive,Positive,Positive,Positive,Positive
It came out really good.,Positive,Positive,Positive,Positive,Positive
Great value. These would have cost a fortune at radioshack or any local parts store. The box has more than I probably need but I am glad to have them and I am sure I will get my money's worth from the ones I do use.,Positive,Positive,Positive,Positive,Positive
Perfect for fishgeeks great size for doing water changes rolls up and fits in a bucket really well expensive for a small peace of hose,Positive,Positive,Positive,Positive,Positive
as advertised,Positive,Neutral,Neutral,Positive,Positive
Shipped quickly and was just as described.,Positive,Neutral,Positive,Positive,Positive
I LOVE DUCT TAPE; this type can be used in any application where you don't want to see the tape.,Positive,Positive,Positive,Positive,Positive
good clamps for a good price would be better rod and the part with two prongs were one solid piece but you get what you pay for and it dose what it should. No complaints,Positive,Positive,Positive,Neutral,Neutral
best tape ever,Positive,Positive,Positive,Positive,Positive
great product,Positive,Positive,Positive,Positive,Positive
Work as expected.,Positive,Neutral,Neutral,Positive,Positive
"Works Great, would Buy Again!!",Positive,Positive,Positive,Positive,Positive
"This one still going strong after almost a year of use. Not perfectly flat, but decent.",Positive,Positive,Positive,Positive,Positive
"My handtruck has the wheels retained on the axles with these. I had to remove a tire to repair it, and the original retainer broke as it was being removed. I searched the internet, including Amazon, for a replacement, but could not find one of the appropriate size. Two days later, on Amazon again, there it was, on the ribbon part way down the page I happened to be on. Thank you Amazon, for finding this for me. They are high quality, stainless steel, and fit perfectly. When I first received them, I thought the count was wrong, as they were packaged in a plastic bag, and I could only see 3. But upon opening the bag, I found that several were nested, and impossible to discern as being nested, without first opening the bag.",Positive,Positive,Positive,Negative,Negative
This Stuff is AMAZING!,Positive,Positive,Positive,Positive,Positive
"I used this primarily for color coding our luggage for easy identification. It is thin, stretchy, and very sticky, so I was also able to use it to protect the outside edge of my 3 and 5 wood golf clubs which were getting chipped.",Positive,Positive,Positive,Positive,Positive
"What I like: It's small, which means it fits in a small apartment closet. It's lightweight. It does a very good job. The power button is foot activated. It does a much better job that would be expected, given the low price. What I dislike: It's small, which means it doesn't clean a very wide section at a time. There is no handle release. You just sort of add counter-force and pull it down. There are very few attachments, and you need to turn a knob to turn from cleaning the floor to using the attachment, which is a little inconvenient. Overall, for apartments, the combination of size, price, and power is perfect.",Positive,Positive,Neutral,Neutral,Neutral
Thank you!,Positive,Positive,Neutral,Positive,Positive
These gloves work great and don't tear as easily as the thinner ones.,Positive,Positive,Positive,Positive,Positive
"Great filament- I never have any problems with 3DS. I do wish they would add just a bit more color- many of their filaments are not as opaque as I would like. The navy is a good, solid color.",Positive,Positive,Positive,Positive,Positive
Works excellent..it is the industry standard.,Positive,Positive,Positive,Positive,Positive
Does the Job.,Positive,Neutral,Neutral,Neutral,Neutral
Used to use for hot tub - now use for canning (to make sure food product is acidic enough for water bath). Love them.,Positive,Positive,Positive,Positive,Positive
"The glass is a little thicker some places around the mouth, so it is made a bit unevenly. I plan to use it to heat oil on a little plate stove so I am afraid it may burst. I will have to report back. The price is right, if you plan to use cold I think you may be pleased. UPDATE: After a comment I received and a little research I feel it safe to heat. I am not sure if anything changed since I purchased this but the page seems to show a little more complete description than I remember. The little one is still unused, I may just use it to make a mini hookah pipe. Or a shot glass.",Positive,Positive,Neutral,Neutral,Neutral
Really nice O-Scope for this price.,Positive,Positive,Positive,Positive,Positive
great product ..my goto filament,Positive,Positive,Positive,Positive,Positive
Works great!,Positive,Positive,Positive,Positive,Positive
good for all small radio/ audio wire installation I will buy more and the future kit good quality and price,Positive,Positive,Positive,Positive,Positive
One good smooth sanding for my grinder! Price is unbeatable.,Positive,Positive,Positive,Positive,Positive
"This is a nice set which includes two different color coded power toothbrushes with batteries, plus two extra brudh heads, plus a tube of toothpaste. Everyone in the family uses power toothbrushes. At home we use OralB and Sonicare, but I took Spinbrush to work to use after lunch. I think it works as well as more expensive brushed we use at home. The handle is comfortable,vand I like the dual action brush heads - one spins,can other reciprocates. It is a bit loud, but not much more than my OralB 4000 at home and not so much that you cannot tolerate it for two minutes. The clean feeling in my mouth is worth it. The toothpaste is fine. It didn't whiten my teeth, but it could be because I have been using whitening toothpastes for years. Nice set overall",Positive,Positive,Positive,Positive,Positive
I bought this to repair to the family star ship. Allows me to enter warp drive by holding the bobit in the receiver socket. No longer pops out when I enter wrap drive. (It is just tape.....good ol scotch electrical tape....it is sticky).,Positive,Negative,Neutral,Positive,Positive
Arrived in great shape. I like them for carrying around a small amount of essential oils.,Positive,Positive,Positive,Positive,Positive
these are excellent,Positive,Positive,Positive,Positive,Positive
Better files cannot be purchased! Nicholson is the top of the line!,Positive,Positive,Positive,Negative,Negative
"Very easy to use, is just what an sphygmomanometer should be. As a critical care nurse, I highly recommend this. Cuff appears to have a pretty wide range of arm sizing, from say Medium to Large, but may not work as well on a pedi or a XL/XXL cuff if needed. Great for an average-ish spectrum of people.",Positive,Positive,Positive,Positive,Positive
A perfect bake and toss non-stick pan that you can cook a nice size salmon without having to clean up a bunch of cookware. This is nice because I am the only one in my family that really likes salmon and I usually will bake a modest amount of fish at one time so I can eat it over a few days.,Positive,Positive,Positive,Positive,Positive
"As a contractor, I tend to buy a lot of tools knowing that someday I'm going to need them and in THAT ONE TIME, they will pay for themselves. I recently installed a large volume of prefinished hardwood flooring for a client and wished that I had bought these when I needed to move their Grandfather clock back into the room. Glass on three sides. People complain about the harnesses, but for a mere $10 extra you give yourself another aid that may make the original product adapt to an unusual situation. At $30 for the whole set, you will thank yourself the one time you save a valuable piece of furniture.",Positive,Positive,Neutral,Neutral,Neutral
"Two packs of litmus paper, perfect for home school chem lab",Positive,Positive,Positive,Positive,Positive
Love gorilla glue They are strong and it holds well Got it for work to fix some fall out parts and it holds very well,Positive,Positive,Positive,Positive,Positive
"Never have problems with inland filament. Lays down smooth, great layer adhesion.",Positive,Positive,Positive,Positive,Positive
Now they can't say they weren't warned :-),Positive,Positive,Positive,Positive,Positive
EXCELENT PRODUCT,Positive,Neutral,Neutral,Positive,Positive
"The Sawyer Water Filter ! Both Ends ! 5/16 "" ID Fits So Perfectly ! A Perfect Grip ! On Or Off ! Prying ? Optional ! Cut As Needed ! Inside The Bottle Or Out ! Food Grade Soft Silicone ! And The 1/2"" OD ? Impressive ! Snow White ? Almost ! And So Soft And Rubbery ! Thanks Amazon ! All Good ! 10 Feet !",Positive,Positive,Positive,Positive,Positive
"I love the quality and the price of this filament and its the only brand i use since i start in 3d printing, i really recommend it",Positive,Positive,Positive,Positive,Positive
Excellent product!,Positive,Positive,Positive,Positive,Positive
I use these for growing cannabis in. They are tough containers.,Positive,Positive,Negative,Positive,Positive
Fast shipping good price.,Positive,Positive,Positive,Positive,Positive
"I purchased the wrong thing so I was a little disappointing when it didn't work. However, I set it up the right direction on another device and it works great.",Positive,Positive,Positive,Positive,Positive
Good,Positive,Positive,Positive,Positive,Positive
It's a chain and it's safe!!!,Positive,Positive,Positive,Positive,Positive
"I see a lot of fuss about how bad the ""cheap"" v6 hot ends are and I don't understand it. This is a nice item and performs well. I had to clean up the machining where the filament enters but that's a small price to pay for such a low priced item.",Positive,Positive,Positive,Positive,Positive
nice,Positive,Positive,Positive,Positive,Positive
Works OK but not very loud on 5v.,Positive,Positive,Positive,Positive,Positive
Easy to install and use. Works great with my Arduino projects.,Positive,Positive,Positive,Positive,Positive
Great deal,Positive,Positive,Positive,Positive,Positive
See title ~~~~ much cheaper at local store,Positive,Positive,Positive,Neutral,Positive
I wish more places had this flavor. It's perfect for just freshening your mouth in between meals.,Positive,Positive,Positive,Positive,Positive
"as described, works fine",Positive,Positive,Positive,Positive,Positive
This stuff is fantastic sued in places were its to small for shrink tube.,Positive,Positive,Positive,Positive,Positive
Works great,Positive,Positive,Positive,Positive,Positive
Wonderful vice for my watchmaker/clockmakers bench. The swivel head really comes in handy!! I'll be ordering another one for my electronics bench.,Positive,Positive,Positive,Positive,Positive
Nice terminals for my low voltage distribution.,Positive,Positive,Positive,Positive,Positive
"It arrived, it has all contents and should be fun to use.",Positive,Positive,Positive,Positive,Positive
Best filament I have used in my Robo R1+. After 20+ rolls I have had only 2 jams and one filament break.,Positive,Positive,Positive,Positive,Positive
"Nice meter and functions. Tracks highs and lows. Great for setting up your humidifier/dehumidifier and monitoring accuracy, checking various rooms in the house/basement.",Positive,Positive,Positive,Positive,Positive
YES!!,Positive,Positive,Neutral,Neutral,Neutral
Great quality did the job and no defects.,Positive,Positive,Positive,Positive,Positive
I use mine for rehydrating dry yeast for brewing - these flasks are great to heat directly on my gas stove and going directly into an ice bath without any signs of stress. The flask arrived clean and without any visible defects. Thanks for a great product.,Positive,Positive,Positive,Positive,Positive
works great,Positive,Positive,Positive,Positive,Positive
"Good restock price. My parts drawer was getting low on this very handy IC. Note, these are not wide voltage range models. Look at data sheet to see P package specs.",Positive,Positive,Positive,Neutral,Neutral
"This will Hold any thing....One Thing, Let it Dry for 24 Hours, and Your Good to Go!!!! TWO THUMBS-UP!",Positive,Positive,Positive,Positive,Positive
"I like these bottles alot, they don't leak,I will get more of them as needed",Positive,Positive,Positive,Neutral,Neutral
"I finally tracked down this package of three carpets and another smaller package after one and one-half days of looking, emailing, Amazon and UPS telling me my package had been delivered to my porch at 5:06 PM the day before etc., at a house number 586 while my house number is 566. I think this was a different UPS driver than the woman who usually delivers to me. At my suggestion, we cut a handle hole in the side of the box as I planned on dragging it home. However, my neighbor's son carried the awkward 37 pound package to my house two houses away. How nice is that? These are only people I usually just wave to in passing. Nice neighbors. This is the first goof up from UPS for me - ever! I absolutely LOVE these 3' x 5' indoor/outdoor carpets. One at my front entrance, one at the back french doors on the inside and one on the outside deck, where my husband stands to smoke. The inside one replaced a beautiful throw carpet which wrinkled when the door was opened and closed too often. I had previously order a smaller 2' x 3' carpet, the same as these, so that I already knew this was what I wanted. I placed the smaller carpet at the top of the deck stairs. I really like the ""teeth"" on the back that grab the carpet inside the house so that the 3' x 5' won't move. I particularly like the heavy rubber backing helping hold the carpets in place on the deck and the front porch entry. These are very substantial and look like they will last several years. The colors are as shown and I would describe the color as camel rather than medium brown.",Positive,Positive,Neutral,Negative,Negative
"Excellent product. I thought it was a gimmick but I got it because my wife wanted one. I can't believe how much of a difference it makes in keeping the doghair and dirt off the floor. It goes over thresholds, between floor types, over the dog bed, you name it and doesn't seem to get stuck. The one thing that will get it stuck in a heartbeat is shoelaces. I've never owned the competitor brand but I am very happy with how this thing finds it way around the house. Get one and cut out %99 of your vacuuming.",Positive,Negative,Positive,Positive,Positive
DOES THE JOB,Positive,Neutral,Neutral,Positive,Positive
Hatchbox is the only way to go!,Positive,Neutral,Neutral,Positive,Positive
"While this will not replace our current household vacuum,&nbsp; Dyson Ball Compact Animal Canister Vacuum Cleaner &nbsp;- it is up to the task. We prefer the versatility of our canister vacuum over this upright...mainly due to mobility, size and weight. This is also louder than most vacuums we have owned...but also not the loudest - middle of the road. Favorite thing is the EXTRA long bright orange cord - can vacuum almost the entire carpeted area of our home without moving the plug (everything but the laundry room). The width was surprising, fits under most of our furniture - reducing the time spent on this, often dreaded, task. The last commercial/industrial upright vacuum we owned, an ORECK, had a magnetic bar which was amazing for my sewing/craft room.",Positive,Positive,Positive,Neutral,Neutral
Used a drop at a time this should last you about five years!,Positive,Negative,Neutral,Positive,Positive
We bought this for our fun ghost hunting and just to see what the meter would read around the multiple computers and wireless devices in our home. Really fun and seems accurate for the price. Would recommend to others.,Positive,Positive,Positive,Neutral,Neutral
Superior to every other door bumper I have purchased. The difference in noise is significant. I put two on each door and four on each drawer (all of the corners that touch the frame). My kitchen and bathrooms are much quieter now.,Positive,Positive,Positive,Positive,Positive
I use this for headphones from the TV. Works great if you understand how to use it. Recommended to (2) friends and helped them put it in and they love it.,Positive,Positive,Positive,Positive,Positive
Unique and excellent tape for reinforcing bike cable connections on handcycle.,Positive,Positive,Positive,Positive,Positive
"I needed to drill out a hole in an aluminum fuel tank to 1.25"" size. With this bit I was done in 20 seconds.",Positive,Neutral,Neutral,Positive,Positive
"I know...they're squirt bottles. But hey, if you're here looking at them you were like me and probably needed some sprayers. In the past, I've used Rubbermaid, ZEP and a few other brands of sprayers. I won't say they were terrible, but I'm here purchasing more for one reason or another. First, these hold 32 ounces of fluid which may be more than you actually need or want. When fully, they are a little heavy. What I really like about them is they are clear, so I can see if whatever solution I have in them is, well, no longer in solution! A visual inspection is nice and it's easy to do with these unlike opaque or colored bottles. Second, the sprayer head itself has a very long trigger on it which makes it possible to wrap all your fingers on the trigger. This may not sound like much, but when you have a lot of spraying to do, it really lessens fatigue. Lastly, the pump is very stout and moves a high volume of fluid. The fine mist is saturating and the stream is more like a super soaker than a spray bottle! My two year old LOVES this setting. All in all, they are great to have on hand and they seem like they will last. I hope you found my review helpful and if so, please click the yes button below. Thanks!",Positive,Positive,Positive,Positive,Positive
Only shows celsius.,Positive,Neutral,Neutral,Positive,Positive
"The HHIP 8401-0448 20"" LED Waterproof Bolt on Work Light is an awesome work light. I'm wondering if some work needs to be done on the product name...HHIP 8401-0448. Hmm...sure the whole thing isn't bad ""HHIP 8401-0448 20"" LED Waterproof Bolt on Work Light"". But anyway, on to the actual physical light. When I chose this to test, I thought it was just a regular clamp on style work light. Well when I got this I was impressed by the initial weight, which was quite hefty. Then I opened the box and was impressed by how industrial this work light appeared. The gooseneck is like a full finger width, which is quite substantial. The actual product gooseneck is more subtle than what you see in the product shots though but still a very robust gooseneck. Now because I love this work light, I'm not going to be dipping it in water to test the accuracy of the waterproof quality, I'll leave that up to happenstance. The lumens count at 330 is very adequate for what I am testing it with. It lights a room quite well with the ambient reflection but concentrates the beam nicely too. The on/off switch is located at the head or led array end.",Positive,Positive,Positive,Positive,Positive
"lasted about a year an a half till it went spam crazy, the knob was not responsive and went wack.",Positive,Negative,Neutral,Negative,Negative
ok,Positive,Positive,Positive,Positive,Positive
Works well so far.,Positive,Positive,Neutral,Positive,Positive
Nice Tweezers.,Positive,Positive,Positive,Positive,Positive
I use it and it great,Positive,Positive,Positive,Positive,Positive
I was skeptical that these could be as good as the others were saying when I ordered mine. They arrived today. I am skeptical NO LONGER. I WILL order more!,Positive,Negative,Neutral,Neutral,Neutral
Im going to use this to store my wool futon mattress in when Im gone travel'in.,Positive,Neutral,Neutral,Negative,Negative
"I think many who are buying this are looking for a Prusa Orange. Well it is close, but Prusa orange is a bit more intense / day glow and this is a bit more whiter. But if you want a good PETG that is close to Prusa Orange it will work, Prints good. Typical results of a good PETG.",Positive,Positive,Positive,Neutral,Neutral
"Excellent transaction, quick, complete and exactly as described.",Positive,Positive,Positive,Positive,Positive
I ordered this to give to my niece with her 3D pen as a gift. The plastic worked well with the pen (which eventually broke).,Positive,Positive,Neutral,Positive,Positive
Fantastic product and delivered right to my door. FANTASTIC!,Positive,Positive,Positive,Positive,Positive
"Looks good, reasonable size. the first one I had lasted about 3 years in the Phoenix sun. Just got another one to replace it. In a normal environment, it would probably hold up 10 years. Just not here!",Positive,Positive,Positive,Negative,Negative
"I'm pleasantly surprised with this new PVC glue. For many years I've used the older type (the kind that really stinks) but this stuff is virtually odorless. However, instead of telling you to still use the old fashioned cleaner before applying the glue, they say to apply the glue twice - once to sort of clean the pipe followed by a second application. This is just silliness. Use the regular old cleaner first and then the Gorilla glue and the rest is per the instructions on the can.",Positive,Positive,Positive,Neutral,Neutral
works great,Positive,Positive,Positive,Positive,Positive
Solid Dewalt product. The unit is incredibly strong and rigid making it impossible to believe it would not apply pressure evenly. It is top quality as I expect and the Dewalt genuine name is unquestionable. Love these Dewalt products. I buy them whenever I get the chance.,Positive,Positive,Positive,Positive,Positive
"Awesome assortment. Bought one kit and I have built with it nearly a dozen projects. Tables, chairs, cabinets, a bed, and more. Great flexibility with the different threads and lengths for use with many types of materials.",Positive,Positive,Positive,Positive,Positive
It didn't quite make 7kv but it did make about 5kv so not to bad.,Positive,Positive,Negative,Neutral,Neutral
"Professional quality, well made, light, and easy to put in your first aid bag or trauma bag. It is well designed and comes with a one way valve to protect you from who knows what might come back at you. Best price I could find in a thorough search of the Internet. I liked it so much I bought two.",Positive,Positive,Positive,Positive,Positive
"Finally a spill proof, old school, metal gas can. Easy to fill, and pour no mess and no hassle.",Positive,Positive,Positive,Positive,Positive
Super easy to use - push button and watch changes. Had no way to calibrate but picked a couple rooms in current home for comparison to prospective new home. Helpful.,Positive,Positive,Positive,Positive,Positive
above average quality. Still a bit pricey but it's a plug and play solution!,Positive,Positive,Positive,Neutral,Neutral
Very pleased,Positive,Positive,Positive,Positive,Positive
Great Product.,Positive,Positive,Positive,Positive,Positive
Seems to work well and easy to install.,Positive,Positive,Positive,Positive,Positive
"Didn't realize I ordered these, but I definitely recommend getting the circuit-spacer-pcb-connector-things to go with these. That way, you can remove these chips by tugging them off instead of resoldering. I had one of these overheat and fail on a 5v circuit that involved powering a guitar and outputting to headphones. I wish I had heat wells for these too(because they need them).",Positive,Positive,Negative,Negative,Negative
"Actually I haven't used them yet, so I really cannot comment on longevity, however they are precisely traced, doesn't appear as though any pads will lift, I would buy them again.",Positive,Negative,Positive,Negative,Negative
good screws for security. Mounted my car amp with these.,Positive,Positive,Positive,Positive,Positive
"love paslode products and guns, saves so much time and work",Positive,Positive,Positive,Positive,Positive
OK,Positive,Positive,Positive,Positive,Positive
"Fast shipping, great product.",Positive,Positive,Positive,Positive,Positive
"Whether you plan to use this for cleaning, gardening or crafts, this cart provides you with plenty of room and mobility. The wheels and handle mechanism remind me of luggage. The wheels operate smoothly over both carpets and hard floors. I used it to transport items to our greenhouse. It did well on paved surfaces, dragged a little bit on grass but arrived at the location without toppling or requiring much effort. It comes with a handy caddy and plenty of removable dividers that allow individual organization. The fabric is coated with teflon and resists stains, oil and water. Even when loaded it is easy to maneuver and still relatively light. This cart is sturdy and versatile. I have a friend who does hair and makeup for weddings and special occasions. She uses this version to tote her makeup and hair products to different venues. It is solidly constructed and should last for years.",Positive,Positive,Positive,Positive,Positive
work fine,Positive,Positive,Positive,Positive,Positive
"Great connectors, leak free so far. Just wish they were brass.",Positive,Positive,Positive,Positive,Positive
"Truly amazing lubricant product. I used it on an old vise, some tools and other metal parts. Seems to really work so far. The ""wet"" evaporates quickly. After reading some comments, I was dreading removal of spill or mis-application. However, cleanup is not too bad (use washes of first acetone / then 90% alcohol /acetone /alcohol).",Positive,Positive,Positive,Positive,Positive
"One of the best Colloidal Silver gel products available anywhere. FDA approved, 55 PPM (parts per million), antimicrobial. Water soluble, anti staining, and if applied and allowed to air dry without covering, provides a clear / non-shiny protective small wound covering. Works excellent as an under bandage anti-bacterial. This product has replaced and provides better protection than the greasy neo-what-ever ointments we previously used. Package says: Lasts up to 3 days, kills bacteria, fungus, and yeast. I even used it to heal a very irritated gum in my mouth with gauze backing. Odorless / tasteless / non-stinging. Wish they sold this in larger tubes. I always buy extra to give to family & friends. We have this in our travel case. Even my MD was impressed & is OK with it. Do you own research; Colloidal Silver works.",Positive,Positive,Positive,Positive,Positive
Fast shipping great price on hard to find/get materials,Positive,Positive,Positive,Positive,Positive
Good quality switches for the price. Timely delivery. A good buy.,Positive,Positive,Positive,Positive,Positive
Great purchase. Very handy for integrating new circuits designs to existing designs.,Positive,Positive,Positive,Positive,Positive
Good product,Positive,Positive,Positive,Positive,Positive
"I am very happy with this gauge. It is super accurate and the reading is reliable. It shows 2 types of reading. One is a representationn of a bubble level. This shows absolute level. That is the level that derived from a perpendicular line to a line right down through the center of the earth. The other representation show a degree reading relative to the bubble level. This is all very useful stuff. For example, in setting up a drill press or a table saw blade. Unfortunately, my first one had a broken movement inside and would not read reliably. The replacement is perfect. This is a very useful tool if you often need to work with relative angles or to find level.",Positive,Positive,Positive,Positive,Positive
Rapid Air Tee Fitting: Must have fitting when designing your Rapider system,Positive,Neutral,Positive,Positive,Positive
Easy way to untwist your fuel hose. Nice solid construction.,Positive,Positive,Positive,Positive,Positive
"Exactly what I needed! Clear, odorless, very effective. Use only a very little, it is quite adhesive and overly large amounts will be hard to remove. It takes a drop the size of a pea, and provides plenty of hold with only that little. Don't overuse. I ordered three and at the rate I am using it, these will last a very long time! I am very satisfied with this product, Great value for the money!",Positive,Positive,Positive,Positive,Positive
Works well and is priced right. Would buy again!!,Positive,Positive,Positive,Positive,Positive
OK,Positive,Positive,Positive,Positive,Positive
"Filter aid works, personally I'd like it better if it was a bit more flexible. It does work fine and as long as it does not harden with age should out last me.",Positive,Positive,Positive,Positive,Positive
"I USE THESE FOR DIY E JUICE. THEY ARE LISTED AS FOR INDUSTRIAL USE. WORK JUST FINE. IF YOU SPEND EXTRA MONEY ON STERILE ONES, THEY ARE NOT STERILE AFTER YOU USE IT THE FIRST TIME. I KEEP ALL MY STUFF CLEAN, AND CLEAN AS I GO. MAKE SURE TO DOUBLE CHECK THE LUER LOCK NEEDLE BEFORE YOU USE IT. MINE ON THE FIRST ONE I OPENED, FELL IN A BOTTLE. NO PROBLEM, JUST POURED THE LIQUID INTO A BEAKER AND CAUGHT IT ON THE WAY OUT. ONE NOTE, IF YOU ARE DOING MENTHOL, MENTHOL COMES FROM EUCALYPTUS. MENTHOL FLAVORING CRYSTALIZES ON CERTAIN PLASTICS, NOT ALL. IT DOES CRYSTALIZE ON THESE, SO YOU CAN NOT USE THE SYRINGE OVER AND OVER EVEN IF YOU WASH THE HECK OUT OF IT. YOU JUST HAVE TO FIND A GOOD SYRINGE BY TRIAL AND ERROR FOR MENTHOL. I FOUND ONE IN THE KITCHEN DRAWER THAT WORKS. IT WAS FROM THE PHARMACY, ONE THEY GIVE OUT FOR KIDS MEDS. WORKS GREAT. JUST WANTED TO SHARE WITH ANY FELLOW E JUICE DIY'ERS. THESE ARE GREAT SYRINGES, AND THE QUALITY HAS NOTHING TO DO WITH THE MENTHOL ISSUE.",Positive,Positive,Positive,Positive,Positive
I would have huge problems in my projects if I did not have this wonder tool. So worth the money.,Positive,Positive,Positive,Negative,Negative
"This filament is awesome, layer adhesion is great, prints really smooth. Must buy again..",Positive,Positive,Positive,Positive,Positive
buen producto,Positive,Neutral,Neutral,Positive,Positive
High quality stuff. 5 stars.,Positive,Neutral,Positive,Positive,Positive
Typical DeWalt high quality. Works very well,Positive,Positive,Positive,Positive,Positive
"Absolutely blew my mind. I'm designing whatever I can dream up, and then I can hold it in my hand! Get this! This is worth it, thingverse.com is going to be your best friend.",Positive,Positive,Positive,Positive,Positive
"So far, so great! Working just as expected. It was a bit annoying to have to splice wires, I am not sure why that is necessary, but it worked out fine.",Positive,Positive,Neutral,Positive,Positive
"Great buy and it can be used in a variety of creative ways. I had received a garden hose to try out, so I purchased this nozzle to use with it since the one I owned was very old and leaky. I love this nozzle! It has so many different settings that I was amazed. Any task you could possibly want to do . . . there's a setting for it. A very high quality piece of workmanship, this nozzle looks like it will last for a very long time.",Positive,Positive,Positive,Positive,Positive
I ordered clips as needed for the panels. These work just great. Will probably order more in the near future.,Positive,Positive,Positive,Positive,Positive
"This sheet is exactly what it says it is, and I found it to be in good condition when it arrived. By that, I mean it was pliable, not dehydrated, and its edges and surfaces were clean. I would have given it 5 stars except for the way it was labeled: the tag was stapled through one edge, about 1/2 in! If you intend to use this in strips, or you require a circle whose circumference approximates the full size of this sheet, you should know you will find the stapled area punctured and unable to seal.",Positive,Positive,Positive,Positive,Positive
"I had to increase the temp to 215C when printing, I found using a brim is best on this to get adhesion to my heated bed with glass cover. I would get it again when needing to print neon green models again. Printer used: Flsun mini klossel",Positive,Positive,Positive,Neutral,Neutral
"Okay quality. Won't burn too easily. A little thin, but plenty of them in all different sizes. Good value.",Positive,Positive,Neutral,Neutral,Neutral
"Have 2 on my 180 Gallon overflows, tight fit, no leaks, ordered these just in case, and found a use for them for the 55 gallon water barrel",Positive,Positive,Positive,Positive,Positive
This is our second Oreck Vac. First one is 15+ years old and workin great. These vacumes are light and easy to use. This one works well on wood floors. Seems fine on carpet.,Positive,Positive,Positive,Positive,Positive
I use this with yeast nutrient to give fermentation a good kickstart and raise the ABV in store bought juices to make country wine.,Positive,Positive,Positive,Positive,Positive
"The Dual Lock fastener is superb. It will hold anything that you can make the sticky back side adhere to. The locking strips will not separate accidentally, but use care in trying to attach the tape to a rough or wet surface.",Positive,Positive,Positive,Positive,Positive
ok,Positive,Positive,Positive,Positive,Positive
Loctite has been around for years and always performs as it should. I trust the name. I use this on the small screws on hand guns and rifles which have a tendency to come loose from the shock of firing the gun.,Positive,Negative,Negative,Positive,Positive
"This is such a good value. It displays more that just the current temperature, but also gives you the High and Low temperatures of the day. The humidity percentage works great also. I always keep it on my desk.",Positive,Positive,Positive,Positive,Positive
great deal,Positive,Positive,Positive,Positive,Positive
Decent tape for holding models.,Positive,Neutral,Positive,Positive,Positive
Works as advertised,Positive,Neutral,Neutral,Positive,Positive
ok i use it for soldering clean up mostly,Positive,Positive,Positive,Positive,Positive
Absolutely what I wanted and expected. Very professional service with timely delivery. Would Highly recommend!,Positive,Positive,Positive,Positive,Positive
good,Positive,Positive,Positive,Positive,Positive
"One of the most painful things to do for your 3D printer is clear a clog in the print head. Unfortunately these are a fact of life. I've used this eSUN cleaning filament many times (although the 1.75mm size), and it works well to get rid of stubborn jams. It basically cleans the bore of the nozzle of hardened plastic material, which is half the battle in getting things moving again. I recommend it. A little goes a long way.",Positive,Negative,Neutral,Negative,Negative
"If you are moving/packing, this is a great buy! We found ourselves wrapping many more items that originally planned because putting wrap on was faster that boxing, and worked just as well, if not better! The only change I would suggest is getting handles that spin as it makes wrapping a little slower not having this feature.",Positive,Positive,Positive,Neutral,Positive
perfect for my small pcb for my lantern from soda bottles thank,Positive,Positive,Positive,Positive,Positive
"I cannot imaging ever being without a roll of this stuff. I use it where most folks would use Duct Tape. When I really want fix that is permanent, I always pick this super adhesive metal tape.",Positive,Positive,Positive,Neutral,Neutral
VERY GOOD,Positive,Positive,Positive,Positive,Positive
these work graet,Positive,Neutral,Neutral,Positive,Positive
I really do like these recloseable fasteners. They work outside as well as inside. I have several on my plastic mailbox so that I can put my UVA flag on the mailbox during basketball season. I also use them to hold my doorbell and my thermometer. I am always finding different uses for these fasteners.,Positive,Positive,Positive,Positive,Positive
Not bad pink when is wet and white when is dry Does the job and dry pretty quick Easy to sand down,Positive,Positive,Neutral,Positive,Positive
Good product for camping and general use,Positive,Positive,Positive,Positive,Positive
"Works great. Being a novice to Arduino I had trouble modifying Marlin from watching YouTube videos and other commentary and reviews because of different versions of the library's and the Marlin program. I used Marlin-1.1.x and library item U8glib-1.19.1 on the Ramps 1.4 shield and Arduino MEGA 2560. When modifying Marlin in Arduino IDE, go to tab ""Configuration.h"", ignore line numbers and search (Ctrl+F) for ""REPRAP_DISCOUNT_FULL_GRAPHIC_SMART_CONTROLLER"", and remove the comment marks (//) in front of it. Also search for ""REPRAP_DISCOUNT_SMART_CONTROLLER"" and comment it out by adding ""//"" on the left side. Compile and load the code to your Arduino MEGA 2560 and Ramps 1.4. Power down and then power up again with the display attached, and be delighted with a functioning visual interface. Additionally, you have to enable SD Card support by searching for ""SDSUPPORT"" and removing the comment ""//"" on the left side. The SD Card now works great.",Positive,Positive,Positive,Positive,Positive
"Amazing filament that just works with the default S3D settings. Was able to print my favorite things, in my favorite color.",Positive,Positive,Positive,Positive,Positive
"Didn't know anything like these existed and was skeptical at first. But I decided to give them a shot and was very happy. They work very well in many applications. Another positive to them is that in most situations before melting the tube the wires will stay put inside on their own, so you have two hands free during melting. When using crimp connectors usually I am fighting trying to get everything to stay in place while crimping. These solve that problem.",Positive,Positive,Positive,Negative,Negative
This stuff never fails me. Hatchbox Black ABS.,Positive,Positive,Neutral,Positive,Positive
I use colloidal silver and it is cheaper to buy it in quantity and put in smaller bottles for using. These work great and are colored which the product needs to preserve it. Sprayers give a fine mist. Price was very good.,Positive,Positive,Positive,Positive,Positive
It is duct tape...what is not to like. I have never had a poor 3m product,Positive,Positive,Positive,Positive,Positive
"Good cork board sheet, nice color and plenty thick enough for pins. We used it for the back on a wall shadow box. Looks great.",Positive,Positive,Positive,Positive,Positive
These worked great. My lip balms looked professional! Very happy with the final results.,Positive,Positive,Positive,Positive,Positive
I was looking for a multi-function voltage tester. This one fit the bill perfectly. I enjoy the clamp that shows current as well as all the other built in test options. I have another tester and they show equivalent readings so I assume they are both reliable. I do recommend this tester.,Positive,Positive,Positive,Positive,Positive
good,Positive,Positive,Positive,Positive,Positive
This is such a great Tape Art Kit. My daughter and I have had a lot of fun creating things and trying all the different pieces out. The kit comes with LOTS of supplies and provides hours of fun. One of the best things about it is that the tape strips are pre-cut and make it very easy for young artists to use.,Positive,Positive,Positive,Positive,Positive
The price is fair and the staples work great.,Positive,Positive,Positive,Positive,Positive
Great product.,Positive,Positive,Positive,Positive,Positive
"Paddle seems to be decent quality, especially for being the least expensive one I could find. I didn't see any pitting that someone had mentioned in a previous review. Overall I am happy with it so far. I have only used it for one batch of beer though.",Positive,Positive,Neutral,Neutral,Neutral
"Wow, heavy duty, will never brake, using it for my sprinkler pump inlet piping.",Positive,Positive,Neutral,Positive,Positive
"I've used this for everything from providing an anti-static drain on the underside of an electric guitar pick guard to contact pads for home made ribbon mic ribbons. Perfect weight, not too thin, very high quality, easy to solder to and the conductive adhesive works (at least for the anti-static application)",Positive,Positive,Positive,Positive,Positive
This little temperature and humidity monitor has acceptable accuracy. I bough two of them. Both are accurate within 1 degree Fahrenheit (as compared to a lab thermometer) and theit humidity readings differ by no more than 4%.,Positive,Positive,Neutral,Negative,Negative
This works great!!! It has adhesive on one side and the Velcro on the other. You can just use the sticky side or you can also stick it on and sew it in place for double security. The one inch width seems to be the way to go and fits most everything. I used this in my car to secure a phone holder for hands free use.,Positive,Positive,Positive,Positive,Positive
Works great if you have heavy pictures or placks to mount on wall.,Positive,Positive,Positive,Positive,Positive
Never had a problem with this stuff. Will run well at any temp but ive had the best results at about 210. I have been using this to make large diamater wheels for a robot and have gone through 4 rolls back to back on 8 30hr prints with no issues whatsoever. Great stuff and the best you can get for the price.,Positive,Positive,Positive,Positive,Positive
"I tried Hot Stuff Super T Instant CA Glue along with the Insta-set accelerator pump 2oz Bob Smith Ind. and was simply amazed on the INSTANT ADHESIVENESS provided. I used this in a wood-on-wood application where I was gluing very small drawer pulls on jewelry ""band saw boxes"". I apply a drop of Hot Stuff to the drawer pull, spray some Accelerator to the drawer front, place the pull and it instantly adheres. I couldn't believe it. And there is no left over evidence of the accelerator applied to the drawer front. I just used this combo to re-apply a Honda H decal to the back door of my Pilot and voila...worked that same with metal on plastic. You will NOT be disappointed.",Positive,Positive,Neutral,Positive,Positive
good,Positive,Positive,Positive,Positive,Positive
works.,Positive,Negative,Neutral,Negative,Positive
"Good quality duct tape. Gray in color and very sticky! Yes it smells funny. If that bothers you put some of your moms perfume on it! You get sixty yards, 180 feet in a roll. As you should know Red Green (show) is a true believer in duct tape! Never leave home without it... Good stuff. The big box stores only have cheap Chinese now. Sad.",Positive,Positive,Positive,Positive,Positive
Works well for small circuits,Positive,Positive,Negative,Positive,Positive
"I do work in the retail packaging industry and need to determine the thickness of items often to make sure they fit into boxes. It work well for quick checking. It's a cheap affordable caliper, same quality as you would fine at Habor freight for nearly the same price. I have had no issues wiht it and found it to be accurate. My needs to require a NASA quality device, but this one seems decently built. Pros: - cheap price - carry case - easy to use - auto on - easy to read - easy to zero - Metal frame seems sturdy Cons: - roller has a weird grip surface - roller adjuster could be tighter tolerance maybe even dampened a little - printed numbers on scale are a sticker, but I don't use those anyway and rely on the screen.",Positive,Positive,Positive,Positive,Positive
Excellent!,Positive,Positive,Positive,Positive,Positive
"Some reviewers have noted poor packaging and damaged pieces; FYI, that wasn't my experience. These are OK quality, but at least they all showed up intact and undamaged for me.",Positive,Positive,Neutral,Negative,Negative
Great quality product.,Positive,Positive,Positive,Positive,Positive
Working well so far after a few months.,Positive,Positive,Neutral,Positive,Positive
"The Pyrex brand made its name for heat-resistant, tough glassware based on borosilicate glass. They use a different, less-expensive formula now and breakage rates due to thermal stress fractures are up. I wanted 'something better/safer' and this is it. The crystal clear glass and easily read measurements are also a plus. The rolled rim is wide enough to serve as a hand grip for pouring. I use this for mixing liquids in the kitchen--eggs for omelets and batters. The high straight sides also work well with an immersion blender but the diameter is too small to use a standard egg beater for whipping heavy cream or egg whites. Don't use a heavy spoon with this--hitting the side of the beaker abruptly can cause breakage. Buy a laboratory stirrer instead or use plastic stirrers. I bought two of these and one is still going strong; my wife broke the other by vigorously whacking a spoon against the sides while making pancake batter. Outside dimensions are 5 1/4 inches tall and 4 inches across(including the nicely rolled rim.) The product is stable on a countertop. It is just the thing for mixing small batches of batter...and about as large a size as one would want for kitchen use.",Positive,Positive,Neutral,Neutral,Neutral
works great at work,Positive,Positive,Positive,Positive,Positive
Sturdy.,Positive,Neutral,Neutral,Positive,Positive
Good.,Positive,Positive,Positive,Positive,Positive
"Heavy duty, the big dog!",Positive,Neutral,Negative,Positive,Positive
"Great product and price, have ordered 3 times",Positive,Positive,Positive,Positive,Positive
"Sure - this is a nice deep gloss finish. Not high gloss, but a great, classic wet wood finish. Just like you will see on any Gibson or Fender today. A single can will easily cover a LP style guitar from rough wood to finished product and this is multiple coats with sand downs between coats. Just make sure you use a wood sealer first and Deft makes a great sealer as well. But the absolute best feature of this product is the spray nozzle; the best I have ever used in an off the shelf spray can. Good consistent results, no spits, no clogs. All the way down to empty. Just remember to always invert and clean between applications and you will get a consistent 3"" fan. Same results with multiple cans now.",Positive,Positive,Positive,Positive,Positive
A must have for any diagnostic work. Well made priced right.,Positive,Positive,Positive,Positive,Positive
Awesome zip bags. Many uses & applications. Great quality. Very durable material. I would recommend to a friend,Positive,Positive,Positive,Positive,Positive
"Stout but still bendable, it worked perfectly for my use which was to build a VHF antenna (ham radio).",Positive,Positive,Positive,Positive,Positive
"I'm an epoxy fan. I use this epoxy for numerous home projects and repairs. This is the stuff to use when the repair must be strong. I like the quick ""5 minute"" speed which is just right for most repairs.",Positive,Positive,Positive,Positive,Positive
none,Positive,Neutral,Neutral,Positive,Positive
"Not much to say about this stuff's appearance when printed. It makes your printed objects glow in the dark. Definite boost in it's ""cool factor"" It's easy enough to print with, my Flashforge Finder handles it just fine. With regards to problems like curling and layer adhesion, I haven't had much of an issue but when it does happen the symptoms are identical to standard PLA so it's easy to troubleshoot and rectify. Prints turn out nice, almost too nice....? A friend at work recently told me his wife is angry at me because of this filament. I 3D printed a turtle from a .STL file from Thingiverse and showed it to him. He asked me to print one for him using this filament which I did. For whatever reason, he decided to place the turtle I printed for him in his bathroom. His poor wife got up late in the middle of the night to use the restroom and almost didn't make it to the toilet; When she walked into the bathroom she was horrified to see a glowing reptile looking at her. So..... I guess you could use this to print objects for mild pranks? Or if you prefer not to disturb people, just bear in mind what your print might do to someone if they see it in the dark and aren't expecting it.",Positive,Positive,Positive,Neutral,Positive
Really nice caster. I can move my little RV around the driveway without hooking it up to my truck. Sure makes things a lot easier for me.,Positive,Positive,Positive,Positive,Positive
"Alright, So after looking at when seemed to be endless types, sizes and lengths of heat shrink, I thought to by some thing that kept them all together so not to get lost and a quantity large enough to last me a few years. The length of these are perfect for my RC stuff and what not projects. Size range covers just about anything you can come up with. The few I used so far seem to be a better quality than ones I used in the past. Just a note, the case looks better than it is. Don't get me wrong, it does the job, but is very cheaply made. Then again, I keep this on a shelf in my shop - it does not get pounded on like my tools do, so it fits. Then again, for the price you can hardly find a case, so I figure it was a freebe and the price of the tube was well with in reason. Good value, I would buy it again.",Positive,Positive,Positive,Positive,Positive
Nice cheap product bought for son to test equipment for school . But it's not what was expected only does 100 hz,Positive,Positive,Positive,Positive,Positive
Nice sign,Positive,Positive,Positive,Positive,Positive
Nice solid pipe. Going to use on my RV to T my propane line for a BBQ. Could not find this size of black pipe at Home Depot or Lowes.,Positive,Positive,Positive,Positive,Positive
It worked great. Very accurate and well made,Positive,Positive,Positive,Positive,Positive
"Good dimensions, easy weight to manage. Easy to wash off, and it'll never rust or rot. Assembly is a snap, wheels are great, very sturdy, and I'm glad I have it. I did not wish to use my metal ""service cart"" for potting work",Positive,Positive,Positive,Positive,Positive
A+,Positive,Neutral,Neutral,Positive,Positive
received as described,Positive,Positive,Positive,Positive,Positive
perfect measurements,Positive,Positive,Positive,Positive,Positive
"These are *perfect* for what I use them for - which is for scooping cat food out of the can. To be honest, I learned this from my daughter, who is a professional in the animal rescue and care field, so I guess that lots of people and facilities use these for that purpose. I get the little single serving cans of cat food (we have just one cat now), and I keep a stack of those cans and the box of these tongue depressors right by where I feed him at night, and they are *so* convenient and perfect for this! As to why they are called 'senior' tongue depressors (which I had wondered ever since seeing a box at my daughter's house), after doing some research (yeah, I need to get a life! :~) ), I believe that the reason they are called 'senior' tongue depressors is to distinguish them from 'junior' tongue depressors, which are pediatric tongue depressors (for children), and so considerably smaller (see, for example,&nbsp; Puritan Junior Tongue Depressor, Grape Flavored, 50/Box ).",Positive,Positive,Positive,Positive,Positive
The listing calls these economy grade terminals but these are very sturdy and high quality. The only thing economy about these is the price. They crimp nicely and the shielding is thick and durable. This is the best price around and most definitely a sturdy as nd reliable product.,Positive,Positive,Positive,Positive,Positive
"Great item, works as described.",Positive,Positive,Positive,Positive,Positive
These are a less expensive solution to other screw shields and require no assembly,Positive,Negative,Negative,Positive,Positive
great,Positive,Positive,Positive,Positive,Positive
works great,Positive,Positive,Positive,Positive,Positive
"Pretty nice, made a pen holder with it. It looks really smooth, 3D Solutech PLA is perfect and I will recommend it to my friends.",Positive,Positive,Positive,Positive,Positive
"Easy to work once you get first blade fit , shipping was fast .",Positive,Positive,Positive,Positive,Positive
Nice and sturdy. Perfect to protect wood pcs in the garage from a cat who sprays. Seriously considering getting several more.,Positive,Positive,Positive,Positive,Positive
"NO PROBLEM..THE BEST I HAVE EVER USED AND MADE IN USA.I WOULD HAVE GIVEN 5 STARS EXCEPT FOR THE PRICE.IT IS CHEAPER AT LOCAL HVAC SUPPLIER,BUT AMAZON IS MORE CONVIENT.",Positive,Positive,Positive,Positive,Positive
Good product,Positive,Positive,Positive,Positive,Positive
This stuff prints beautifully at 200c with a 70c bed!,Positive,Positive,Positive,Positive,Positive
Satisfactory performance at a very good price Less than 1/2 price compared top the big boxes,Positive,Positive,Positive,Positive,Positive
Decent quality for the price. I am using these to modify a trigger for a Nikon camera to do layer by layer time lapse of my 3D printer.,Positive,Neutral,Positive,Neutral,Positive
"This is a great little kit with clear labeling and a pretty decent organizer. I bought this with a nut and screw set, all of them were delivered promptly and in good condition. A couple notes on all three. No, the organizer it won't keep everything separated if you toss it around or turn it on its side. Keep it flat and it will be fine and, yes, you have to do a little work because UPS/FedEx has thrown it around and some nuts will have migrated. Pleased with the selection and price",Positive,Positive,Positive,Positive,Positive
great rod for making brackets and easy to thread and bend and non magnetic for mounting a compass to on a phantom drone.,Positive,Positive,Positive,Positive,Positive
Nice and thick and they even protect my wrist a little. Good for acetone and other chemicals that would dissolve latex.,Positive,Positive,Positive,Positive,Positive
I love this stuff.,Positive,Positive,Positive,Positive,Positive
"Great Pla, no issues with using it in my robo 3D.",Positive,Positive,Positive,Positive,Positive
"There is nothing like a good cut off wheel to cut steel parts, and this is a good one. Very thin, but also seems pretty strong, so it isn't removing much material. Does throw some sparks! You should expect that from a cutoff wheel. I used it to cut 3/4"" black pipe and it worked really well.",Positive,Positive,Positive,Positive,Positive
"This thing is GREAT. To start off, this is the first rechargeable toothbrush I have had with a reasonably sized base; not occupying a big footprint on my counter. The toothbrush itself is quiet, yet performs excellent. The various sweeping actions of the different bristles really seems to work well; and the bristels on the tip move in the right way to actually clean behind my wisdom teeth, which is a failure of most toothbrushes. The brush head is replaceable, with a 'fading bristles' method of determining when the head needs to be replaced. This toothbrush works well, is less expensive than comparable models, and has a properly sized base unit. Its a toothbrush, I don't need a lot, but what I do need this one has.",Positive,Positive,Neutral,Positive,Positive
"good quality, came in with a box, nice",Positive,Positive,Positive,Positive,Positive
The five-stars are for product and customer-service.,Positive,Positive,Positive,Positive,Positive
"Nice soft rubber, fits the Accu-gage perfectly. A wise investment to protect the gage.",Positive,Positive,Positive,Positive,Positive
took it out of the box and started printing. No muss no fuss. I want to spend my time designing not messing with the printer. Mission accomplished! The huge print bed is VERY handy!,Positive,Positive,Positive,Negative,Negative
"These LEDs are really bright, with vivid colors. I plan to use these for decorating, so they should be perfect.",Positive,Positive,Positive,Positive,Positive
"Quick shipment. Outside is exactly 3"" x 5"". One 3 x 5 index card will fit in, but as it's exactly 3"" x 5"" a small stack of cards will not fit. They are definitely see-through but not quite clear.",Positive,Positive,Positive,Positive,Positive
Works well,Positive,Positive,Neutral,Positive,Positive
"Im not sure why everyone is saying the sizes are everywhere with these dowels. I people just got a bad batch or what, but I found the size of the dowels to be quite consistent. Used them to build the doors for my cabinets. Went through 3 boxes of these dowels and they all fit snugly into a 3/8 hole. Required a little light tapping with my wood mallet, but thats about it. The product worked great for my needs.",Positive,Positive,Neutral,Positive,Positive
"Item arrived on time. DAP is a trusted name in the construction field. This stuff has so many useful purposes and hides a multitude of sins (i.e. uneven gaps between molding and ceiling or wall, nail holes in sheetrock, around tub and tile for a professional finished look, attaching any type of backsplash, hiding hairline fractures in older homes where the sheetrock has separated) Extremely useful and highly recommended.",Positive,Positive,Positive,Positive,Positive
"Awesome product, Awesome savings",Positive,Positive,Positive,Positive,Positive
"I am gonna use this for a subwoofer box. It seems like it will work just fine! nice and strong, but it only measures 11 3/4 inches not 12x12""",Positive,Positive,Positive,Positive,Positive
Well made and works with the AprilAire 760 model.,Positive,Positive,Positive,Positive,Positive
"What can you say about a garbage can lid. It works, lol.",Positive,Positive,Positive,Negative,Negative
Looks good and solid construction. Should do just fine!,Positive,Positive,Positive,Positive,Positive
"this is a good item gave it 5 starts , it works well i would buy this again as needed",Positive,Positive,Positive,Positive,Positive
"Our the box it had a charge but suggested a few hours of charge before use. Very easy to use, picks up great and I especially like the swivel head. Much better than our first bagless battery operated broom.",Positive,Positive,Positive,Positive,Positive
As expected,Positive,Neutral,Neutral,Positive,Positive
"This is a fairly thin walled aluminum tubing - exactly as described. the 6061-T6 is a harder, stronger alloy of aluminum than pure aluminum . But it is still light weight and relatively easy to work. The good: Exactly as described Inexpensive and light weight Room for improvement: a little buffing beforehand would be nice.",Positive,Positive,Positive,Positive,Positive
Good product.,Positive,Positive,Positive,Positive,Positive
great,Positive,Positive,Positive,Positive,Positive
as advertised,Positive,Neutral,Neutral,Positive,Positive
"Not bad for the price, fan died pretty quick however.",Positive,Positive,Positive,Positive,Positive
Their good I guess. Nothing to compare it too. Their is the usual disclaimer.,Positive,Positive,Positive,Negative,Neutral
"I personally like this filament, don't think transparent black is correct though, almost like a grey tint to it. Hotend 215c HBP 95c Rep2x",Positive,Positive,Positive,Positive,Neutral
good,Positive,Positive,Positive,Positive,Positive
I bought this to sharpen the blades on my reel lawn mower. It works great and gets the job done.,Positive,Positive,Positive,Positive,Positive
packages came clearly labeled and the size written on ends but good luck making out the band color,Positive,Positive,Positive,Negative,Negative
"I bought these to use with a freeze mist we also bought off of Amazon for cutting skin tags off, after first freezing them. My insurance no longer covers the cost for the doctor to do it. Thanks Washington! These do the job. Helps if you lift the skin tag with a pair of tweezers, then cut them off at the base with these scissors after first freezing them. If you are not into cutting and the resulting bleeding, usually if you just wait the freeze mist will cause the skin tag to dry up and fall off on its own accord.",Positive,Positive,Negative,Positive,Positive
It fits the Taz 6 too. Not sure why it only lists the Taz 5. Works great!,Positive,Positive,Positive,Positive,Positive
plenty different connectors and decent supply of each,Positive,Neutral,Neutral,Positive,Positive
Works good.,Positive,Positive,Positive,Positive,Positive
Works just as expected!!!,Positive,Neutral,Negative,Positive,Positive
well made tool. does what it is made to do.,Positive,Positive,Neutral,Positive,Positive
Pretty good quality and the price is better than Granger,Positive,Positive,Positive,Positive,Positive
Good product in nice packaging for a reasonable price,Positive,Positive,Positive,Positive,Positive
Work great with the straight nail finisher.,Positive,Positive,Positive,Positive,Positive
"Great little brush, I have several rasps, and sometimes they get stopped up with paint or rotten wood, this little brush cleans them right up.",Positive,Positive,Positive,Positive,Positive
Fast shipping good product.,Positive,Positive,Positive,Positive,Positive
Works real well,Positive,Positive,Positive,Positive,Positive
This is exactly what I expected and it arrived timely.,Positive,Neutral,Neutral,Positive,Positive
"Perfect material as always, no issues!",Positive,Positive,Positive,Positive,Positive
Very impressed with the color and low temp quality of this PLA. I was able to print at 188C with a Bowden setup that I had to print at 200C using another brand of PLA. I prefer the lower temperature. Hoping to find some translucent color from this supplier next.,Positive,Positive,Positive,Negative,Negative
Great for adding a bit more acid to your wines if they are a bit too soft.,Positive,Positive,Positive,Positive,Positive
Real NICE!!,Positive,Positive,Positive,Positive,Positive
Good workable units. No complaints. Just a QC problem here and there with the holes being plugged with plastic.,Positive,Positive,Positive,Positive,Positive
Good color. Even throughout the whole roll. Last for quite a while.,Positive,Positive,Positive,Negative,Negative
"Thanks for the good reviews and I'm happy with the purchase of this vacuum cleaner. It is light in weight, quiet and powerful (these two things do not come together for a vacuum cleaner often). Its no doubt the best one among all I have had (about 5). The only minor issue is that the retractable tube seems to be a bit stiff.",Positive,Positive,Positive,Positive,Neutral
"Used for 3D printer belt drive. Worked fine, but it seems like a few of them were a little wider than others by 0.1 - 0.3mm.",Positive,Positive,Neutral,Neutral,Neutral
Too thin for what was needed but good to hold vanilla stick in or a plant cutting.,Positive,Positive,Negative,Positive,Positive
I love this little vise it is a bit pricey but very nice comes with rubber guards so you don't scratches on what ever you put in it. I use it for my guns and it is GREAT.. I highly recommend this vise.. for what ever thats worth.. :-),Positive,Positive,Positive,Positive,Positive
"The bottles are of thinner plastic than I expected but they should work okay. For the price, they were worth it.",Positive,Positive,Positive,Neutral,Neutral
"Spins free and easy with virtually no run-out. This has quickly become my ""go to"" live center. The #2 Morse taper fits into my tail stock with no issues and holds securely.",Positive,Positive,Positive,Positive,Positive
"Good breadboards, make good contact and at a great price",Positive,Positive,Positive,Positive,Positive
Have used this to add another level of protection against the elements. Easy to work with and provides a great dielectric barrier.,Positive,Positive,Positive,Positive,Positive
I am a nursing student and have one of these on each stethoscope i own! Very handy and easy to put on. Also stays in place well.,Positive,Positive,Positive,Positive,Positive
"My 4th roll, works well.",Positive,Positive,Neutral,Positive,Positive
"Anyone who has been around a lab or precision workshop is familiar with Kimwipes which are made from wood fiber and used to clean optics or precision mechanisms, whenever it's not acceptable to leave fibers behind as with ordinary paper towels. These Kimtex wipers are one step more high tech. These are not wood fiber or paper fiber but post-consumer polypropylene and work very well for cleaning up chemical spills, solvents, oils. Tough but soft and scratch free. If you don't know exactly the chemical makeup of your surface, or think it may be strongly acidic or basic, these are your best bet, very benign. I just used these with alcohol pads to clean up a 50 year old collector's camera. Did a nice job.",Positive,Positive,Positive,Positive,Positive
Good quality terminal,Positive,Positive,Positive,Positive,Positive
Just what I expected. Packed well.,Positive,Positive,Neutral,Positive,Positive
perfect,Positive,Positive,Positive,Positive,Positive
Excellent filament. I use it in my Lulzbot Taz4 model. I have used Gizmo Dorks filament before and I have had no issues with it and would definitely recommend it. I will purchase more in the future.,Positive,Positive,Positive,Positive,Positive
Worked for me.,Positive,Neutral,Neutral,Positive,Positive
"After I cut the male end off (ouch) I used this as a leader for our hose reel. To ease installation, I soaked it in a cup of boiling water to soften the hose to ease installation over the plastic barb on the hose reel.",Positive,Positive,Neutral,Negative,Negative
IT WORKED,Positive,Neutral,Neutral,Positive,Positive
"This MK10 Hotend Upgrade is probably one of the best mods I have installed to date, I immediately noticed an improvement in print quality. My prints now have a sheen or shine to them, and the layer adhesion has seemed to improve over a variety of materials. The installation was pretty straightforward, once you remove the fans, heatsink, and support bracket, you just need to remove the extruder from the heatsink assembly with the removal of a set screw you can twist the old Hotend out and replace with your new Micro Swiss MK10 Hotend. I will be ordering another for my 2nd extruder assembly. Micro Swiss you did a great job!!",Positive,Positive,Positive,Positive,Positive
Works better than ninjaflex for Bowden tube printers. Print under 20mm/sec at 230C hot end. Some jams for longer prints. No jams at 16mm/sec print speed.,Positive,Positive,Positive,Negative,Negative
"Not much to say... they're 555 ICs. I received 20, as described! YAY! Price beats the local electronic stores.",Positive,Positive,Neutral,Positive,Positive
works for me. a little stiff but that is not a problem for me,Positive,Positive,Positive,Positive,Positive
Purchased these for detail gluing on woodworking projects and spot lubrication of tools. Came to me individually wrapped which will protect them from dust and dirt until needed. The blunted needles are great to help prevent accidental sticks and the bore is large enough to allow thick wood glues to pass through while still being small enough to get into tight spots. The needles also lock onto the syringe body with a quarter turn to prevent uncoupling. Pricing on this was very good compared to other vendors I have found esp. in quantities as low as 10 units. Very happy with the product and this seller and will order from them again in the future.,Positive,Positive,Positive,Positive,Positive
"I'm picky, and this is a picky man's anchor.",Positive,Neutral,Neutral,Negative,Negative
You need these when installing a RO system. You never know when you need to extend a line. For the price just keep a few next to your system.,Positive,Positive,Positive,Positive,Positive
"Excellent adhesion. Used it for installing LED light strips under kitchen cabinets and behind my TV. The original tape on both items did not adhere and they were both 3M products. This definitely worked perfectly, my lights have stayed on. You can even cut the tape to fit the width of your project if it is less than one inch, which my was. Definitely recommend.",Positive,Positive,Positive,Positive,Positive
"I needed to re-organize the peg board above my workbench mostly because the variety of tools I needed their have changed. There are more than enough varieties of hooks to choose from and still had plenty left over. i would have given 5 star but they ae just a little loose for 1/4"" holes, but a little electrical tape did the trick and found that careful lifting off of tools helped.",Positive,Positive,Positive,Positive,Positive
Very good product,Positive,Positive,Positive,Positive,Positive
"Great bag for fine dust, I have used these for several years now. They are a little expensive but worth the cost. I use these with Shop-Vac's Ultra Web Cartridge just to catch any remaining dust. I am confident in using this combination for sanding drywall in my finished house with little to no release of any additional drywall dust.",Positive,Positive,Positive,Positive,Positive
good quality wood and good fit as advertised,Positive,Positive,Positive,Positive,Positive
"very easy to use, leaves a much nicer pattern compared to bar type hone i was using. Wished i had bought one sooner.",Positive,Positive,Positive,Positive,Positive
1,Positive,Neutral,Neutral,Positive,Positive
These seem to be the right size unlike the last brand I bought.,Positive,Neutral,Positive,Positive,Positive
"As others have stated, the attachment on the side falls off - over and over again! The Good: It does have EXCELLENT suction. It is relatively lightweight. I found the canister easy to empty. Cord is nice and long. Attachments are great for hair pickup. All in all, it's a great vaccuum. The attachment falling off repeatedly does get tiring. :)",Positive,Positive,Positive,Positive,Positive
IT WORK GOOD,Positive,Positive,Positive,Positive,Positive
I've used up 5kg of Inland spools including this black PLA and have had no tangled/broken/discolored spools. I usually buy this at a local store where its $15/1KG spool.,Positive,Negative,Negative,Negative,Negative
Plenty thank you.,Positive,Positive,Neutral,Positive,Positive
awesome!!!!,Positive,Positive,Positive,Positive,Positive
Perfect! Nice long wires and quality crimps. Works great.,Positive,Positive,Positive,Positive,Positive
love gorilla,Positive,Positive,Positive,Positive,Positive
perfect,Positive,Positive,Positive,Positive,Positive
"Button was used to put together a scuff type controller mod to my ds4. Works perfectly, but the buttons do hurt my fingers after several presses. This was resolved by building paddles to press it instead of directly pressing them.",Positive,Negative,Positive,Positive,Positive
"I bought these - and a couple of the other sizes - when a new addition to my desk (a power meter with a USB connection to my desktop computer) starting to disconnect my radio software when I keyed the mike. I had an oversized ferrite toroid on hand - like a half inch oversized - I looped the USB connector wire through and tried transmitting again. Success, but not elegant. Gino ferrite cable clips are. Elegant. A fitting fix to a fitting problem. YMMV. But you could do worse. The ""shack"" place sells these for a whole lot more which is expedient enough, but so to was my oversized toroid. These are a good deal. Get some.",Positive,Positive,Positive,Negative,Negative
If you order the medium be careful as these are small but I have small hands so it is OK for me. But I would have liked for these to have been available for others to use. If you have small hands but your fingers are large around they probably won't fit. The small must be for children. These are thin and when putting them on I put a small stretched opening at the bottom but you just have to be careful. I actually purchased these for bird-flu and other serious emergency viral issues.,Positive,Positive,Neutral,Neutral,Neutral
"Really, for $10 i have a roll of tape that i use for many , many guitar, instrument repairs... I am always surprised when i use this tape...very strong....you only need a little bit... i even used this to adhere a temporary fence on my tablesaw sled!!!!! No more glue!!!!...no more sanding... Tape does not leave much residue either",Positive,Negative,Positive,Positive,Positive
I put these in my wood shop above the fire extinguisher. And one in my garage too. I have guests around and one never plans to have a fire...,Positive,Negative,Positive,Positive,Positive
"I bought this for occasional home use, and I think it's good. I seal boxes when I have online returns and always need to have something ready at home. Good quality for the price.",Positive,Positive,Positive,Positive,Positive
"I have tried a lot of these syringes for E-Liquid filling, and these are alright, but not the best. They will get the job done, but I have used more ergonomic, and less ""Bendy"" feeling syringes. Not bad for the price, but not perfect. 3.75 stars.",Positive,Neutral,Positive,Positive,Positive
"Great for polishing, hold up well and no slippage on the mandrel. I used them to detail motorcycle spoke wheels.",Positive,Positive,Positive,Positive,Positive
"Very transparent, easy to use. Very strong.",Positive,Positive,Positive,Positive,Positive
"Easy to mix, applies quickly and is sand-able. Fills in imperfections with a durable permanent fix.",Positive,Positive,Positive,Positive,Positive
"Bought these to fill lead acid batteries with distilled water. They don't leak at all, so handling them in an awkward position works just fine.",Positive,Positive,Neutral,Neutral,Neutral
as described,Positive,Neutral,Neutral,Positive,Positive
Works great with Dremel tool,Positive,Positive,Positive,Positive,Positive
"I have tried another competitors ""gold"" filament which really printed as a mustard green color. This one from hatchbox actually came out gold. Pretty impressive.",Positive,Positive,Positive,Negative,Negative
"WD-40 300106 Specialist Spray and Stay Gel is my favorite lubricant, especially when applying on bicycle chain. Unlike the traditional bicycle chain lubricant, it creates less mess, it's less likely to soil your pants, and it stays lubricated for longer time as indicated. I keep a couple of cans in my house and garage all the time to use it wherever needed. I recommend it!",Positive,Positive,Neutral,Positive,Positive
"Nice boards to lay out circuits on, either temporarily or as a permanent mount. Very sturdy.",Positive,Positive,Positive,Positive,Positive
Works very well to control my reciprocating saw,Positive,Positive,Positive,Positive,Positive
Love the stuff,Positive,Positive,Positive,Positive,Positive
As I expected. Really good quality from Hatchbox. My only issue with this filament is its stringiness. This os the only filament I've had from Hatchbox that has been really stringy.,Positive,Positive,Positive,Positive,Positive
"For the price, these are great little calipers. They are reasonably accurate and very repeatable.",Positive,Positive,Positive,Positive,Positive
Exactly as described. Great!,Positive,Positive,Positive,Positive,Positive
An excellent Silicone Rubber Self Fusing Tape - Unbelievably strong when used in several layers. Really bonds to itself. Keep in mind that this is special purpose tape and does not have an adhesive on it. It is self fusing.,Positive,Positive,Positive,Positive,Positive
They are copper ring terminals. They works well.,Positive,Positive,Neutral,Positive,Positive
No gas leaks around my fireplace after installing new Robert Shaw valve.,Positive,Positive,Positive,Positive,Positive
great product. I use a ton of it last for years,Positive,Positive,Positive,Positive,Positive
Cool little tool. Have a Milwaukee scope with less cable that cost 3x as much. Good resolution. Bought this one for the semi rigid cable. Great choice. Other people's reviews were right on. Software download was a snap. Fired right up on the Samsung S4. Keep it in the truck for emergencies at work. Wish I had bought before now.,Positive,Positive,Positive,Positive,Positive
Very good buy.,Positive,Positive,Positive,Positive,Positive
Using it in the kitchen to test grease temps when frying on the stove. Works great and keeps us from burning/smoking the frying oil.,Positive,Positive,Positive,Positive,Positive
Love this for securing straps on military gear.,Positive,Positive,Positive,Positive,Positive
Excellent quality. Just what I needed.,Positive,Positive,Positive,Positive,Positive
I have 15-20 of these and they work grate with the kids we have in class thank,Positive,Positive,Neutral,Positive,Positive
These are hit or miss depending on the seller. Sometimes they are speckled with black flecks (I can't use them) and other times they are perfect.,Positive,Positive,Positive,Negative,Negative
"for whatever it's worth, this stuff cleared the cracked corners of my lips almost overnight - and they have stayed un-cracked!",Positive,Positive,Positive,Negative,Negative
Superb calipers! Vastly better than the other cheap pair I purchased. They have an auto-off feature and have been very accurate. I got them for measure things to 3D print and it's been great.,Positive,Positive,Positive,Positive,Positive
I didn't buy it??,Positive,Neutral,Neutral,Positive,Positive
"Very Nice! Works well, good assortment!",Positive,Positive,Positive,Positive,Positive
"Best shrink tubing I've ever used. That being said, I'm not sure about the claim that it shrinks 3x. I didn't see much difference actually except that it takes longer time to shrink and more heat. Still the quality is superb and I love the sealant that magically appears when it's shrinking, the tubing is thicker and comes in just the right sizes for what most home shops would need. I'm sticking to this tubing when I reorder.",Positive,Positive,Positive,Positive,Positive
Solid functional and tough. Should last for a decade or more.,Positive,Positive,Positive,Positive,Positive
"I've tried just about every Velcro product on Amazon and most of them are ok to good but this particular Velcro is the BEST; the easiest to pick off the paper giving you a better grip. Talking about 'grip' this has it in spades. I don't know why but the black Velcro seems to be the toughest and much stronger than the white. I devised a turntable with sections for my many medications and each one is Velcroed so I can pop it off and then pop it on. Trying all of them the black is the easiest to 'hold' and all you have to do is 'push' the item in if it's something you use all the time; makes life easier and everything is right there. (First I glued little plastic bottles all around a larger plastic container and glued the whole thing on a turntable. Then Velcro the whole thing right to whatever space I had and then some!) I would also trust this Velcro for picture frames, remotes handy in the bedroom on side tables or dresser or on the TV itself; keeping pens available, notepads (light weight). It's one handy dandy product! There are l,0001 things you can do with Velcro and believe me I have the stuff in use all over the house-in the kitchen, in the bathroom, in the bedroom; just about everywhere. Think of things that you use everyday and wish you didn't have to search through drawers to find-Velcro them to a painted block of wood or whatever you choose and they are right there when you need them' push on-- push off! I also use Velcro on my desk-holds remotes, pens, most anything that you can think of (not to terribly heavy like a stapler or some such). One tip: Use the 'rough zipper' side on the wall or the product you're sticking something to and the soft side is the one you handle. The zipper side hurts; I found that out pretty quickly. Items stay on better and are easier to 'push in' when the zipper side is what the 'smooth' side is being pushed against...make sense? Well get your thinking cap on and I'm sure you'll think of a zillion ways this great product can help you. By the way; this same Velcro would be much more costly anywhere!! Update: I've just received two more boxes of Velcro. The price has gone up aprox. 3.00 ea. so I wasn't thrilled with that but I love and use Velcro all the time so I bought anyway. I have a few hats that are to big so I take either side of Velcro and press on the underside which helps keep the hat on, won't stay on... so it doesn't come off use a glue gun, that will make sure that stays on!",Positive,Positive,Positive,Positive,Positive
Great bags,Positive,Positive,Positive,Positive,Positive
Works well.,Positive,Positive,Neutral,Positive,Positive
"This is the best known 3D printer bed solution for just about every filament, including PLA, ABS, PET, and even Nylon. The material is more expensive than Kapton, but is very tough and requires zero maintenance, even for a thin sheet.",Positive,Positive,Neutral,Negative,Negative
"maybe i just got confused reading the information about these hones on a couple of sights.some where I read that these hones will work for a little bit larger hole then the size listing of the hones. this one seams to just make it for a whole that's 4.130"". i was hoping it would work for a 4.250"" hole .this one is way to small for that size. over all these hones work great for cleaning up a bore.they can even make a good cross hatch pattern on a bore with a ridge and some tapper to it. i use these to clean up a bore before i measure or use my accurate hone with a dial for size to square up the bore a little",Positive,Positive,Positive,Neutral,Neutral
okey,Positive,Neutral,Neutral,Positive,Positive
"using these to make custom tap handles, and they work great.",Positive,Positive,Positive,Positive,Positive
"Wow, Great Quality.",Positive,Positive,Positive,Positive,Positive
does the job,Positive,Neutral,Neutral,Positive,Positive
no batteries needed,Positive,Negative,Neutral,Positive,Positive
"I used it on some headphones, to keep the cables from bending and breaking inside. Not the most best looking headphones now, but who cares.",Positive,Positive,Positive,Negative,Positive
Good product,Positive,Positive,Positive,Positive,Positive
Very nice,Positive,Positive,Positive,Positive,Positive
Works well,Positive,Positive,Neutral,Positive,Positive
"Great wire for creating manual wire traces for a breadboard pcb, beats trying to make paths with solder balls.",Positive,Positive,Positive,Positive,Positive
"&nbsp;I use these ""barrels"" on my prusa i3 Printer with little or no problems, I did have 1 tube in 5 that had some kind of problem with the Teflon sleeve (constant jamming due to a defect in the tube) but It was resolved with a new tube, This is the second time I've purchased these, not because they're bad extruder tubes, but because I run my extruder extremely hot, like right up to the limit for Teflon at 260c. Even at their limit these will last me 40 or so hours of printing until the Teflon distorts enough to cause jamming. I replace these like a wear item and I enjoy using this vendor's tubes",Positive,Positive,Positive,Negative,Negative
good product for cleaning precision tools,Positive,Positive,Positive,Positive,Positive
"These bandage scissors are perfect for what I need them for, which is to use in my job as a treatment nurse. They are petite compared to many bandage scissors, and a bit lightweight, but very sharp. They cut through gauze easily. The colored handles are wonderful, because I always know where they are!",Positive,Positive,Positive,Positive,Positive
WAY more sticky than any generic duct tape. Get a roll.......it does the job.,Positive,Neutral,Positive,Positive,Positive
will order again,Positive,Neutral,Neutral,Positive,Positive
I Have no issues with this item.,Positive,Negative,Neutral,Positive,Positive
Color is great and its easy to print with. I can get smooth and sturdy prints with this filament. Overall very happy with this filament.,Positive,Positive,Positive,Positive,Positive
"Tried it once, and it worked!",Positive,Positive,Neutral,Negative,Negative
"Purchased in early April 2016 (almost two years ago), and put to use when received. Ive changed the Amazon Basics AA battery once, which I do with most of my battery-operated products every 6 or 12 months (especially with smoke detectors/alarms). I don't wait for batteries to die. I appreciate how quickly the readings are available. For instance, I can walk from one part of my first floor home to the other, and see the difference in temperature and humidity readings within seconds. The digital numbers are easy to read as long as I have on my glasses and Im not in the dark. Theres a tiny white button located on the back that les you choose Fahrenheit or Celsius. I would definitely buy this Acurite model again*. I paid $3 more in 2016. HOW ACCURATE ARE THE READINGS? I can tell if the readings are accurate by comparing different areas of my home where it is obvious (see messy images) that the humidity is really high. In Miami, FL, I doubt Ill ever witness a really low humidity reading room in my old home. I have a large window that needs to be replaced (the whole darn thing, glass and frame). It allows outside weather conditions (heat and more heat) to seep right into my home. Yep, already added that ugly and cheap plastic sheeting over the frame, but its not helping enough. WHY I BOUGHT THIS: I use this meter, mostly it seems, just to annoy myself. LOL! Im not using for growing indoor plants or any other casually scientific reason. I just like to know why I feel like crapnothing escapes the effects of dampness in the air, the dampness that can easily make me feel miserable, the dampness that requires me to cleanly wipe down even more crap. On a positive note, its easy to turn on the air conditioner (sometimes using the free air circulation) to help reduce these issues. Until I can find a person willing to empty bins of water for me every single day, I cant be bothered with dehumidifiers. Nobody in their right mind leaves stagnant water in Miami (mosquitos will find it). For those trying to learn the most basic humidity examples: Very low humidity can cause dry skin, nosebleeds, and who knows what else. Very high humidity can help improve plant growth, improve mold growth (you don't want that), but can also cause a person to feel uncomfortable and/or sweaty. (*) AcuRite 00613 Humidity Monitor with Indoor Thermometer, Digital Hygrometer and Humidity Gauge Indicator",Positive,Positive,Neutral,Negative,Negative
"I purchased these for my son's science project and ended up tossing them in favor of a digital meter. I'm not sure if I just got a bad set or not, but these were not accurate in the least bit. Not recommended.",Negative,Negative,Neutral,Positive,Positive
