reviewText,overall,summary,asin,reviewerID,sentiment_label,review_word_count,review_char_count,full_text,vader_prediction,vader_compound,textblob_prediction,textblob_polarity
"I will never buy again from this seller - Micca Distributor. They do not operate their business with integrity and they have no concern for their customers. They are unresponsive and dishonest. The one star is for Amazon for making this right and giving me a refund. OK, on to the product. There is NO reason to buy this product. It is cheap, inferior quality. The supplied toskink cable that comes with the FiiO is a throw-away. Better to spend another $10-$20 and get a decent cable. Thanks to another reviewer, I ordered the Orei and did a side-by-side comparison. The Orei produces exponentially superior sound quality. Using the Orei with an Apple TV streaming from my iTunes library, it works fine for whole house audio distribution of background music. Let's be honest - Neither is an audiophile level DAC. If you want that, think about spending hundreds, not $30. I haven't tried the Geffen, which is a good company, but the reviews are worse at twice the price. Do yourself a favor - Don't make my mistake - Don't buy this product.",1.0,Stay away from this!,B005K2TXMO,A1C94S4BGCEJ3R,Negative,183,1040,"Stay away from this! I will never buy again from this seller - Micca Distributor. They do not operate their business with integrity and they have no concern for their customers. They are unresponsive and dishonest. The one star is for Amazon for making this right and giving me a refund. OK, on to the product. There is NO reason to buy this product. It is cheap, inferior quality. The supplied toskink cable that comes with the FiiO is a throw-away. Better to spend another $10-$20 and get a decent cable. Thanks to another reviewer, I ordered the Orei and did a side-by-side comparison. The Orei produces exponentially superior sound quality. Using the Orei with an Apple TV streaming from my iTunes library, it works fine for whole house audio distribution of background music. Let's be honest - Neither is an audiophile level DAC. If you want that, think about spending hundreds, not $30. I haven't tried the Geffen, which is a good company, but the reviews are worse at twice the price. Do yourself a favor - Don't make my mistake - Don't buy this product.",Positive,0.7981,Positive,0.3120748299319728
"Broke after 6 months of regular use. Bought another, hoping it will last but yup this one also broke. I never dropped either or submerged them in water. I've had other sonicares last years. Something with this model was cheaply made as many other reviewers brushes also failed.",1.0,Broke after 6 Months,B004M1BO3U,A8QLBXF7GXDA7,Negative,48,277,"Broke after 6 Months Broke after 6 months of regular use. Bought another, hoping it will last but yup this one also broke. I never dropped either or submerged them in water. I've had other sonicares last years. Something with this model was cheaply made as many other reviewers brushes also failed.",Negative,-0.8765,Neutral,0.018750000000000003
"Even after a 48hour cure to allow any solvent to off-gas, this stuff WILL STILL SUSTAIN A FLAME. Its not even self-extinguishing, let alone resistant to heat or flame. This product is a terrible, dangerous, fire PROMOTER, not blocker. Don't waste your money, just use the regular greatstuff, as neither provide a benefit in the event of a fire.",1.0,"Flammable and inflamable mean the same thing, GreatStuff company doesn't know that...",B001AQ3OGA,A2VQ435101UNW0,Negative,59,344,"Flammable and inflamable mean the same thing, GreatStuff company doesn't know that... Even after a 48hour cure to allow any solvent to off-gas, this stuff WILL STILL SUSTAIN A FLAME. Its not even self-extinguishing, let alone resistant to heat or flame. This product is a terrible, dangerous, fire PROMOTER, not blocker. Don't waste your money, just use the regular greatstuff, as neither provide a benefit in the event of a fire.",Negative,-0.9269,Negative,-0.35208333333333336
"Used once more than month ago, my eye lids still swollen! Bad product be aware!",1.0,Bad side effects!,B006MWPXSE,A288PQEF8WAVMI,Negative,15,79,"Bad side effects! Used once more than month ago, my eye lids still swollen! Bad product be aware!",Negative,-0.8349,Negative,-0.1593749999999999
"Items of EXREMELY poor quality; out of the bag, the alligator clips were not connected or pulled off leads. Some leads were not adequately crimped, some leads were open circuit, vinyl clip insulators slip off easily and are difficult to reinstall. I would not buy these items again.",1.0,"Very Poor Quality, Chinese Crap - Do not buy these",B0002KRABU,A1IYHHZZ4HO6VF,Negative,48,282,"Very Poor Quality, Chinese Crap - Do not buy these Items of EXREMELY poor quality; out of the bag, the alligator clips were not connected or pulled off leads. Some leads were not adequately crimped, some leads were open circuit, vinyl clip insulators slip off easily and are difficult to reinstall. I would not buy these items again.",Negative,-0.8479,Negative,-0.2441666666666667
"makes me want to curse. this thing does not work reliably, turns itself off depending on angle.",1.0,One Star,B0070YPDDS,AWBLKZI5SVBL6,Negative,17,95,"One Star makes me want to curse. this thing does not work reliably, turns itself off depending on angle.",Negative,-0.4939,Neutral,0.0
"**UPDATE** after having 14days of print time, it continuously resets itself on every print. Will NOT complete a single print more than 5%. I have been trying to contact monoprice customer service for over a week, with no responses... Im getting very disappointed with this company. Upon researching further, this is a common problem with their main board. Any help would be greatly appreciated, especially if the company actually reads and/or cares about customer satisfaction. __________________________________________________________________________________________________________________________ As a Novice in the hobby, I find the controls very easy to use. The learning curve is on the software, but thats to be expected with any new program you aren't use to. LEVEL YOUR BED AND EXTRUDER or ""You're Not gonna have a good time""",1.0,Main Board burnt out within 2 weeks of printing.  No response from Monoprice Customer Service,B018GZBC3Y,ADCBLOY99T2MO,Negative,123,835,"Main Board burnt out within 2 weeks of printing.  No response from Monoprice Customer Service **UPDATE** after having 14days of print time, it continuously resets itself on every print. Will NOT complete a single print more than 5%. I have been trying to contact monoprice customer service for over a week, with no responses... Im getting very disappointed with this company. Upon researching further, this is a common problem with their main board. Any help would be greatly appreciated, especially if the company actually reads and/or cares about customer satisfaction. __________________________________________________________________________________________________________________________ As a Novice in the hobby, I find the controls very easy to use. The learning curve is on the software, but thats to be expected with any new program you aren't use to. LEVEL YOUR BED AND EXTRUDER or ""You're Not gonna have a good time""",Positive,0.778,Neutral,0.06244011544011543
"After a month, it still curls up- the carpet its on does have a tight weave but the grips are unable to keep it from moving.",2.0,"After a month, it still curls up- the carpet ...",B00H222E8A,A1AMDWCI4GS7N0,Negative,26,124,"After a month, it still curls up- the carpet ... After a month, it still curls up- the carpet its on does have a tight weave but the grips are unable to keep it from moving.",Neutral,0.0,Negative,-0.3392857142857143
"I didn't get good lamination. Prints came out very stringy. Looks like I need to print hotter, but without an all metal tool path I'm hesitant. Also, LOTS of water uptake! First two prints went real well. I left it out over night (which I do with my PET and PLA), and the next day, hissing and spitting as it went into the hotend.",2.0,"Not an easy filament, even if it's an improvement over other nylon",B00QRR292C,A1HV90IHI1R6TI,Negative,64,330,"Not an easy filament, even if it's an improvement over other nylon I didn't get good lamination. Prints came out very stringy. Looks like I need to print hotter, but without an all metal tool path I'm hesitant. Also, LOTS of water uptake! First two prints went real well. I left it out over night (which I do with my PET and PLA), and the next day, hissing and spitting as it went into the hotend.",Positive,0.2306,Positive,0.21354166666666666
Don't buy here... very old very brittle. Will have to crank up your temps to get to work. Hatchbox is good PLA this spool is just really old.,1.0,Don't buy here.,B00J0ECR5I,A32ZRPZ8NF64K5,Negative,28,141,Don't buy here. Don't buy here... very old very brittle. Will have to crank up your temps to get to work. Hatchbox is good PLA this spool is just really old.,Positive,0.4404,Positive,0.28250000000000003
Count on 50% of the bearings to be bad out of the box. Sizing is pretty consistent. I put these on a 3d printer and they started squeaking/groaning after about a week. Lubed the shafts and they quieted down so I suspect the bearings are failing at an incredibly rapid rate.,2.0,"They work, mostly, sort-of.",B01H3DNKYY,A295WE7NHKTNX0,Negative,51,273,"They work, mostly, sort-of. Count on 50% of the bearings to be bad out of the box. Sizing is pretty consistent. I put these on a 3d printer and they started squeaking/groaning after about a week. Lubed the shafts and they quieted down so I suspect the bearings are failing at an incredibly rapid rate.",Negative,-0.7251,Positive,0.17407407407407413
Poor quality inconsistent size,1.0,Dont Buy,B00J0H8EWA,A3PK9JHOR3SSVE,Negative,4,30,Dont Buy Poor quality inconsistent size,Positive,0.3724,Negative,-0.4
"FLIR - You got two strikes so far... Unit #1 - Horrible Back-light Bleeding.... Unit #2 - Dead Pixels!... Unit #3 is on it's way... Any bets on the next issue?!?!? UNIT #1: Right out of the box, upon power on, I see a big yellow pressure point on the display assembly. For the price you're paying, this is unacceptable! At minimum, the display shouldn't have a big yellow pressure point in the top right corner. Basic movement of the product causes the display to discolor, which indicates either A) display quality issue B) design issue or C) Assembly issue ( i.e. FLIR's factory that got torque happy when assembling). Upon adjusting the the brightness, it's only worse. What makes matters worse - you rely on contrast/color with this tool, yet somehow this made it out of factory. UPDATE: Unit #2 - Dead Pixels (a little bearable back-light bleeding. Dead/Defective Pixels Unacceptable! - Defective Pixels galore....See pictures attached.",1.0,"2 of 2 Units Defective - Display Issue (#1 back-light bleeding, #2 Multiple Dead Pixels) - Another example of lackluster QA!",B00T9RANUC,ADD4QA9WBEPAU,Negative,158,941,"2 of 2 Units Defective - Display Issue (#1 back-light bleeding, #2 Multiple Dead Pixels) - Another example of lackluster QA! FLIR - You got two strikes so far... Unit #1 - Horrible Back-light Bleeding.... Unit #2 - Dead Pixels!... Unit #3 is on it's way... Any bets on the next issue?!?!? UNIT #1: Right out of the box, upon power on, I see a big yellow pressure point on the display assembly. For the price you're paying, this is unacceptable! At minimum, the display shouldn't have a big yellow pressure point in the top right corner. Basic movement of the product causes the display to discolor, which indicates either A) display quality issue B) design issue or C) Assembly issue ( i.e. FLIR's factory that got torque happy when assembling). Upon adjusting the the brightness, it's only worse. What makes matters worse - you rely on contrast/color with this tool, yet somehow this made it out of factory. UPDATE: Unit #2 - Dead Pixels (a little bearable back-light bleeding. Dead/Defective Pixels Unacceptable! - Defective Pixels galore....See pictures attached.",Negative,-0.988,Neutral,-0.03814732142857143
not the best dose not work as good as i expected left with a blank look in my face need to work much better,2.0,not to happy with it,B0015ENO6W,A3JHQCT9K2EI6B,Negative,24,107,not to happy with it not the best dose not work as good as i expected left with a blank look in my face need to work much better,Negative,-0.707,Positive,0.41428571428571426
"Partially tapped holes limit you to only top mounting. The wholes are not square on all blocks. Some of the bushings are missing 3-4 ball bearings making them jerky. I guess for $8 you get what you pay for. EDIT: Bought a second set because the 1st ones were useless. These came with the bearings on the outside! Loose in the bag, so... again completely useless! The seller NEVER response to emails and shipping to return them costs more than they did.",1.0,Too cheap!!!,B00IJ67BJA,A1OUUZSD5DD4ZN,Negative,82,452,"Too cheap!!! Partially tapped holes limit you to only top mounting. The wholes are not square on all blocks. Some of the bushings are missing 3-4 ball bearings making them jerky. I guess for $8 you get what you pay for. EDIT: Bought a second set because the 1st ones were useless. These came with the bearings on the outside! Loose in the bag, so... again completely useless! The seller NEVER response to emails and shipping to return them costs more than they did.",Negative,-0.9014,Neutral,0.025393356643356638
"Flimsy, barely conducts electricity",1.0,Waste of $ - make your own for cheaper,B007XRCUGK,A3EERNFUBUKIZ8,Negative,4,35,"Waste of $ - make your own for cheaper Flimsy, barely conducts electricity",Negative,-0.4215,Positive,0.15
"The tape itself was fine and good quality... the stupid spool this came in basically unravelled the moment I took it out of the bag. The stuff is a pain to store when not properly rolled and it was nearly impossible to re-roll it...so basically I got 55yds, used maybe 1 yd, and now have about 15 yd left in the roll...the rest is in a tangled mess I just threw out. This needs side walls on the spool when it is this thing to prevent the spool itself from collapsing like this. ugh. Alternatively, I've had copper tape before of a similar width that was more self-adhesive which allowed it to maintain a roll-like form without losing it. I'm not sure what was different, other than the good roll seemed a bit waxier/stickier, but I'm guessing this is why it stayed rolled.",1.0,The tape itself was fine and good quality,B00EY44I42,A31EX6VRGMQMJS,Negative,143,773,"The tape itself was fine and good quality The tape itself was fine and good quality... the stupid spool this came in basically unravelled the moment I took it out of the bag. The stuff is a pain to store when not properly rolled and it was nearly impossible to re-roll it...so basically I got 55yds, used maybe 1 yd, and now have about 15 yd left in the roll...the rest is in a tangled mess I just threw out. This needs side walls on the spool when it is this thing to prevent the spool itself from collapsing like this. ugh. Alternatively, I've had copper tape before of a similar width that was more self-adhesive which allowed it to maintain a roll-like form without losing it. I'm not sure what was different, other than the good roll seemed a bit waxier/stickier, but I'm guessing this is why it stayed rolled.",Neutral,-0.0101,Neutral,0.09444444444444447
"Do not buy very thin, lace like. Have used other products from this line , other stuff OK. First one I opened I thought mistake all the same.",1.0,POOR QUALITY,B00E8JRNU4,AI43VKPN5NF7D,Negative,28,141,"POOR QUALITY Do not buy very thin, lace like. Have used other products from this line , other stuff OK. First one I opened I thought mistake all the same.",Negative,-0.5376,Neutral,-0.05999999999999999
tip was not in properly and broke off as i tried to unscrew itnot very good returned,1.0,Broke first day,B000BR7JUG,A12UQQU6OKLHF0,Negative,17,84,Broke first day tip was not in properly and broke off as i tried to unscrew itnot very good returned,Negative,-0.3415,Positive,0.38666666666666666
What the heck would make them put a left-hand thread on the outer part and right hand threads on the inner part - when you mount it on the tank then torque into the inner fitting it undoes the outer threads. Also it is kind of bulky making it so you can't mount it close to a wall in the tank.,2.0,Reversed threads on the mounting side? Doesn't make sense.,B0079JTX3U,A16CBDQH44LK3P,Negative,61,293,Reversed threads on the mounting side? Doesn't make sense. What the heck would make them put a left-hand thread on the outer part and right hand threads on the inner part - when you mount it on the tank then torque into the inner fitting it undoes the outer threads. Also it is kind of bulky making it so you can't mount it close to a wall in the tank.,Positive,0.4939,Positive,0.27714285714285714
good leds,1.0,One Star,B004UZDKRG,A2ZKODE40HL6DB,Negative,2,9,One Star good leds,Positive,0.4404,Positive,0.7
"Be warned- this works with 1/4"" plastic tube- not Brass- like the supply for my evaporative cooler- again, only with plastic",2.0,Does not work with brass water supply tube,B012DU0ZAO,A2SMQCENGBYWMS,Negative,21,124,"Does not work with brass water supply tube Be warned- this works with 1/4"" plastic tube- not Brass- like the supply for my evaporative cooler- again, only with plastic",Negative,-0.4956,Neutral,0.0
It fits as in bigger than necessary. Not remotely tight.,2.0,Eh It isn't smaller than the tote.,B0001N4700,AR95CH6BULYUE,Negative,10,56,Eh It isn't smaller than the tote. It fits as in bigger than necessary. Not remotely tight.,Neutral,0.0,Neutral,0.022321428571428572
This filter is not depicted as the one in the ad on Amazon. I thought it would come black and it came in a break silver mesh cylinder I should have read the ad a little bit more because it doesn't contain carbon of which iPhreshsays doesn't really do much. Also this is not a filter to remove odors I could have made this for about $5 with materials from a hardware store. I didn't even bother opening in it. This was a waste of my time and don't waste yours not.,1.0,Switch and bait.,B004EXMS4U,A1B6TSZ86GGK51,Negative,92,463,Switch and bait. This filter is not depicted as the one in the ad on Amazon. I thought it would come black and it came in a break silver mesh cylinder I should have read the ad a little bit more because it doesn't contain carbon of which iPhreshsays doesn't really do much. Also this is not a filter to remove odors I could have made this for about $5 with materials from a hardware store. I didn't even bother opening in it. This was a waste of my time and don't waste yours not.,Positive,0.3111,Neutral,-0.009027777777777773
"HORRIBLE, broken upon delivery, tested its work-ability anyway and couldn't hear a heartbeat clearly at all",1.0,One Star,B000FSIV6M,AVTPE77IQ7G8F,Negative,16,107,"One Star HORRIBLE, broken upon delivery, tested its work-ability anyway and couldn't hear a heartbeat clearly at all",Negative,-0.6841,Negative,-0.4333333333333333
Not worth buying. Didn't work with my computer and didn't want to go through hassel to return. I might not even know where it is now since it never worked! HAHA Pretty bad that it is bad enough that I misplaced it since i never used it. I don't think I would purchase it for even a gag gift exchange! I gave it a 2 start simply for the innovative idea!,2.0,Stay away!,B016KUGVJC,A1T6I0KG4DY24R,Negative,71,352,Stay away! Not worth buying. Didn't work with my computer and didn't want to go through hassel to return. I might not even know where it is now since it never worked! HAHA Pretty bad that it is bad enough that I misplaced it since i never used it. I don't think I would purchase it for even a gag gift exchange! I gave it a 2 start simply for the innovative idea!,Negative,-0.9063,Neutral,-0.0847222222222222
"Comes out easy, however does not dry solid for at least three weeks.",2.0,Find something else,B0009XB4O4,A3F2MSJ6I29V33,Negative,13,68,"Find something else Comes out easy, however does not dry solid for at least three weeks.",Positive,0.3519,Neutral,0.04166666666666667
"Never could get it to drive the stepper motors without tons of jitter. I think either the board or all the drivers are faulty. If it's me, I wish someone would explain the solution to me.",2.0,Not satisfied...,B0111ZSS2O,A3T5FVFRDG7GFS,Negative,36,187,"Not satisfied... Never could get it to drive the stepper motors without tons of jitter. I think either the board or all the drivers are faulty. If it's me, I wish someone would explain the solution to me.",Positive,0.0946,Negative,-0.25
"These slings are NOT as pictured. They have full-width eyes and NOT folded eyes as pictured, to make attachment easier in shackles and other connecting links.",2.0,NOT as Pictured,B00I5HRFYY,A1N1LW13O3QKEG,Negative,26,158,"NOT as Pictured These slings are NOT as pictured. They have full-width eyes and NOT folded eyes as pictured, to make attachment easier in shackles and other connecting links.",Positive,0.6124,Negative,-0.125
Not really stainless steel...just not right for jewelry cleaning. Sent back.,1.0,One Star,B00IER21M6,A22P16WH31MG8R,Negative,11,76,One Star Not really stainless steel...just not right for jewelry cleaning. Sent back.,Neutral,0.0,Neutral,-0.08095238095238096
"Filament density is higher than black, requiring recalibration to go between the two. Difficult to make consistent prints due to this.",2.0,Not recommended,B00MWL948E,ACRLMGI1YIZ8F,Negative,21,134,"Not recommended Filament density is higher than black, requiring recalibration to go between the two. Difficult to make consistent prints due to this.",Negative,-0.4753,Neutral,-0.05833333333333333
"Checked all 20 diodes out of the bag using my Fluke 117 True RMS multimeter (diode checker function). The readings were all over the place (like there is a QC issue with the doping of these diodes). Ten of them while testing forward/reverse current ""chirped"" on the diode function (prob okay, but had a higher impedance). All indicated ""open"" when reversing the leads. The other ten had a long steady tone (indicating a short...which is fine). Those ten also showed ""open"" when reversing the leads. From what I can tell...half of these are probably okay, and the other half questionable. Not recommended.",2.0,QC issue?,B01CXOQMJ8,A3QDPQBJAJC6C,Negative,102,604,"QC issue? Checked all 20 diodes out of the bag using my Fluke 117 True RMS multimeter (diode checker function). The readings were all over the place (like there is a QC issue with the doping of these diodes). Ten of them while testing forward/reverse current ""chirped"" on the diode function (prob okay, but had a higher impedance). All indicated ""open"" when reversing the leads. The other ten had a long steady tone (indicating a short...which is fine). Those ten also showed ""open"" when reversing the leads. From what I can tell...half of these are probably okay, and the other half questionable. Not recommended.",Positive,0.2644,Neutral,0.07156862745098042
CAN NOT MAKE IT WORK,2.0,Two Stars,B00GGJ4X9S,A2EFSI9VFZF6EV,Negative,5,20,Two Stars CAN NOT MAKE IT WORK,Neutral,0.0,Neutral,0.0
"I received this item in gray color instead of black, which is very disappointing. It does not match my fixtures color.",2.0,item in gray color instead of black,B000Z9DCF6,A3RNSPXZURY2DH,Negative,21,118,"item in gray color instead of black I received this item in gray color instead of black, which is very disappointing. It does not match my fixtures color.",Negative,-0.5413,Negative,-0.3711111111111111
"I have been using four of these units in my basement for the past three months. Last night I decided to check them for consistency. I place all four next to each other. After 15 minutes, all four units had different humidity readings. I left them together over night; this morning, they are all different again. CRAZY different, ranging from 63% to 72%. ARE YOU KIDDING ME!!!!",1.0,NOT ACCURATE.  TESTED!!!!,B0013BKDO8,A3TBMGYHM5MLI4,Negative,67,376,"NOT ACCURATE.  TESTED!!!! I have been using four of these units in my basement for the past three months. Last night I decided to check them for consistency. I place all four next to each other. After 15 minutes, all four units had different humidity readings. I left them together over night; this morning, they are all different again. CRAZY different, ranging from 63% to 72%. ARE YOU KIDDING ME!!!!",Negative,-0.4885,Negative,-0.146328125
"Which is correct? The one I received will stay at the same temperature and humidity regardless of conditions in the room. You have to pick it up and disturb it to get it to ""update"" the humidity and temperature, and even then the results will show wild swings. Quite frustrating because I don't know when the gauge is being accurate or not.",2.0,Rapid swings from 40% to 70% RH,B00DRALJ28,A3F0HJLB79JQJ4,Negative,62,340,"Rapid swings from 40% to 70% RH Which is correct? The one I received will stay at the same temperature and humidity regardless of conditions in the room. You have to pick it up and disturb it to get it to ""update"" the humidity and temperature, and even then the results will show wild swings. Quite frustrating because I don't know when the gauge is being accurate or not.",Negative,-0.7089,Neutral,0.02500000000000001
Bought this for the activator but the spray bottle didn't spray!,2.0,Two Stars,B0166FFCHS,A2IQI2NFBXA1Z8,Negative,11,64,Two Stars Bought this for the activator but the spray bottle didn't spray!,Neutral,0.0,Neutral,0.0
"I ordered Translucent Black. I received solid black. Can't even shine an LED flashlight thru it. Maybe it is just a wrong item. I will order again, Translucent, Dictionary -> ""Transparent (of a substance) allowing light, but not detailed images, to pass through; semitransparent.""",1.0,Did I receive a wrong item?,B004MUFHUM,A3CA9AOKJIU9ZD,Negative,44,280,"Did I receive a wrong item? I ordered Translucent Black. I received solid black. Can't even shine an LED flashlight thru it. Maybe it is just a wrong item. I will order again, Translucent, Dictionary -> ""Transparent (of a substance) allowing light, but not detailed images, to pass through; semitransparent.""",Negative,-0.4215,Negative,-0.1619047619047619
It looks like every seller here sources their borosilicate glass from the same poor manufacturer. I ordered this to replace a warped sheet only to find out this piece is far more warped than my other one. The kicker? I already installed my PEI sheet on this so I'm out a lot more than just the cost of this glass.,1.0,Nowhere near flat!,B00QQ5Q3BI,A1JKH8XD9E3LTL,Negative,60,313,Nowhere near flat! It looks like every seller here sources their borosilicate glass from the same poor manufacturer. I ordered this to replace a warped sheet only to find out this piece is far more warped than my other one. The kicker? I already installed my PEI sheet on this so I'm out a lot more than just the cost of this glass.,Negative,-0.2244,Neutral,0.07152777777777777
"The filament was visibly tangled and kinked on the spool when I received it. My review is based solely upon that at this point. I'm attempting to print with it now, but I have very little hope as im sure the tangles will cause the filament to break or pull out of the extruder during the print. I will never buy this again and id advise not to take the chance on it.",1.0,Filament came tangled and kinked.,B019CZHWW2,AEIQ7JJZTXUBL,Negative,73,366,"Filament came tangled and kinked. The filament was visibly tangled and kinked on the spool when I received it. My review is based solely upon that at this point. I'm attempting to print with it now, but I have very little hope as im sure the tangles will cause the filament to break or pull out of the extruder during the print. I will never buy this again and id advise not to take the chance on it.",Positive,0.8511,Positive,0.128125
"The new app shows the temperatures really nicely, with a vertical scale at the left of the picture. But they're meaningless. See attached pictures showing a near view of a washing machine drum, and a medium distance view of the same machine. Temperatures are wildly different. This device is fun to play with, and may be reliable for showing variations in temperature, but you can't take the temperatures seriously, at all.",2.0,Measured temps vary greatly by distance,B00NYWABAA,A12MS0QRMVQMAO,Negative,71,423,"Measured temps vary greatly by distance The new app shows the temperatures really nicely, with a vertical scale at the left of the picture. But they're meaningless. See attached pictures showing a near view of a washing machine drum, and a medium distance view of the same machine. Temperatures are wildly different. This device is fun to play with, and may be reliable for showing variations in temperature, but you can't take the temperatures seriously, at all.",Positive,0.5785,Positive,0.11030303030303032
"Product isn't real bad but if you don't mind , in the middle of printing , the filament snaps due to being tangled on the spool then it is not a bad product. I had untangled it numerous times and missed catching it before it caused problems. Lost the print, wasted the filament, had to stop and rewind the balance of the spool of white filament unto an empty spool to use the balance of the filament. This happened with better than a half spool of line left on it and it was a Pain In T. A. But am using the balance of the line and will use another source for filaments. I have found one made in the USA and unspools flawless and high quality product and is available on Amazon. 3D Solutech Real Blue 1.75mm PLA 3D Printer Filament 2.2 LBS (1.0KG) - 100% USA]]",1.0,Product isn't real bad but if you don't mind,B00J0GMMP6,ASVFOPVPHYXKK,Negative,148,760,"Product isn't real bad but if you don't mind Product isn't real bad but if you don't mind , in the middle of printing , the filament snaps due to being tangled on the spool then it is not a bad product. I had untangled it numerous times and missed catching it before it caused problems. Lost the print, wasted the filament, had to stop and rewind the balance of the spool of white filament unto an empty spool to use the balance of the filament. This happened with better than a half spool of line left on it and it was a Pain In T. A. But am using the balance of the line and will use another source for filaments. I have found one made in the USA and unspools flawless and high quality product and is available on Amazon. 3D Solutech Real Blue 1.75mm PLA 3D Printer Filament 2.2 LBS (1.0KG) - 100% USA]]",Negative,-0.4981,Neutral,0.024607843137254882
"Worked well the first dozen times I used it. After showing an open on pins 1 & 2 and me cutting off the RJ45 three times, I tried it on a known good cable. Same reading. Closer inspection revealed the number 1 pin was bent over the #2 pin. Straitened it but still reads open. Replaced with Southwire model M400TP.",2.0,Didn't last long.,B004CI9NRM,A2MVKF65WOV4N9,Negative,60,313,"Didn't last long. Worked well the first dozen times I used it. After showing an open on pins 1 & 2 and me cutting off the RJ45 three times, I tried it on a known good cable. Same reading. Closer inspection revealed the number 1 pin was bent over the #2 pin. Straitened it but still reads open. Replaced with Southwire model M400TP.",Positive,0.34,Neutral,0.0375
"Junk, large UPC code posted in one corner that is not shown in picture, Has large seller's inventory sticker stuck on the front which is very difficult to take off. (takes sign printing with it) They are very flimsy so I glued them to a harder service and the glue ate through the sign in several places to further damage the sign.",1.0,Much better signs out there,B008YFTPBS,A2TIJ1DJ74KFG3,Negative,62,331,"Much better signs out there Junk, large UPC code posted in one corner that is not shown in picture, Has large seller's inventory sticker stuck on the front which is very difficult to take off. (takes sign printing with it) They are very flimsy so I glued them to a harder service and the glue ate through the sign in several places to further damage the sign.",Negative,-0.624,Neutral,0.04732142857142857
Was about 75% through a 19 hour print and found out the printer was printing in tin air. Found the cause. The filament was tangled on the spool so obviously lacking in quality control. No more of this product!,1.0,Terrible product,B00ZAUQZTA,AWN9I13LC3GZ2,Negative,39,209,Terrible product Was about 75% through a 19 hour print and found out the printer was printing in tin air. Found the cause. The filament was tangled on the spool so obviously lacking in quality control. No more of this product!,Negative,-0.68,Negative,-0.4375
"Bought two, one was DOA. It always thinks it night time",1.0,50/50,B000VS6FWI,A3H4O91OZ4IW9R,Negative,11,55,"50/50 Bought two, one was DOA. It always thinks it night time",Negative,-0.6166,Neutral,0.0
"There is a permanently marked label right on the front to tell you where to re order more signs. Its prominent, right under the word 'surveillance'. I'm giving this otherwise alright product one star because the photo i looked at of it to buy it did not show the big reorder information. I'm tired of subtle false advertising and tricks. Just be honest and show the real picture. How am i supposed to remove this silkscreened permanent ink? Acetone would dissolve the plastic enough to leave a streak.",1.0,Advertisement on the front you don't know about,B000YT5Y7G,A35MH4WEUGF0G1,Negative,88,501,"Advertisement on the front you don't know about There is a permanently marked label right on the front to tell you where to re order more signs. Its prominent, right under the word 'surveillance'. I'm giving this otherwise alright product one star because the photo i looked at of it to buy it did not show the big reorder information. I'm tired of subtle false advertising and tricks. Just be honest and show the real picture. How am i supposed to remove this silkscreened permanent ink? Acetone would dissolve the plastic enough to leave a streak.",Positive,0.6872,Positive,0.1115079365079365
"VERY slow response (screen update) time, when checking continuity, don't lift test lead too quickly... count up to two or three then check or listen for reading. Meter rated as 6000 count, mine acts more like 500-1000 count... Very annoying. Not happy.",2.0,"Slow response (count) update time, nice gauge but very slow re-count time!",B019CY4FB4,A1T136JLJANY4D,Negative,42,252,"Slow response (count) update time, nice gauge but very slow re-count time! VERY slow response (screen update) time, when checking continuity, don't lift test lead too quickly... count up to two or three then check or listen for reading. Meter rated as 6000 count, mine acts more like 500-1000 count... Very annoying. Not happy.",Negative,-0.623,Negative,-0.14302083333333337
"In comparing these to the 7 mil gloves from Harbor Freight that I normally buy, I've had more tears with these 9 mil gloves, and they feel thinner than Harbor Freight's 7 mil. The price isn't really any different (assuming HF coupon.) I've also noticed the price has gone up more than a dollar since I bought these just a few weeks ago, making them even less of a value. The Harbor Freight 9 mil gloves are significantly better than these and are likely worth the extra cost. I've never had so many tears; they're fine for working with epoxy/paint, but are not up to the task of actually working on anything with your hands. I actually had a pair tear just while I was just laying out fiberglass cloth. I'm at a loss to explain how these gloves have so many 5 star reviews.",2.0,The Harbor Freight 9 mil gloves are significantly better than these and are likely worth the extra cost,B00QRELG56,AVM8DTQ6Y80I3,Negative,145,773,"The Harbor Freight 9 mil gloves are significantly better than these and are likely worth the extra cost In comparing these to the 7 mil gloves from Harbor Freight that I normally buy, I've had more tears with these 9 mil gloves, and they feel thinner than Harbor Freight's 7 mil. The price isn't really any different (assuming HF coupon.) I've also noticed the price has gone up more than a dollar since I bought these just a few weeks ago, making them even less of a value. The Harbor Freight 9 mil gloves are significantly better than these and are likely worth the extra cost. I've never had so many tears; they're fine for working with epoxy/paint, but are not up to the task of actually working on anything with your hands. I actually had a pair tear just while I was just laying out fiberglass cloth. I'm at a loss to explain how these gloves have so many 5 star reviews.",Positive,0.1612,Positive,0.2
"Horrible QC! 30RPM gear motor arrived DOA, Not functioning at all. 0 Ohms across terminals! I would not recommend to anyone since they obviously do not test. Product was packed well, so it was not shipping damage.",1.0,"Horrible QC! 30RPM gear motor arrived DOA, Not functioning at all",B00DCAIU3Y,A2RCSREBNKS30F,Negative,37,213,"Horrible QC! 30RPM gear motor arrived DOA, Not functioning at all Horrible QC! 30RPM gear motor arrived DOA, Not functioning at all. 0 Ohms across terminals! I would not recommend to anyone since they obviously do not test. Product was packed well, so it was not shipping damage.",Negative,-0.9363,Negative,-0.6666666666666666
"I've only had this for a couple of days - consider this an initial review... The product looks very nice. The materials - glass and chrome plated pump - are solid feeling. The pump works. The capacity is actually quite large. Now, it just has to last. ========== Update March 1, 2016 Well, as noted in other reviews, it does look great, but the pump stopped working after pushing not more than 4 oz in total of soap. That's really too bad. You will notice more reviews that say the same thing. I would not order this again.",1.0,"Looked good, but the pump is shoddy.",B00XQ03EN6,A1Y2WMB7RPLWAO,Negative,98,523,"Looked good, but the pump is shoddy. I've only had this for a couple of days - consider this an initial review... The product looks very nice. The materials - glass and chrome plated pump - are solid feeling. The pump works. The capacity is actually quite large. Now, it just has to last. ========== Update March 1, 2016 Well, as noted in other reviews, it does look great, but the pump stopped working after pushing not more than 4 oz in total of soap. That's really too bad. You will notice more reviews that say the same thing. I would not order this again.",Positive,0.8598,Positive,0.10701680672268908
"Light sucks . . . Just use a regular inspection mirror and a small flashlight, it's hard to get the light and the mirror to line up to see exactly what you want to see. It's just awkward. Sorry Ullman, nice try though.",2.0,FAIL,B0015YJK9C,AZ0GPIP1UFAGS,Negative,43,218,"FAIL Light sucks . . . Just use a regular inspection mirror and a small flashlight, it's hard to get the light and the mirror to line up to see exactly what you want to see. It's just awkward. Sorry Ullman, nice try though.",Negative,-0.7125,Neutral,-0.07196969696969696
"Wat idiot thought of this packaging? I've been at it all day and STILL cannot get this blasted thing open. I'm sure the Super glue itself is find, it's the getting at it that I am far from impressed with... I guess I'll grab the crowbar from the garage and try again. You think I'm kidding, I'm NOT!",1.0,Good 'ol Superglue packaging first class all the way ......,B000LGPD64,A3W152L0OZZER6,Negative,58,299,"Good 'ol Superglue packaging first class all the way ...... Wat idiot thought of this packaging? I've been at it all day and STILL cannot get this blasted thing open. I'm sure the Super glue itself is find, it's the getting at it that I am far from impressed with... I guess I'll grab the crowbar from the garage and try again. You think I'm kidding, I'm NOT!",Positive,0.8622,Positive,0.16481481481481483
"This grabber by VIVE Health is well made and light weight. So why don't I like it? To start, I didn't think about how much use I would have for it before I made the purchase. All my higher up things are too big for me to bring them down with any grabber. The only use I can find to use it right away is the ceiling lights in my kitchenette. They are of the modern little non-tungsten bulbs of an odd shape. Alas, the grabber couldn't get a hold on them. I'm keeping the grabber anyway. Some day I might need it.",2.0,SOME DAY MAYBE,B00O47ILVA,A11KZ906QD08C5,Negative,103,511,"SOME DAY MAYBE This grabber by VIVE Health is well made and light weight. So why don't I like it? To start, I didn't think about how much use I would have for it before I made the purchase. All my higher up things are too big for me to bring them down with any grabber. The only use I can find to use it right away is the ceiling lights in my kitchenette. They are of the modern little non-tungsten bulbs of an odd shape. Alas, the grabber couldn't get a hold on them. I'm keeping the grabber anyway. Some day I might need it.",Negative,-0.5283,Neutral,0.03872655122655123
This is a flimsy reel holder you will need to superglue the ends where the knobs screw into the bar. Mine kept on falling out and it was a real pain. After supergluing the ends into the bar it works much better. I guess I could have spent more to get a better product.,2.0,You get what you pay for,B00RC0MASG,A1WYJMGFZI8ZP0,Negative,54,268,You get what you pay for This is a flimsy reel holder you will need to superglue the ends where the knobs screw into the bar. Mine kept on falling out and it was a real pain. After supergluing the ends into the bar it works much better. I guess I could have spent more to get a better product.,Neutral,0.0258,Positive,0.32
"Very glitchy unit, bad firmware. Totally not worth the price. Will be shopping for another brand.",1.0,Glitchy and failed within 2 weeks,B01C89OZPG,A30DF71BED07GG,Negative,16,97,"Glitchy and failed within 2 weeks Very glitchy unit, bad firmware. Totally not worth the price. Will be shopping for another brand.",Negative,-0.8405,Negative,-0.2874999999999999
"Purchased as a spare part, failed after first use. Works briefly if you tap on it... makes sparks. This is one of those projects that takes an hour the first time, but is a snap from then on. I have done it about 5 times and have it down to about 10 minutes. You may have to cut off an existing plastic connector and use the included high-temperature wire nuts. Our oven sees daily use and we have to replace this part every 12-18 months. I keep a spare on hand because it is, by far, the weak link in the design. If anything goes wrong with the oven, failure to light, smelling gas at startup, I change out this part first. Note, just because it is glowing does not mean it is working. The gas valve will only open if the element draws a very specific amount of electrical current, and the element can be slightly high or low and the valve will not open, even though it seems to be glowing properly.",1.0,"Easy DIY Project, buy a spare, but not this one!",B001DPQN70,A3C0DGHATPIAM1,Negative,174,900,"Easy DIY Project, buy a spare, but not this one! Purchased as a spare part, failed after first use. Works briefly if you tap on it... makes sparks. This is one of those projects that takes an hour the first time, but is a snap from then on. I have done it about 5 times and have it down to about 10 minutes. You may have to cut off an existing plastic connector and use the included high-temperature wire nuts. Our oven sees daily use and we have to replace this part every 12-18 months. I keep a spare on hand because it is, by far, the weak link in the design. If anything goes wrong with the oven, failure to light, smelling gas at startup, I change out this part first. Note, just because it is glowing does not mean it is working. The gas valve will only open if the element draws a very specific amount of electrical current, and the element can be slightly high or low and the valve will not open, even though it seems to be glowing properly.",Negative,-0.9628,Neutral,0.01184974747474748
Not as strong as advertised,3.0,Decent,B00B28Z2AC,A35CC9NJHFC5DE,Neutral,5,27,Decent Not as strong as advertised,Negative,-0.4023,Positive,0.3
Like others have said the pressure markings are for decoration and have no basis in reality. This must be used with a pressure gage if you want to ensure accuracy.,3.0,Works well for my homebrew spunding valve but isn't accurate.,B007GDY3CU,A5SRJXCOQA2U7,Neutral,30,163,Works well for my homebrew spunding valve but isn't accurate. Like others have said the pressure markings are for decoration and have no basis in reality. This must be used with a pressure gage if you want to ensure accuracy.,Negative,-0.6873,Positive,0.4000000000000001
"Found that a couple months after I put these into my vehicle they had loosened and were no longer tight. BE AWARE! They screw tight initially, but you may want to check them later to make sure they stay tight!",3.0,Found that a couple months after I put these into ...,B006IOZ2TG,AF8HFJ5DLSAXH,Neutral,40,209,"Found that a couple months after I put these into ... Found that a couple months after I put these into my vehicle they had loosened and were no longer tight. BE AWARE! They screw tight initially, but you may want to check them later to make sure they stay tight!",Positive,0.4912,Neutral,0.033163265306122444
Tubing is very thin.,3.0,Three Stars,B00OCSPCN6,A3FTW72ESZRAT1,Neutral,4,20,Three Stars Tubing is very thin.,Neutral,0.0,Negative,-0.52
"12/1/15 UPDATE - Raising My Most Recent Review From 1 Star To 3 Stars. Excellent Seller issued me an instant full refund when I told them I got a bad roll of TAPE. 11/14/15 Major Revised Review Downgrade After Application And 2 Day Observation - A Minus Zero Star Product For The $8.50 Price Tag. NO JOKE - TURNS OUT THIS TAPE IS WORSE QUALITY THAN TAPE I PURCHASED FROM THE 99 STORE. Thin, Flimsy, Dull Non-Vibrant Color, and worst all it's so paper thin you can see through it after application - DEFINITELY NOT DURABLE!! I PAID Top Dollar for the Scotch brand and the roll of TAPE I PAID FOR was terrible quality. So thin you can see through it after applied - so needed to apply an additional layer over the original. Just finished using the Duck Brand for my first time. I Ordered The Scotch Brand Durable & Duck Brand Heavy Duty tape both in white to patch up a repair on my old white caravan. I got the Scotch thinking it would be much better and stronger than the Duck brand. WRONG - Turns out the Duck Brand was thicker, stronger, stickier, and the white color was much brighter! TERRIBLE PURCHASE - DO NOT RECOMMEND AT ALL. So thin you can see through it. The Dollar Store has better quality TAPE.",3.0,Tape Sucks - Not Durable - So Thin You Can See Through It - Very Light Duty - Terrible,B0013AZ4S4,A1FJ2XJDLL7E55,Neutral,226,1207,"Tape Sucks - Not Durable - So Thin You Can See Through It - Very Light Duty - Terrible 12/1/15 UPDATE - Raising My Most Recent Review From 1 Star To 3 Stars. Excellent Seller issued me an instant full refund when I told them I got a bad roll of TAPE. 11/14/15 Major Revised Review Downgrade After Application And 2 Day Observation - A Minus Zero Star Product For The $8.50 Price Tag. NO JOKE - TURNS OUT THIS TAPE IS WORSE QUALITY THAN TAPE I PURCHASED FROM THE 99 STORE. Thin, Flimsy, Dull Non-Vibrant Color, and worst all it's so paper thin you can see through it after application - DEFINITELY NOT DURABLE!! I PAID Top Dollar for the Scotch brand and the roll of TAPE I PAID FOR was terrible quality. So thin you can see through it after applied - so needed to apply an additional layer over the original. Just finished using the Duck Brand for my first time. I Ordered The Scotch Brand Durable & Duck Brand Heavy Duty tape both in white to patch up a repair on my old white caravan. I got the Scotch thinking it would be much better and stronger than the Duck brand. WRONG - Turns out the Duck Brand was thicker, stronger, stickier, and the white color was much brighter! TERRIBLE PURCHASE - DO NOT RECOMMEND AT ALL. So thin you can see through it. The Dollar Store has better quality TAPE.",Negative,-0.9387,Negative,-0.10541666666666666
"Some rolls are clearly defective -- possibly how they're stored at the warehouse or how they're manufactured. I unroll 1 roll of this, fast or slow, work fine -- takes some practice to apply, but no issues. Next roll -- edges cling to the roll, and it unrolls uneven and totally unusable, no difference with roll appearance, same packaging. I ordered 2 -- one was perfectly fine, the other I tried a few feet, and I couldn't get to a spot where it looked like it would be OK. I guess buy 2 hope 1 of them is OK.",3.0,"Poor QC. Some rolls are fine, some rolls are junk",B007Y7D2GG,A13D4AOJLCKNSY,Neutral,99,511,"Poor QC. Some rolls are fine, some rolls are junk Some rolls are clearly defective -- possibly how they're stored at the warehouse or how they're manufactured. I unroll 1 roll of this, fast or slow, work fine -- takes some practice to apply, but no issues. Next roll -- edges cling to the roll, and it unrolls uneven and totally unusable, no difference with roll appearance, same packaging. I ordered 2 -- one was perfectly fine, the other I tried a few feet, and I couldn't get to a spot where it looked like it would be OK. I guess buy 2 hope 1 of them is OK.",Positive,0.8668,Neutral,0.0828125
came used????,3.0,Three Stars,B01AI10NQ6,A1UE5BZTAARSHS,Neutral,2,13,Three Stars came used????,Neutral,0.0,Neutral,0.0
Stopped working after 2 months with new battery.,3.0,Three Stars,B0012E0REM,A2ZT6OFM7ZWHT6,Neutral,8,48,Three Stars Stopped working after 2 months with new battery.,Negative,-0.2263,Positive,0.13636363636363635
It's a great starter unit. The magnet and clip unfortunately is not that strong and my unit fell twice already. Other then that it's very easy to reach. I ended up purchasing another just to see if there's any difference. Will update at a later time.,3.0,Watch out for the clip and magnet,B0013BKDO8,AWCS899JMRBGU,Neutral,46,250,Watch out for the clip and magnet It's a great starter unit. The magnet and clip unfortunately is not that strong and my unit fell twice already. Other then that it's very easy to reach. I ended up purchasing another just to see if there's any difference. Will update at a later time.,Positive,0.5506,Positive,0.32027777777777783
"The things I love about this vacuum--- -The one/off is easy to find and reach -The brushes can be turned off with a switch -The brushes turn off automatically when in the full upright position so it isn't wearing our the carpet or brush head when using attachments. -the attachments are great for cleaning up dog hair, the beater one has teeth to loosen hair and the other one has rubber to loosen the hair and vac it up. -- The collection cup is easy to empty and the one filter is very easy to clean (not sure about the others yet, I will have to post back later on that) -- The cord is almost long enough for me, it is short about 2 feet but I could live with that, I didn't measure it and I don't find a reference on the description. -- it is reasonably light weight, I wouldn't want to carry it around all the time but it is doable to take up stairs or something Things I hate--- -This vac doesn't have a lock midway, it is either full upright or low lock for going under furniture, this i find completely unacceptable to me because I have some things I need to get over the hump in between rooms and i vacuum a couple rug runners and need to lift the machine. The way this machine is set up I have to man handle it and lift the entire machine or put it in the full upright to get over it. This is very cumbersome to me. Other people may find it acceptable but I don't. -- It doesn't clean the floor as well as my BISSELL 67F8 Rewind Premier Pet does. I get more pet hair picked up with the 67F8 --The attachment on the left falls off all the time -- The stretch hose is not long enough and with the attachments on it still isn't long enough",3.0,Love - Hate relationship,B005FUYB14,A1X2LENOF84LCQ,Neutral,326,1646,"Love - Hate relationship The things I love about this vacuum--- -The one/off is easy to find and reach -The brushes can be turned off with a switch -The brushes turn off automatically when in the full upright position so it isn't wearing our the carpet or brush head when using attachments. -the attachments are great for cleaning up dog hair, the beater one has teeth to loosen hair and the other one has rubber to loosen the hair and vac it up. -- The collection cup is easy to empty and the one filter is very easy to clean (not sure about the others yet, I will have to post back later on that) -- The cord is almost long enough for me, it is short about 2 feet but I could live with that, I didn't measure it and I don't find a reference on the description. -- it is reasonably light weight, I wouldn't want to carry it around all the time but it is doable to take up stairs or something Things I hate--- -This vac doesn't have a lock midway, it is either full upright or low lock for going under furniture, this i find completely unacceptable to me because I have some things I need to get over the hump in between rooms and i vacuum a couple rug runners and need to lift the machine. The way this machine is set up I have to man handle it and lift the entire machine or put it in the full upright to get over it. This is very cumbersome to me. Other people may find it acceptable but I don't. -- It doesn't clean the floor as well as my BISSELL 67F8 Rewind Premier Pet does. I get more pet hair picked up with the 67F8 --The attachment on the left falls off all the time -- The stretch hose is not long enough and with the attachments on it still isn't long enough",Positive,0.6528,Positive,0.11272306397306402
"Meh, its just ok, not sticky enough for me.",3.0,Search around there are better products.,B000CSIBCE,A2WJBJUR22RX6B,Neutral,9,43,"Search around there are better products. Meh, its just ok, not sticky enough for me.",Positive,0.3818,Positive,0.3333333333333333
"Good solvent, but I really don't love the container. There's a metal inner lid that you have to somehow cut to remove. I ended up damaging the rim so the can leaks now. Also, pouring from this tin is a pain, drips and slurps everywhere. Maybe I'm missing something, but for the hobbyist like me (who doesn't open a lot of this kind of jug) I can certainly imagine an easier to use/pour/seal container.",3.0,"Good solvent, annoying can",B005ZH2YP2,APN50UILUQ3FZ,Neutral,74,401,"Good solvent, annoying can Good solvent, but I really don't love the container. There's a metal inner lid that you have to somehow cut to remove. I ended up damaging the rim so the can leaks now. Also, pouring from this tin is a pain, drips and slurps everywhere. Maybe I'm missing something, but for the hobbyist like me (who doesn't open a lot of this kind of jug) I can certainly imagine an easier to use/pour/seal container.",Negative,-0.8489,Positive,0.19047619047619047
"Was not quite as durable as I hoped. I can't ding it too much because I put it in a high-friction application, and it quickly came off. Seems like a decent product, but don't expect it to have the durability of a rubber dip or close to a adhesive coating.",3.0,Seems like a decent product,B000FPAN2K,A1SAU2MCUSECGG,Neutral,50,255,"Seems like a decent product Was not quite as durable as I hoped. I can't ding it too much because I put it in a high-friction application, and it quickly came off. Seems like a decent product, but don't expect it to have the durability of a rubber dip or close to a adhesive coating.",Positive,0.5106,Positive,0.21666666666666665
"These are ok, I would not use these unless there was nothing else and this was the best I could do. We use these as emergency back-ups just in case items. If you have issues with small print, then these will be all but useless to you unless you have a magnifying glass to see the readings",3.0,"Ok for back up and emergency use, beware of the small printing, people with non standard eye sight may find it difficult",B00E8JPEMS,A1OIQA0YS1M2LW,Neutral,57,288,"Ok for back up and emergency use, beware of the small printing, people with non standard eye sight may find it difficult These are ok, I would not use these unless there was nothing else and this was the best I could do. We use these as emergency back-ups just in case items. If you have issues with small print, then these will be all but useless to you unless you have a magnifying glass to see the readings",Negative,-0.5927,Neutral,0.05555555555555555
Will not cover 5 Gallon trash cans.,3.0,Three Stars,B005N9T036,A7P80W492JL1W,Neutral,7,35,Three Stars Will not cover 5 Gallon trash cans.,Neutral,0.0,Neutral,0.0
Some hold good and some does not (leather),3.0,ok... not good with leather,B003Y49R7G,A3AHXJ3F5Q0R81,Neutral,8,42,ok... not good with leather Some hold good and some does not (leather),Positive,0.1265,Positive,0.2833333333333333
Did NOT remove enamel paint graffiti from a sidewalk. Though it did clean the sidewalk such that the graffiti is now much more visible. I used a wire brush and this stuff and it was mainly the wire brush doing all the work. Luckily I have not had to use it on the fence yet.,3.0,Did NOT work on the sidewalk graffiti.,B0013CFNKG,AU1Q9P7QNL2XW,Neutral,55,274,Did NOT work on the sidewalk graffiti. Did NOT remove enamel paint graffiti from a sidewalk. Though it did clean the sidewalk such that the graffiti is now much more visible. I used a wire brush and this stuff and it was mainly the wire brush doing all the work. Luckily I have not had to use it on the fence yet.,Positive,0.7184,Positive,0.2733333333333333
"It's not as big of a dispenser as you would think. Yes, it will go a long way, but be prepared to look for this tiny, itty bitty thing floating somewhere at the bottom of the box. But I guess they're all that way -- very small syringes of good stuff.",3.0,Ummm...a tiny little syringe!,B0002EQU6C,A3PG659VPWCT05,Neutral,51,250,"Ummm...a tiny little syringe! It's not as big of a dispenser as you would think. Yes, it will go a long way, but be prepared to look for this tiny, itty bitty thing floating somewhere at the bottom of the box. But I guess they're all that way -- very small syringes of good stuff.",Positive,0.8096,Neutral,0.012946428571428565
"Great price. Not as waterproof as silicon, but equally effective in sealing cracks and staving off leaks.",3.0,"In this case, quantity makes up for quality,",B00130BWLM,ATC9QFK6EEP63,Neutral,17,105,"In this case, quantity makes up for quality, Great price. Not as waterproof as silicon, but equally effective in sealing cracks and staving off leaks.",Positive,0.7717,Positive,0.7
"Not too fond of this melon/cucumber scent. Will stick to lavender from now on. However, it is truly effective at eliminating bad odors.",3.0,Good Product Bad Scent,B00XQFKQ6E,A1HSQ41KGGXHNF,Neutral,23,135,"Good Product Bad Scent Not too fond of this melon/cucumber scent. Will stick to lavender from now on. However, it is truly effective at eliminating bad odors.",Negative,-0.1295,Neutral,-0.02499999999999994
"I like this, get leads from a BNC to connect as needed. the BNC connector isn't so good, no spring or swivel, which is frustrating. But it works well, suitable separation of connectors, easy to work with. Shame the wires are not longer. And that the BNC plug is not better. But all in, not a bad piece of kit",3.0,"Adequate BNC to wire connector, could be better, but it works",B009HCSSQK,A24O15MYDNLZBE,Neutral,60,308,"Adequate BNC to wire connector, could be better, but it works I like this, get leads from a BNC to connect as needed. the BNC connector isn't so good, no spring or swivel, which is frustrating. But it works well, suitable separation of connectors, easy to work with. Shame the wires are not longer. And that the BNC plug is not better. But all in, not a bad piece of kit",Positive,0.343,Positive,0.27708333333333335
"This is an update to a review I posted. My most recent purchase of the PLA PRO was not as successful, perhaps it's just a marginal batch? On my direct drive Makergear M2 I have been experiencing repeated jams. This is a machine that has been super reliable up until now. I cleaned the path, adjusted the gripper, replaced the nozzle -- in short everything one does with a clogged path. Then on the next run it would jam again 1/2 way through the job. I went back to Hatchbox and the same job has already run perfectly (as always). I wonder if the quality control at eSun isn't what it ought to be. Here's my original review: I've been shopping the various $20 (give or take) PLA products, been mostly using Hatchbox. Until now. This latest release from eSun is the most consistently good PLA I've seen, comparing favorably with some $40/kg PLA that my school uses. I also particularly like the fact that the finished parts have more of a satin finish rather than that excessively glossy finish I get with all of the other brands I've used. When I say consistent, I mean that when I print a part there's almost no uneven streaking on the sides of the part. At this point the output is getting very close to injection molded. My congrats to eSun, they have a long-term customer assuming they don't mess up. Highly recommend.",3.0,"Rating lowered, having trouble with jams on new batch",B01EKEMDA6,APN50UILUQ3FZ,Neutral,241,1322,"Rating lowered, having trouble with jams on new batch This is an update to a review I posted. My most recent purchase of the PLA PRO was not as successful, perhaps it's just a marginal batch? On my direct drive Makergear M2 I have been experiencing repeated jams. This is a machine that has been super reliable up until now. I cleaned the path, adjusted the gripper, replaced the nozzle -- in short everything one does with a clogged path. Then on the next run it would jam again 1/2 way through the job. I went back to Hatchbox and the same job has already run perfectly (as always). I wonder if the quality control at eSun isn't what it ought to be. Here's my original review: I've been shopping the various $20 (give or take) PLA products, been mostly using Hatchbox. Until now. This latest release from eSun is the most consistently good PLA I've seen, comparing favorably with some $40/kg PLA that my school uses. I also particularly like the fact that the finished parts have more of a satin finish rather than that excessively glossy finish I get with all of the other brands I've used. When I say consistent, I mean that when I print a part there's almost no uneven streaking on the sides of the part. At this point the output is getting very close to injection molded. My congrats to eSun, they have a long-term customer assuming they don't mess up. Highly recommend.",Positive,0.9589,Positive,0.20388798701298702
"disposable tweezers, we will use for window tinting and use with plotter",3.0,Three Stars,B00DVIEJ14,AXEUQXI9SOHTL,Neutral,12,72,"Three Stars disposable tweezers, we will use for window tinting and use with plotter",Neutral,0.0,Neutral,0.0
"First of all the tape is thin, not like the older Duct tape I remember. Second it is very sticky and takes a little effort to unwind. Because it is thin it does rip very easily.",3.0,Thin and Sticky,B001HT720O,ABZ0MDXOBDJLE,Neutral,36,177,"Thin and Sticky First of all the tape is thin, not like the older Duct tape I remember. Second it is very sticky and takes a little effort to unwind. Because it is thin it does rip very easily.",Positive,0.1489,Neutral,-0.02305555555555557
"I think spray can lubes just arnt for me. Tend to be too much waste and for the price, sure isn't a good deal. There are plenty of recipes on the internet for making more efficient lubes that even if you do waste some won't knock your wallet out.",3.0,Make your own,B0001NA29U,A1BS19UM1QKQV1,Neutral,49,246,"Make your own I think spray can lubes just arnt for me. Tend to be too much waste and for the price, sure isn't a good deal. There are plenty of recipes on the internet for making more efficient lubes that even if you do waste some won't knock your wallet out.",Negative,-0.3845,Positive,0.3166666666666666
scans good but software sucks,3.0,Three Stars,B018FNDPVY,AVW6NNV42JF20,Neutral,5,29,Three Stars scans good but software sucks,Negative,-0.3182,Positive,0.19999999999999998
Packaging was split open. Almost as cheap as the nails appear to be,3.0,Gets the job done spose,B000J2DI2Q,A1N1DTNXD09YAJ,Neutral,13,67,Gets the job done spose Packaging was split open. Almost as cheap as the nails appear to be,Neutral,0.0,Positive,0.2
"My older nailer needs these 28 deg nails. These are brand as far as I can tell. Did not compare homedepot price but for these, driving to the store may be cheaper. For some heavy items, Amazon price is ridiculous.",3.0,works but compare prices with hardware stores,B000B9RUMG,A365PBEOWM7EI7,Neutral,40,213,"works but compare prices with hardware stores My older nailer needs these 28 deg nails. These are brand as far as I can tell. Did not compare homedepot price but for these, driving to the store may be cheaper. For some heavy items, Amazon price is ridiculous.",Negative,-0.296,Neutral,-0.06666666666666667
Spools unwind more then needed causing jam ups.,3.0,Three Stars,B00MVIPH0W,A34XUA70VISORP,Neutral,8,47,Three Stars Spools unwind more then needed causing jam ups.,Neutral,0.0,Positive,0.5
"could be a little heavier duty, I'd pay more....It's saves your back",3.0,Three Stars,B0043570IS,ADQAAZ8RDITFF,Neutral,12,68,"Three Stars could be a little heavier duty, I'd pay more....It's saves your back",Negative,-0.1027,Neutral,-0.09375
I purchased 3 of these but they don't always show the same readings even when placed in an airtight container. I didn't realize the min humidity reading is 16% so if it is lower than that it will jump around between 16% and 21%. For a few dollars more their higher model works much better:&nbsp; AcuRite 01083 Pro Accuracy Indoor Temperature and Humidity Monitor,3.0,Ok but not super accurate,B0013BKDO8,A2II1NU8XG5FJ,Neutral,64,362,Ok but not super accurate I purchased 3 of these but they don't always show the same readings even when placed in an airtight container. I didn't realize the min humidity reading is 16% so if it is lower than that it will jump around between 16% and 21%. For a few dollars more their higher model works much better:&nbsp; AcuRite 01083 Pro Accuracy Indoor Temperature and Humidity Monitor,Negative,-0.752,Positive,0.18541666666666667
"Not sure the humidity detector is working....it has registered the same humidity, 16%, everyday for the first week. It is winter, but that seems unlikely. I feel quite disappointed. I have it sitting next to another brand of humidity/temp monitor and they are both registering different values! UHG",3.0,skeptical accuracy,B0013BKDO8,A24QSF3NYLPXCJ,Neutral,48,298,"skeptical accuracy Not sure the humidity detector is working....it has registered the same humidity, 16%, everyday for the first week. It is winter, but that seems unlikely. I feel quite disappointed. I have it sitting next to another brand of humidity/temp monitor and they are both registering different values! UHG",Negative,-0.5365,Negative,-0.21666666666666667
"As all products that are not made in the USA, I can only give this product 3 stars. These could easly be made in the USA.. Shame on Fluke!",3.0,Not made in USA,B000EJ332O,A1ST9K7U4R5Q3W,Neutral,29,138,"Not made in USA As all products that are not made in the USA, I can only give this product 3 stars. These could easly be made in the USA.. Shame on Fluke!",Negative,-0.5255,Neutral,0.0
"The caliper functions after using an SR43 battery rather than the SR44 size that it came with. It was difficult to close the battery compartment and when it did close using the SR44, the LCD would not operate. Using a slightly thinner batter did the trick, but that was another step. Also these would do well to use lithium batteries rather than silver oxide for improved shelf life. Having read the reviews and with a price at $25, one should not expect the caliper area to be constructed from titanium.",3.0,"Not ""titanium"" and Battery Issues",B003119EDE,A2AF0ISXVVB6SP,Neutral,90,504,"Not ""titanium"" and Battery Issues The caliper functions after using an SR43 battery rather than the SR44 size that it came with. It was difficult to close the battery compartment and when it did close using the SR44, the LCD would not operate. Using a slightly thinner batter did the trick, but that was another step. Also these would do well to use lithium batteries rather than silver oxide for improved shelf life. Having read the reviews and with a price at $25, one should not expect the caliper area to be constructed from titanium.",Positive,0.714,Negative,-0.3333333333333333
"Title is a bit misleading, Says Metal J-Head. I was expecting an all metal hot end. The one received had a PTFE sleeve in the heatbreak and it is bent at the bottom which will promote clogging. No matter, I have some all metal heat barrels and then this will work perfectly. Also, if you want to use this in a bowden setup you'll need a m6 threaded bowden connector.",3.0,"Not bad. With a little work, great!",B01GDAZZ0A,A2ABHANBV4X500,Neutral,70,366,"Not bad. With a little work, great! Title is a bit misleading, Says Metal J-Head. I was expecting an all metal hot end. The one received had a PTFE sleeve in the heatbreak and it is bent at the bottom which will promote clogging. No matter, I have some all metal heat barrels and then this will work perfectly. Also, if you want to use this in a bowden setup you'll need a m6 threaded bowden connector.",Positive,0.906,Positive,0.48249999999999993
The steel was as advertised. And came in a rust inhibitor paper sleeve. But the round was shipped in a larger package unprotected from damage. Package came damaged with several other rounds. A larger order would have resulted in loss of product.,3.0,The steel was as advertised. And came in a ...,B0050RIQHM,A32YZK5CEBXIXZ,Neutral,42,245,The steel was as advertised. And came in a ... The steel was as advertised. And came in a rust inhibitor paper sleeve. But the round was shipped in a larger package unprotected from damage. Package came damaged with several other rounds. A larger order would have resulted in loss of product.,Negative,-0.9382,Neutral,-0.065
As described.,3.0,Three Stars,B0015TB9C8,ACY1W1NHXF4KZ,Neutral,2,13,Three Stars As described.,Neutral,0.0,Neutral,0.0
"iOS version review. 3 stars for now 12/19 I received the iOS version today, and used it with an iPhone 5 on the latest iOS version. pros: - size. it's tiny - seems very solid. But there's one moving part inside, the shutter for the lens to do the calibration. So a solid external case doesn't mean this should be dropped on the ground. - relatively high resolution (really high for the price) - price (from manufacturer). - value for this price. - no need for a battery. This uses the phone's battery. It's both a plus and a minus, but as long as your phone is charged, you can use the device without first charging an extra battery... - nice packaging, great carrying case included. cons: - noise level is quite high. (i.e. somewhat low quality images) - no spec about the sensitivity. i.e. does it detect a difference of 0.20 degrees C? 0.15? 0.10? better? Flir and other give that data, not Seek Thermal. IF the sensitivity is pretty bad, that can also explain the noise level. - big gradient on the screen. say point it at the floor. On my device (same on so many others), the bottom left corner will be about 6-7F warmer than the top right corner. Point at the floor and move around so now what was top is bottom, but you point at the same area on the floor. Same difference between lower left of the screen and top right of the screen. (you can turn any direction, the same difference will exist). So far, some tech guys on a forum seem to have found that to be an issue with the shutter (the clicking noise every second) that might not close fully/perfectly on top of the sensor. so each time the shutter closes to calibrate the sensor, the sensor would calibrate on something that is a gradient of temperature, therefore applying it to the image that is later on measured. IF that gradient is mostly identical between devices, the opposite gradient could be applied by software, at least for the photos. For videos, that might take too much time/calculations. Either way, this is a major issue with what is otherwise a great product. If Seeks Thermal fixes it, more stars will be added. Else, the reviews will be bad and the device eventually sell poorly . I would have expected the factory calibration procedures to take care of that. Hopefully every device was calibrated and the numbers are stored in each device already to enable a good software fix. If not, let's hope the SDK comes out quickly (and not just for Android but for iOS). - the software is below alpha quality for now on iOS. (and Android reports are not much better). For instance: there is no way to set the emissivity of materials. This is basic stuff for IR cameras and knowing what it uses would at least be the minimum. Changing it would come next. The Android version seems to have the feature but some folks claim changing the settings does nothing. It's not clear how much the users understand that concept and the limitations / physics of IR cameras... Taking photos doesn't seem to work, there is no feedback most of the time, but in fact the photos are taken ""most of the time"". They just do not reflect in the gallery miniature. Videos recording: one out of 4 or 5 times, I will get a message that the video failed to be saved. I've over 5GB of free space... So not being able to save a video mean some wasted time. (solution: save often by stop recording, then start again so not as much time is wasted to redo the measurements). Measure of the temperature where the user touches on the screen would be great. We have touch screens for a reason :-). Center temperature is ok, but if you attache the phone on a tripod, being able to check the temperature of something by just touching the screen would be great instead of moving the camera. The ability to display the temperature scale in use would be great. If one uses min-max points displayed, given the 6F to 7F artificial gradient, the extremes are quite useless when what is measured is not much warmer than the ambient temperature. i.e. if the temp difference is less than 7F, the extremes will be top right and bottom left of the screen. Displaying the temp band in use would help a lot with post-processing on desktop computer. The ability to pick (and force) the temperature range used (i.e. what colors represent) would also be great. For instance if you are looking at insulation problems but have a light bulb nearby, the temperature of the light bulb will set the max temperature on the display to a high value, and you will miss the small subtle temperature changes as there are only so many colors in a given palette. While this is an advanced user function, it could be behind an 'advanced' menu. - the number of logon credentials with Thermal is surprising. You create an account when buying there. Then you need a different account to post a question to their faq/support site. Then on the device you find out that you need to create some new credentials. At the very least I found that some special characters will result in the username/password to not be accepted. So you need something ""quite simple"". If you wanted to hack the app, you could start with some code injection through the password. Hopefully their site will be better protected. - the help in the app is useless. It's mostly showing the same images one has on the web site. - support forums: what support forums? There are very few FAQ, and that's about it. Any question has to be approved, and so far they do not seem to approve new stuff. I'm hoping for an open forum (with moderators, but not censors) soon. The is such a joke that on their support page they have 0 feature requests, and 0 questions. Really? The reality is that they have not approved anything to be posted. So start at 5 stars, remove 1.5 for the sensor gradient problem. Then 1 more star for the software not progressing fast enough (Android SW was out for a while. I know Apple take a long time to approve apps, but GooglePlay is fast), as well as the absence of good forums. I rounded it up to 3 stars :-) This is a new product, from what seems to be a new company, so I expect some pain/growing pains, and I'm looking forward to increase the rating here as they fix the problems. [review edit: I'm trying to add the photos, but maybe it's only possible with the initial review?]",3.0,iOS version review. 3 stars for now at best,B00NYWABAA,A2V0U7FH1J8P3G,Neutral,1145,6279,"iOS version review. 3 stars for now at best iOS version review. 3 stars for now 12/19 I received the iOS version today, and used it with an iPhone 5 on the latest iOS version. pros: - size. it's tiny - seems very solid. But there's one moving part inside, the shutter for the lens to do the calibration. So a solid external case doesn't mean this should be dropped on the ground. - relatively high resolution (really high for the price) - price (from manufacturer). - value for this price. - no need for a battery. This uses the phone's battery. It's both a plus and a minus, but as long as your phone is charged, you can use the device without first charging an extra battery... - nice packaging, great carrying case included. cons: - noise level is quite high. (i.e. somewhat low quality images) - no spec about the sensitivity. i.e. does it detect a difference of 0.20 degrees C? 0.15? 0.10? better? Flir and other give that data, not Seek Thermal. IF the sensitivity is pretty bad, that can also explain the noise level. - big gradient on the screen. say point it at the floor. On my device (same on so many others), the bottom left corner will be about 6-7F warmer than the top right corner. Point at the floor and move around so now what was top is bottom, but you point at the same area on the floor. Same difference between lower left of the screen and top right of the screen. (you can turn any direction, the same difference will exist). So far, some tech guys on a forum seem to have found that to be an issue with the shutter (the clicking noise every second) that might not close fully/perfectly on top of the sensor. so each time the shutter closes to calibrate the sensor, the sensor would calibrate on something that is a gradient of temperature, therefore applying it to the image that is later on measured. IF that gradient is mostly identical between devices, the opposite gradient could be applied by software, at least for the photos. For videos, that might take too much time/calculations. Either way, this is a major issue with what is otherwise a great product. If Seeks Thermal fixes it, more stars will be added. Else, the reviews will be bad and the device eventually sell poorly . I would have expected the factory calibration procedures to take care of that. Hopefully every device was calibrated and the numbers are stored in each device already to enable a good software fix. If not, let's hope the SDK comes out quickly (and not just for Android but for iOS). - the software is below alpha quality for now on iOS. (and Android reports are not much better). For instance: there is no way to set the emissivity of materials. This is basic stuff for IR cameras and knowing what it uses would at least be the minimum. Changing it would come next. The Android version seems to have the feature but some folks claim changing the settings does nothing. It's not clear how much the users understand that concept and the limitations / physics of IR cameras... Taking photos doesn't seem to work, there is no feedback most of the time, but in fact the photos are taken ""most of the time"". They just do not reflect in the gallery miniature. Videos recording: one out of 4 or 5 times, I will get a message that the video failed to be saved. I've over 5GB of free space... So not being able to save a video mean some wasted time. (solution: save often by stop recording, then start again so not as much time is wasted to redo the measurements). Measure of the temperature where the user touches on the screen would be great. We have touch screens for a reason :-). Center temperature is ok, but if you attache the phone on a tripod, being able to check the temperature of something by just touching the screen would be great instead of moving the camera. The ability to display the temperature scale in use would be great. If one uses min-max points displayed, given the 6F to 7F artificial gradient, the extremes are quite useless when what is measured is not much warmer than the ambient temperature. i.e. if the temp difference is less than 7F, the extremes will be top right and bottom left of the screen. Displaying the temp band in use would help a lot with post-processing on desktop computer. The ability to pick (and force) the temperature range used (i.e. what colors represent) would also be great. For instance if you are looking at insulation problems but have a light bulb nearby, the temperature of the light bulb will set the max temperature on the display to a high value, and you will miss the small subtle temperature changes as there are only so many colors in a given palette. While this is an advanced user function, it could be behind an 'advanced' menu. - the number of logon credentials with Thermal is surprising. You create an account when buying there. Then you need a different account to post a question to their faq/support site. Then on the device you find out that you need to create some new credentials. At the very least I found that some special characters will result in the username/password to not be accepted. So you need something ""quite simple"". If you wanted to hack the app, you could start with some code injection through the password. Hopefully their site will be better protected. - the help in the app is useless. It's mostly showing the same images one has on the web site. - support forums: what support forums? There are very few FAQ, and that's about it. Any question has to be approved, and so far they do not seem to approve new stuff. I'm hoping for an open forum (with moderators, but not censors) soon. The is such a joke that on their support page they have 0 feature requests, and 0 questions. Really? The reality is that they have not approved anything to be posted. So start at 5 stars, remove 1.5 for the sensor gradient problem. Then 1 more star for the software not progressing fast enough (Android SW was out for a while. I know Apple take a long time to approve apps, but GooglePlay is fast), as well as the absence of good forums. I rounded it up to 3 stars :-) This is a new product, from what seems to be a new company, so I expect some pain/growing pains, and I'm looking forward to increase the rating here as they fix the problems. [review edit: I'm trying to add the photos, but maybe it's only possible with the initial review?]",Positive,0.9986,Positive,0.14944227994228
ok,3.0,Three Stars,B00EY44I42,A2XCMR4ITW4K31,Neutral,1,2,Three Stars ok,Positive,0.296,Positive,0.5
"Just what I needed, and Good to Keep Around.",3.0,and Good to Keep Around,B000BO9CJ0,A2JZUUAAK3HNHS,Neutral,9,44,"and Good to Keep Around Just what I needed, and Good to Keep Around.",Positive,0.7003,Positive,0.7
"Good value for the money but made to fit tightly. I haven't bought these in a while, but the connectors I had (I think made in USA) had smoother connection mechanism, almost loose feeling, but no leak. These fit tight to each other and there is no movement, but I wonder how well they will keep the seal when they become worn. At these prices, however, they are good value.",3.0,value item,B003O5B5LG,A365PBEOWM7EI7,Neutral,70,373,"value item Good value for the money but made to fit tightly. I haven't bought these in a while, but the connectors I had (I think made in USA) had smoother connection mechanism, almost loose feeling, but no leak. These fit tight to each other and there is no movement, but I wonder how well they will keep the seal when they become worn. At these prices, however, they are good value.",Positive,0.9352,Positive,0.20511675824175823
Be careful. The glass does not fit to the bottom of the base and gets squeezed up out of the base and can fall over. The base design isn't quite there. Otherwise OK. My quick fix for the base was rubber bands wrapped around it.,3.0,Be careful. The glass does not fit to the ...,B00KN2AP6Y,A145HKHYLLECRS,Neutral,45,227,Be careful. The glass does not fit to the ... Be careful. The glass does not fit to the bottom of the base and gets squeezed up out of the base and can fall over. The base design isn't quite there. Otherwise OK. My quick fix for the base was rubber bands wrapped around it.,Negative,-0.2547,Negative,-0.2966666666666667
"Very adequate as a light. It takes a few seconds to come on after the switch is thrown. The cord supplied is not long enough, and does not lend itself to being replaced with a longer one inside the lamp. So I had to extend it with a splice that is exposed to the elements.",3.0,OK light. Short cord,B00NC2ZWN8,A2F7048MZ4D8UW,Neutral,55,272,"OK light. Short cord Very adequate as a light. It takes a few seconds to come on after the switch is thrown. The cord supplied is not long enough, and does not lend itself to being replaced with a longer one inside the lamp. So I had to extend it with a splice that is exposed to the elements.",Positive,0.6732,Positive,0.19479166666666667
Seems to take way more heat than others I have bought---Is a problem when I am using it on plastics.,3.0,Seems to take way more heat than others I have ...,B01CNGUW4M,A1Q4WFIACGCBGF,Neutral,20,100,Seems to take way more heat than others I have ... Seems to take way more heat than others I have bought---Is a problem when I am using it on plastics.,Negative,-0.4019,Positive,0.5
"They worked Great when I could crimp my wire fully. most of the time I would have to hook my wire in order for it to catch. once they did catch it was quite nice not having to solder the wires. But, I would recommend just buying a soldering gun and doing that way, provides a much better result. Overall they are useful and nice to have around.",3.0,They're okay.,B001766LZO,APA45UJ2SWFQP,Neutral,68,344,"They're okay. They worked Great when I could crimp my wire fully. most of the time I would have to hook my wire in order for it to catch. once they did catch it was quite nice not having to solder the wires. But, I would recommend just buying a soldering gun and doing that way, provides a much better result. Overall they are useful and nice to have around.",Positive,0.9485,Positive,0.475
"This review is for the 32 ounce size, which is priced at about $17 as I write this review. Chlorine dioxide is a very effective virucide, fungicide, deodorizer, sanitizer, etc. I have been using chlorine dioxide sprays for years and much prefer them to bleach solutions, and other broad spectrum antimicrobials. But I have a couple of concerns about Performacide. My first problem is that a quart just doesnt fit into my use patterns and the way this Performacide is mixed doesnt allow for any flexibility. The instructions tell you not to open the pre-measured pouch. You just place the long, slim, sealed paper container into the spray bottle along with 32 ounces of water. Over the next hour, the sodium chlorite and other ingredients react to become chlorine dioxide. Once the chlorine dioxide is activated, the Performacide has to be used within 15 days. So, in planning your use of this product, you have to remember to allow an hour for the solution to activate and you have to remember to use it up within about two weeks. My need for a solution like this is either for a large amount (several gallons in the chicken coop) or for a very small amount (an ounce or so in the house cleaning up after the dog and cats). So the lack of flexibility in amount prepared and requirement to use it up within a couple of weeks don't work for me. My second concern is about price, which I ordinarily would not mention. You can do price comparisons as well as I can and prices on Amazon change regularly anyway. But it was not easy for me to find a chlorine dioxide spray that could be activated in varying quantities and is reasonably priced, so I want to bring your attention to Oxine AH (available on Amazon, etc.). Just like Performacide, Oxine begins as sodium chlorite and gets activated into chlorine dioxide and diluted as your needs dictate. But Oxine is available in a gallon container that can be activated and diluted to produce the equivalent of 780 quarts of Performacide. All for the price of about two quarts of Performacide. If you have a big project, or smaller projects that must be done periodically, the Oxine creates quite a savings. I like both products, although I prefer a multi-gallon sprayer with an easily activated wand rather than a hand-tiring trigger sprayer like Performacide provides. And both products require a great deal of caution in their use. Note that Performacide warns on the side of the bottle, among other things, that This product is not to be used in households or anywhere young children may be present. Finally, its essential to familiarize yourself with the OSHA and NIOSH standards for using the products.",3.0,Great disinfectant flawed by packaging and price,B00SF4YXYC,A2UM324B00HBC8,Neutral,463,2651,"Great disinfectant flawed by packaging and price This review is for the 32 ounce size, which is priced at about $17 as I write this review. Chlorine dioxide is a very effective virucide, fungicide, deodorizer, sanitizer, etc. I have been using chlorine dioxide sprays for years and much prefer them to bleach solutions, and other broad spectrum antimicrobials. But I have a couple of concerns about Performacide. My first problem is that a quart just doesnt fit into my use patterns and the way this Performacide is mixed doesnt allow for any flexibility. The instructions tell you not to open the pre-measured pouch. You just place the long, slim, sealed paper container into the spray bottle along with 32 ounces of water. Over the next hour, the sodium chlorite and other ingredients react to become chlorine dioxide. Once the chlorine dioxide is activated, the Performacide has to be used within 15 days. So, in planning your use of this product, you have to remember to allow an hour for the solution to activate and you have to remember to use it up within about two weeks. My need for a solution like this is either for a large amount (several gallons in the chicken coop) or for a very small amount (an ounce or so in the house cleaning up after the dog and cats). So the lack of flexibility in amount prepared and requirement to use it up within a couple of weeks don't work for me. My second concern is about price, which I ordinarily would not mention. You can do price comparisons as well as I can and prices on Amazon change regularly anyway. But it was not easy for me to find a chlorine dioxide spray that could be activated in varying quantities and is reasonably priced, so I want to bring your attention to Oxine AH (available on Amazon, etc.). Just like Performacide, Oxine begins as sodium chlorite and gets activated into chlorine dioxide and diluted as your needs dictate. But Oxine is available in a gallon container that can be activated and diluted to produce the equivalent of 780 quarts of Performacide. All for the price of about two quarts of Performacide. If you have a big project, or smaller projects that must be done periodically, the Oxine creates quite a savings. I like both products, although I prefer a multi-gallon sprayer with an easily activated wand rather than a hand-tiring trigger sprayer like Performacide provides. And both products require a great deal of caution in their use. Note that Performacide warns on the side of the bottle, among other things, that This product is not to be used in households or anywhere young children may be present. Finally, its essential to familiarize yourself with the OSHA and NIOSH standards for using the products.",Positive,0.9878,Neutral,0.08252886002886003
Bad warping issues but can be solved with heated bed,3.0,Three Stars,B00AA5AH62,A39Z70O58JEZ02,Neutral,10,52,Three Stars Bad warping issues but can be solved with heated bed,Positive,0.1027,Negative,-0.6999999999999998
"We get a wide assortment of peghooks in this pack: 4x 4"" single bars 4x 2"" single bars 2x 2"" double bars 6x 1 "" curved hooks 6x 1 "" angled hooks 6x "" angled hooks I actually went out and bought a pegboard to go with these peghooks. While most of them fit, some gave me problems. The angled hooks insert into two vertically aligned holes. Three of the six small hooks did not fit the pegboard because the bottom bar was set too low and missed the lower peg hole. The curved peg hooks also used two vertically aligned holes. Although they all went in, five of the six curved hooks did not sit flush with the pegboard. The rest of the peghooks fit. Yet, eight out of twenty-eight, that's a 28% failure rate. It doesn't bode well for quality control.",3.0,Poor Quality Control,B00LH0SCO8,A22CW0ZHY3NJH8,Neutral,143,746,"Poor Quality Control We get a wide assortment of peghooks in this pack: 4x 4"" single bars 4x 2"" single bars 2x 2"" double bars 6x 1 "" curved hooks 6x 1 "" angled hooks 6x "" angled hooks I actually went out and bought a pegboard to go with these peghooks. While most of them fit, some gave me problems. The angled hooks insert into two vertically aligned holes. Three of the six small hooks did not fit the pegboard because the bottom bar was set too low and missed the lower peg hole. The curved peg hooks also used two vertically aligned holes. Although they all went in, five of the six curved hooks did not sit flush with the pegboard. The rest of the peghooks fit. Yet, eight out of twenty-eight, that's a 28% failure rate. It doesn't bode well for quality control.",Negative,-0.9054,Neutral,-0.008424908424908416
Good tool. I can see areas that I couldn't see before.,3.0,Good tool. I can see areas that I couldn't ...,B0062PBMUY,A2J1MWCV3KVL1B,Neutral,11,54,Good tool. I can see areas that I couldn't ... Good tool. I can see areas that I couldn't see before.,Positive,0.1265,Positive,0.7
ok,3.0,Three Stars,B00KPEEPAW,AXYIEMN78XDK7,Neutral,1,2,Three Stars ok,Positive,0.296,Positive,0.5
"The fist thing I printed with this was a spool holder to mount this spool on my Afinia printer. These spools are cardboard with an odd center, it has a ridge in the middle of the spool so you need a notch in your spool holder. I posted the holder I designed on Thingiverse (add /thing:99383 after the URL, I can't post a link here), feel free to use or modify as you need. Anyway, the sides of the spool are right at the level of the filament so as someone else mentioned, it tends to fall off the spool (as seen in the product photo). I left it alone for an hour last night and it tied itself around the spool holder and jammed up. I had to toss a couple of hours of printing but luckily the nozzle is ok. The filament seems to print ok, maybe not quite as nice as the other brands of filament I've used. I'm using the low temperature setting on the Afina (I have this on the printer&nbsp; Extruder Nozzle Temperature Switch for Afinia and UP! 3D Printers ). [update] After printing about half the spool worth, I'd say this filament is inferior to some premium filament I have, but there's a chance that it needs a different temperature than normal ABS. In any case, other brands are about the same price and work better for me so I will switch to them.",3.0,"Filament falls off spool, needs special spool holder",B00AA5AIN4,A1MP1A2AIQX9W3,Neutral,241,1254,"Filament falls off spool, needs special spool holder The fist thing I printed with this was a spool holder to mount this spool on my Afinia printer. These spools are cardboard with an odd center, it has a ridge in the middle of the spool so you need a notch in your spool holder. I posted the holder I designed on Thingiverse (add /thing:99383 after the URL, I can't post a link here), feel free to use or modify as you need. Anyway, the sides of the spool are right at the level of the filament so as someone else mentioned, it tends to fall off the spool (as seen in the product photo). I left it alone for an hour last night and it tied itself around the spool holder and jammed up. I had to toss a couple of hours of printing but luckily the nozzle is ok. The filament seems to print ok, maybe not quite as nice as the other brands of filament I've used. I'm using the low temperature setting on the Afina (I have this on the printer&nbsp; Extruder Nozzle Temperature Switch for Afinia and UP! 3D Printers ). [update] After printing about half the spool worth, I'd say this filament is inferior to some premium filament I have, but there's a chance that it needs a different temperature than normal ABS. In any case, other brands are about the same price and work better for me so I will switch to them.",Positive,0.6989,Positive,0.14285714285714285
"I have not used it yet but it looks to made okay. The reason I haven't used it yet is because I thought it came with 90 degree 1/4 tube fitting as in the picture, it doesn't. They should omit the fitting on the image and it is a 1/8th NPT not 1/4 inlet as stated on the page .You will need a 1/8th pipe to 1/4 tube fitting which is the common size for R.O systems.",3.0,I thought it came with 90 degree 1/4 tube fitting,B012DU0ZAO,ARTMDS29M8EKY,Neutral,77,364,"I thought it came with 90 degree 1/4 tube fitting I have not used it yet but it looks to made okay. The reason I haven't used it yet is because I thought it came with 90 degree 1/4 tube fitting as in the picture, it doesn't. They should omit the fitting on the image and it is a 1/8th NPT not 1/4 inlet as stated on the page .You will need a 1/8th pipe to 1/4 tube fitting which is the common size for R.O systems.",Positive,0.3291,Positive,0.3666666666666667
"Only three stars because in my opinion this is a typical auto return micro switch or a momentary contact switch. It is NOT what I would call a snap action switch. That type should stay in what ever position it was switch to and not jump back when pressure is removed. Construction and quality appear to be there if you are looking for a ""momentary contact"" switch with a long arm.",3.0,Not as advertised.....,B0050HKB8O,A15LMWDJP978WM,Neutral,71,380,"Not as advertised..... Only three stars because in my opinion this is a typical auto return micro switch or a momentary contact switch. It is NOT what I would call a snap action switch. That type should stay in what ever position it was switch to and not jump back when pressure is removed. Construction and quality appear to be there if you are looking for a ""momentary contact"" switch with a long arm.",Negative,-0.296,Neutral,-0.02333333333333333
"used once and then it was done, dried up.",3.0,Three Stars,B000BKO6DG,A36WU49NIVFP31,Neutral,9,41,"Three Stars used once and then it was done, dried up.",Neutral,0.0,Negative,-0.2
This does the job but only good for lower current work,3.0,It is pretty acurate and good for most DC low current jobs.,B01GQRXJPI,A3C8QMDBXLRCZ9,Neutral,11,54,It is pretty acurate and good for most DC low current jobs. This does the job but only good for lower current work,Positive,0.5285,Positive,0.26875
Much smaller than I had expected but they work fine,3.0,Three Stars,B013DZB6CO,A1BS19UM1QKQV1,Neutral,10,51,Three Stars Much smaller than I had expected but they work fine,Positive,0.296,Positive,0.10555555555555556
"I should have washed the grease out of the open swivel bearings before installation. The grease quickly picks up grit and dirt which makes the swivel bearings very rough and notchy. All the swivel casters I've ever owned have had dry swivel bearings, now I see why. Ed",3.0,Did I get the only ones with greased bearings?,B00004YOL4,A18E1O0F88GYX1,Neutral,48,268,"Did I get the only ones with greased bearings? I should have washed the grease out of the open swivel bearings before installation. The grease quickly picks up grit and dirt which makes the swivel bearings very rough and notchy. All the swivel casters I've ever owned have had dry swivel bearings, now I see why. Ed",Negative,-0.34,Neutral,0.02733333333333333
"These Hamburger Patty Papers work as described. I use for freshly cut cheese slices, lunch meat, canadian bacon and hamburger patties or anything I want to separate and freeze.",5.0,Works Well...,B00TDBVW7W,A17BKWISY8YNOY,Positive,29,176,"Works Well... These Hamburger Patty Papers work as described. I use for freshly cut cheese slices, lunch meat, canadian bacon and hamburger patties or anything I want to separate and freeze.",Positive,0.128,Positive,0.3
Exactly as described.,5.0,Five Stars,B00DPLM392,A6M8CX4L8QHEY,Positive,3,21,Five Stars Exactly as described.,Neutral,0.0,Positive,0.25
thanks i cant wait to use it i just got it a few days ago and haven't had time to use it thanks,4.0,wow,B0064O78HE,A3MM5OUXIXQWQH,Positive,23,95,wow thanks i cant wait to use it i just got it a few days ago and haven't had time to use it thanks,Positive,0.8625,Neutral,0.07500000000000001
Item as described arrived on time thanks.,5.0,Five Stars,B003H057IU,A18T16VIGHCM7M,Positive,7,41,Five Stars Item as described arrived on time thanks.,Positive,0.4404,Positive,0.2
Awesome product,5.0,Five Stars,B0061OT1A4,A25RQMIVRZDRQ9,Positive,2,15,Five Stars Awesome product,Positive,0.6249,Positive,1.0
good and works as expected,5.0,Five Stars,B0088ARCUU,ASXAELEC7KJ1S,Positive,5,26,Five Stars good and works as expected,Positive,0.4404,Positive,0.3
Nicely made. Good for rolling things around you can't lift. Easy to take around with the handle slots. Non-marking wheels.,5.0,Nicely Made,B0052PLYXA,AIBDCIWC061A,Positive,20,122,Nicely Made Nicely made. Good for rolling things around you can't lift. Easy to take around with the handle slots. Non-marking wheels.,Positive,0.7426,Positive,0.5833333333333333
"They work with my Fluke 116. They do not however fit into the recesses on the back of the yellow ""case"" like the ones that came with the meter do.",5.0,They work,B00011Q5QG,AJ0I8H7U2R8YQ,Positive,30,146,"They work They work with my Fluke 116. They do not however fit into the recesses on the back of the yellow ""case"" like the ones that came with the meter do.",Positive,0.1002,Positive,0.13333333333333333
"This worked great in my flash forge. I ran at 225 C and 115 bed temperature, no warp and great adhesion. I have had trouble with some colors of hatch of material being soft and payable after printing but not this reel.",5.0,Great black ABS filament,B00J0H8EWA,A1J17TJ56L8CK5,Positive,42,218,"Great black ABS filament This worked great in my flash forge. I ran at 225 C and 115 bed temperature, no warp and great adhesion. I have had trouble with some colors of hatch of material being soft and payable after printing but not this reel.",Positive,0.6369,Positive,0.35555555555555557
Really handy for woodworking too!,5.0,Five Stars,B000WGHZYG,ABXRO8D3H9Q80,Positive,5,33,Five Stars Really handy for woodworking too!,Neutral,0.0,Positive,0.75
"Fit and finish looks to be Chinese, but this scope is well designed, has simple construction, and has easy to replace or clean parts. The light is bright and neutral, with no bluish tint. It works great as a lighted magnifier if you unscrew the end that the speculum attaches to. The button has a solid click. Overall a pretty good otoscope for the money.",5.0,Well designed,B00AJDZJCW,A5EPN0VVF9EHZ,Positive,65,355,"Well designed Fit and finish looks to be Chinese, but this scope is well designed, has simple construction, and has easy to replace or clean parts. The light is bright and neutral, with no bluish tint. It works great as a lighted magnifier if you unscrew the end that the speculum attaches to. The button has a solid click. Overall a pretty good otoscope for the money.",Positive,0.9836,Positive,0.3375000000000001
"Good product, super price.",5.0,Five Stars,B001768788,A3A7VTMK4ZE474,Positive,4,26,"Five Stars Good product, super price.",Positive,0.7783,Positive,0.5166666666666666
These are handy to have when you do a lot of automotive installs.,5.0,Five Stars,B010GWZOUW,AQXTSE94Z5FT5,Positive,13,65,Five Stars These are handy to have when you do a lot of automotive installs.,Neutral,0.0,Positive,0.6
great deal,5.0,Five Stars,B0044FSXU6,A3KPMTNSBKOQYI,Positive,2,10,Five Stars great deal,Positive,0.6249,Positive,0.8
"Cheap and usable. They are not fragile, but the tip design makes it hard to use.",4.0,Four Stars,B00EEIFR16,A1LR70V1FSDH69,Positive,16,80,"Four Stars Cheap and usable. They are not fragile, but the tip design makes it hard to use.",Negative,-0.1531,Neutral,0.036111111111111115
Came as it was listed. Good.,5.0,It works. Decent price.,B012ACSC1O,AS38SZUB8HTU2,Positive,6,28,It works. Decent price. Came as it was listed. Good.,Positive,0.4404,Positive,0.4333333333333333
"Get it if you have rotted wood. It works. Then, fill in the material that has been rotten and build it back up with their epoxy fix.",5.0,A must for treating rotted wood. It works and saves money,B0015YJIY4,A3LBE3J28WGC2U,Positive,27,132,"A must for treating rotted wood. It works and saves money Get it if you have rotted wood. It works. Then, fill in the material that has been rotten and build it back up with their epoxy fix.",Negative,-0.5106,Neutral,0.0
Got nothing to complaint here. The quality of the product is top notch as usual.,5.0,Five Stars,B0002YQUCQ,A3QWGMG2ELRJ6C,Positive,15,80,Five Stars Got nothing to complaint here. The quality of the product is top notch as usual.,Positive,0.3995,Neutral,-0.016666666666666663
Works good.,5.0,Five Stars,B007FER2IW,A2JSPC6PIP5CE2,Positive,2,11,Five Stars Works good.,Positive,0.4404,Positive,0.7
"In my kitchen, we've been using an old paper shredder bin as a trashcan for at least 15 years. A holiday guest using my kitchen observed that the bin was way too small and inefficient, so I bought this trashcan on Amazon to replace it. Turns out she was right. This Rubbermaid trash can is rectangular and slim, and takes up less floor space even though it holds way more trash than the old one.",5.0,Five stars for sturdiness and the fact that it's not a space hog,B000ROQK3A,A3NG7X4APIV649,Positive,75,395,"Five stars for sturdiness and the fact that it's not a space hog In my kitchen, we've been using an old paper shredder bin as a trashcan for at least 15 years. A holiday guest using my kitchen observed that the bin was way too small and inefficient, so I bought this trashcan on Amazon to replace it. Turns out she was right. This Rubbermaid trash can is rectangular and slim, and takes up less floor space even though it holds way more trash than the old one.",Positive,0.5267,Neutral,0.03843537414965987
"Great devices and very accurate. First I like to add that I purchased 4 and 1 our of the four is defective and I can't get up with the seller to exchange. We place these around the house to figure out which rooms are warmer or cooler, then we can adjust the dampers accordingly to balance the temperature between the rooms. The unit requires 1 AA battery which seem to last forever. We purchased 3 units about 3 years ago and the battery is still going strong. If you want an exchangeable product just in case you purchase a defective item, be sure to watch for prime.",5.0,Perfect aid to help balance temperature between rooms.,B0013BKDO8,A3Q2HW41XACQAA,Positive,107,568,"Perfect aid to help balance temperature between rooms. Great devices and very accurate. First I like to add that I purchased 4 and 1 our of the four is defective and I can't get up with the seller to exchange. We place these around the house to figure out which rooms are warmer or cooler, then we can adjust the dampers accordingly to balance the temperature between the rooms. The unit requires 1 AA battery which seem to last forever. We purchased 3 units about 3 years ago and the battery is still going strong. If you want an exchangeable product just in case you purchase a defective item, be sure to watch for prime.",Positive,0.936,Positive,0.5004761904761905
"LEDs are really bright...wish the operator was too! Had to replace the batteries after one ""extended"" use. Have to remember to turn it off!",5.0,LEDs are really bright... wish the operator ...,B0052EE1EU,A20HKXJ6HOUJ91,Positive,24,139,"LEDs are really bright... wish the operator ... LEDs are really bright...wish the operator was too! Had to replace the batteries after one ""extended"" use. Have to remember to turn it off!",Positive,0.7754,Positive,0.5062500000000001
I do an extensive bit of volunteer mower repair for my neighbors so I ordered this spool of high quality fuel line hose. I validated upon receipt that this hose has an outstanding quality. It is the perfect replacement for nearly all gasoline fuel hoses.,5.0,Outstanding Quality Fuel Line Hose,B00UVNYUUC,ATFPHE3TB52DL,Positive,45,254,Outstanding Quality Fuel Line Hose I do an extensive bit of volunteer mower repair for my neighbors so I ordered this spool of high quality fuel line hose. I validated upon receipt that this hose has an outstanding quality. It is the perfect replacement for nearly all gasoline fuel hoses.,Positive,0.9274,Positive,0.3766666666666667
"This is the best superglue I've ever used. Has the consistency of a gel so it stays where you put it instead of dripping off the project onto your knee. It's as sticky as any other cheap superglue you'd buy. The difference with this product is that while those cheap-o super glues always seem to dry up after only one or two uses, the innovative design of this dispenser means you can use 100% of the glue in the bottle. It does not dry out before you've had a chance to use it. And that makes the cheap-o glues actually more expensive.",5.0,Five Stars,B003Y49R7G,A3GVPS1SKYGT8L,Positive,102,536,"Five Stars This is the best superglue I've ever used. Has the consistency of a gel so it stays where you put it instead of dripping off the project onto your knee. It's as sticky as any other cheap superglue you'd buy. The difference with this product is that while those cheap-o super glues always seem to dry up after only one or two uses, the innovative design of this dispenser means you can use 100% of the glue in the bottle. It does not dry out before you've had a chance to use it. And that makes the cheap-o glues actually more expensive.",Positive,0.9186,Positive,0.20749999999999996
"Most amazing black, but use a filter because atmospheric dust will cling to it like cray cray! I only removed a star because my spool was pretty tangled.",4.0,Great product,B010LBJOAE,A2QVI4IQRVD21B,Positive,28,153,"Great product Most amazing black, but use a filter because atmospheric dust will cling to it like cray cray! I only removed a star because my spool was pretty tangled.",Positive,0.9176,Positive,0.2833333333333333
"I tried Hatchbox PLA and loved it (200C). Tried the PETG and loved it (250C). Both filaments work much better than my other higher priced, big name filament. Color is fantastic. I am definitely ordering more. I am considering throwing my other filament away (some of it anyway).",5.0,The best filament that I have ever used.,B014VM96UM,A28ZBUONG5WY3T,Positive,48,278,"The best filament that I have ever used. I tried Hatchbox PLA and loved it (200C). Tried the PETG and loved it (250C). Both filaments work much better than my other higher priced, big name filament. Color is fantastic. I am definitely ordering more. I am considering throwing my other filament away (some of it anyway).",Positive,0.969,Positive,0.34545454545454546
"I don't know why but these clean better than tissue for eyeglasses, personal electronics, etc. Good stuff.",5.0,Great for cleaning delicate items,B001429EHI,A256T5PCQ0UZIM,Positive,17,106,"Great for cleaning delicate items I don't know why but these clean better than tissue for eyeglasses, personal electronics, etc. Good stuff.",Positive,0.9313,Positive,0.3444444444444444
I used these as props on stage for a science demonstration [for 4th - 8th graders] . Worked perfectly.,5.0,Five Stars,B001ACO6FC,AIEITEB1M5ZUA,Positive,19,102,Five Stars I used these as props on stage for a science demonstration [for 4th - 8th graders] . Worked perfectly.,Positive,0.6808,Positive,1.0
Was thrilled to find this part. Saved me alot of money.,5.0,Five Stars,B0013570GI,A2EUTK0JJECWYC,Positive,11,55,Five Stars Was thrilled to find this part. Saved me alot of money.,Positive,0.6908,Positive,0.6
Easy to use. Great quality. The only thing I don't like about the Finder is that it takes up a huge amount of space given the bed size. I've also noticed that the software that it comes with estimates the print time poorly. It always estimates too low.,5.0,Easy to use,B016R9E7J2,A23R1SF0X3X1OH,Positive,48,252,Easy to use Easy to use. Great quality. The only thing I don't like about the Finder is that it takes up a huge amount of space given the bed size. I've also noticed that the software that it comes with estimates the print time poorly. It always estimates too low.,Positive,0.8398,Positive,0.23809523809523814
great product,5.0,Five Stars,B0016H12KS,A2CXEZWK71UGGC,Positive,2,13,Five Stars great product,Positive,0.6249,Positive,0.8
it is what it is caution tape,5.0,Five Stars,B001DZEETO,A27NK3OAYEBN3Q,Positive,7,29,Five Stars it is what it is caution tape,Neutral,0.0,Neutral,0.0
"Nice pink color, this is what i wanted. I will print a object with this filament and upload a pic soon. :)",5.0,Pink!,B00MF03LAE,A1UTQN8C0KI5GE,Positive,22,106,"Pink! Nice pink color, this is what i wanted. I will print a object with this filament and upload a pic soon. :)",Positive,0.7263,Positive,0.21875
"I used this as a mold for gelatin based ""noodles"". It worked well for this, used an irrigation syringe to expel them without issue.",4.0,"I used this as a mold for gelatin based ""noodles"" ...",B000FMWU42,A39LKIPEIH1BC1,Positive,24,131,"I used this as a mold for gelatin based ""noodles"" ... I used this as a mold for gelatin based ""noodles"". It worked well for this, used an irrigation syringe to expel them without issue.",Negative,-0.2023,Neutral,0.0
quality fasteners don't strip easily and the case works well,4.0,Four Stars,B00CIVLW10,AUNC3U4OUI5TH,Positive,10,60,Four Stars quality fasteners don't strip easily and the case works well,Neutral,0.0165,Positive,0.43333333333333335
Best reflective tape I've ordered. I ordered this tape after I received a 3200 yellow & I researched the 3M website & discovered the significant differences between the series.,5.0,SRTONGER ADHESIVE & THICKER THAN 3200 SERIES,B007Y7I8AG,A1FB6HXLCW9HH8,Positive,29,176,SRTONGER ADHESIVE & THICKER THAN 3200 SERIES Best reflective tape I've ordered. I ordered this tape after I received a 3200 yellow & I researched the 3M website & discovered the significant differences between the series.,Positive,0.7184,Positive,0.4583333333333333
Great glue!,5.0,Five Stars,B00CJ5EO2E,AVNPAA3Z7DQA7,Positive,2,11,Five Stars Great glue!,Positive,0.6588,Positive,1.0
"Bought two spare sets of these, a lifetime supply without having to ever order again.",5.0,Made in the USA!,B000B61DUY,A3EERNFUBUKIZ8,Positive,15,85,"Made in the USA! Bought two spare sets of these, a lifetime supply without having to ever order again.",Neutral,0.0,Neutral,0.0
"These magnets are the strongest I have ever tried to work with, which is what I wanted. The unexpected danger is that they are extremely brittle and can SHATTER ! No, they don't crack or break, the shatter like glass. I took them apart to exam the holes and planned to mount them. However, when I tried to put them together again, they snapped shut and pinched my fingers, causing me to bleed. The wound took weeks to heal",5.0,"Strong, but dangerous (brittle and prone to shattering)",B013L36SXA,A2KAOIY8M4D044,Positive,79,422,"Strong, but dangerous (brittle and prone to shattering) These magnets are the strongest I have ever tried to work with, which is what I wanted. The unexpected danger is that they are extremely brittle and can SHATTER ! No, they don't crack or break, the shatter like glass. I took them apart to exam the holes and planned to mount them. However, when I tried to put them together again, they snapped shut and pinched my fingers, causing me to bleed. The wound took weeks to heal",Negative,-0.2003,Neutral,-0.055729166666666656
"As microscope slides and coverslips go, they do what they should. I use them for hobby microscopy. The edges and corners are not finished very well, but they are not sharp either (no cuts yet). Don't expect them to be squeaky clean at this price - they have a little paper lint, and something a bit tacky, on the surfaces - a good rub with a little alcohol on a Kimwipe or microfiber is needed before using. The little plastic container that holds the coverslips isn't quite deep enough, so watch out when you first open it, or the top 10 or so will fall right on the floor. It's kinda hard to get apart, so be careful. One might wish they'd make the coverslips really .17mm like microscope objective lenses are designed for (not some wide range like .12-.17), but at least they cost a lot less than lab-grade slides. Will likely order same brand again when needed.",4.0,They do the job,B002OS6D9I,A11EGM5KO12IQ2,Positive,159,865,"They do the job As microscope slides and coverslips go, they do what they should. I use them for hobby microscopy. The edges and corners are not finished very well, but they are not sharp either (no cuts yet). Don't expect them to be squeaky clean at this price - they have a little paper lint, and something a bit tacky, on the surfaces - a good rub with a little alcohol on a Kimwipe or microfiber is needed before using. The little plastic container that holds the coverslips isn't quite deep enough, so watch out when you first open it, or the top 10 or so will fall right on the floor. It's kinda hard to get apart, so be careful. One might wish they'd make the coverslips really .17mm like microscope objective lenses are designed for (not some wide range like .12-.17), but at least they cost a lot less than lab-grade slides. Will likely order same brand again when needed.",Positive,0.9578,Neutral,0.047456709956709926
Very good quality.,5.0,Five Stars,B0018OL4A2,ATKHNOK136EV9,Positive,3,18,Five Stars Very good quality.,Positive,0.4927,Positive,0.9099999999999999
Working great so far. Replaced my ssr with these. Really simple.,5.0,Easy install. Works,B01HCVJ3K2,A1S9HG2Z2NWBFR,Positive,11,64,Easy install. Works Working great so far. Replaced my ssr with these. Really simple.,Positive,0.7906,Positive,0.33333333333333337
"Very nice valve. I believe it is made in the USA. It is full port (no flow restriction) unlike many similar appearing valves. The handle is die-cast metal, not the cheap plastic found on inferior valves. I mounted it on a Porter Cable pancake compressor to replace the lousy screw-style drain valve that was leaking. This is so much better! (I used a 90 degree fitting for bottom clearance based on a prior reviewer's issue, but it might have been OK without the 90 degree fitting.) I just ordered another for my big compressor in the shop. This is the valve to get!",5.0,Well made.,B006U4E9F2,A1KZ34J2SU7C33,Positive,103,566,"Well made. Very nice valve. I believe it is made in the USA. It is full port (no flow restriction) unlike many similar appearing valves. The handle is die-cast metal, not the cheap plastic found on inferior valves. I mounted it on a Porter Cable pancake compressor to replace the lousy screw-style drain valve that was leaking. This is so much better! (I used a 90 degree fitting for bottom clearance based on a prior reviewer's issue, but it might have been OK without the 90 degree fitting.) I just ordered another for my big compressor in the shop. This is the valve to get!",Positive,0.6725,Positive,0.3045833333333333
Amazing value. Great vaccuum. Worth much more than it's cost with it's features. Easy to use and maintain.,5.0,Nice!!,B00AZBIZTW,A3V8LM88C2H6KO,Positive,18,106,Nice!! Amazing value. Great vaccuum. Worth much more than it's cost with it's features. Easy to use and maintain.,Positive,0.9551,Positive,0.595138888888889
handle could be better/thicker/ easier to grab with gloves on,4.0,its fine,B00TO7NHBY,AR2WVH0CLEXGL,Positive,10,61,its fine handle could be better/thicker/ easier to grab with gloves on,Positive,0.5574,Positive,0.4166666666666667
Easy soldering.,5.0,Five Stars,B00DUW3SU4,A33QHL5VKR6NB2,Positive,2,15,Five Stars Easy soldering.,Positive,0.4404,Positive,0.43333333333333335
The items arrived on time and work as expected.,4.0,Four Stars,B008IGQQFG,ATBM59Q11YRJJ,Positive,9,47,Four Stars The items arrived on time and work as expected.,Neutral,0.0,Neutral,-0.1
"Almost perfect for entry from back yard. The texture is great for cleaning mud and leaves off my shoes, and the rubberized bottom looks like it won't hurt my hardwood floor. Only reason I am taking off 1 star is because the color is closer to orange than brown so the color is a bit off. That said, it does what I need it to do so I will live with the orange rug that should have been brown.",4.0,Great rug but color is closer to orange than brown,B0026L0WOA,A2ZHSHIVYKUFQQ,Positive,79,391,"Great rug but color is closer to orange than brown Almost perfect for entry from back yard. The texture is great for cleaning mud and leaves off my shoes, and the rubberized bottom looks like it won't hurt my hardwood floor. Only reason I am taking off 1 star is because the color is closer to orange than brown so the color is a bit off. That said, it does what I need it to do so I will live with the orange rug that should have been brown.",Positive,0.9671,Positive,0.45606060606060606
"Love it love it .love the shiny printed finish from my Ender 3, Ender 4, Cr10S.",5.0,Five Stars,B00J0ECR5I,A3KAODOHS64EQX,Positive,16,79,"Five Stars Love it love it .love the shiny printed finish from my Ender 3, Ender 4, Cr10S.",Positive,0.9274,Positive,0.5
good products,5.0,Five Stars,B000H5VV10,AD52D2HZTSG8R,Positive,2,13,Five Stars good products,Positive,0.4404,Positive,0.7
"Works as it should, used a sheet to apply a sheet of PEI to my 3D printer's bed.",5.0,Works as it should...,B007Y7D2GG,A1LCKW7A1GTJ7F,Positive,18,80,"Works as it should... Works as it should, used a sheet to apply a sheet of PEI to my 3D printer's bed.",Neutral,0.0,Neutral,0.0
nice,4.0,Four Stars,B00DRALJ28,A1OZ85T8BJTC2A,Positive,1,4,Four Stars nice,Positive,0.4215,Positive,0.6
"I thought I was only buying the RAMPS, 4 Stepsticks, and their heatsinks, but the package also included the iduino (Arduino clone). This is the entire print controller! Just add motors, sensors, and a hotend and you can build a printer. Hooked it up, and my Prusa i3 works as expected. CAUTION: The heatsinks do not come with adhesive or heatsink compound, so you'll have to get something to stick them on with. Do this carefully. A loose heatsink can move and short out the pins of the Stepstick which will fry the RAMPS, Stepsticks, and motors.",5.0,More than I expected!,B00GFLEDRE,A332C2XHSJZJAO,Positive,97,546,"More than I expected! I thought I was only buying the RAMPS, 4 Stepsticks, and their heatsinks, but the package also included the iduino (Arduino clone). This is the entire print controller! Just add motors, sensors, and a hotend and you can build a printer. Hooked it up, and my Prusa i3 works as expected. CAUTION: The heatsinks do not come with adhesive or heatsink compound, so you'll have to get something to stick them on with. Do this carefully. A loose heatsink can move and short out the pins of the Stepstick which will fry the RAMPS, Stepsticks, and motors.",Negative,-0.3811,Neutral,0.0282967032967033
I used this for extra cable to go from my NMO mount to my amplifier for my amateur radio. Good product especially for those Hams and the truck mount NMO antenna mounts.,5.0,good product.,B00AOJPPJS,A1MPZQLB4VUD1M,Positive,32,168,good product. I used this for extra cable to go from my NMO mount to my amplifier for my amateur radio. Good product especially for those Hams and the truck mount NMO antenna mounts.,Positive,0.7003,Positive,0.22999999999999998
"Needed a food save lubricant for the pressing screw on my cider press. Straight mineral oil was too viscous, but this fit the bill perfectly, keeping to the shaft and not into the mash.",5.0,Needed a food save lubricant for the pressing screw on ...,B00X4N3SLI,A29OB3VVKU4DLV,Positive,34,185,"Needed a food save lubricant for the pressing screw on ... Needed a food save lubricant for the pressing screw on my cider press. Straight mineral oil was too viscous, but this fit the bill perfectly, keeping to the shaft and not into the mash.",Positive,0.9308,Positive,0.5333333333333333
"Works great, no problems.",5.0,WORKS PERFECTLY,B00IM9J5RU,A3SRR1DJVBSUN4,Positive,4,25,"WORKS PERFECTLY Works great, no problems.",Positive,0.906,Positive,0.9
"It has been a few years since I've used a tooth whitening product, mostly because I dreaded the aftermath iofsensitve teeth and sore gums. I decided to give this Crest 3D kit a try. While it definitely is less harsh than other methods/brands, I still feel some sensitivity as I near the end of the course. I noticed whiter teeth starting on the 3rd day despite these strips not being as strong or as whitening as traditional kinds. You use these over a longer period than you would with other kinds. I love that these stick to my teeth and don't slip around in my mouth during the 30 minutes per day of wear. They even require some effort to get off. Perhaps because these are sold as a ""gentle"" course, the strips don't have tons of ooze. These work, just not as well as stronger kinds, but the more gentle formulation is easiest on the teeth and gums. -- Debbie Lee Wesselmann",4.0,Slow and Steady,B00336EUU4,A23GFTVIETX7DS,Positive,163,878,"Slow and Steady It has been a few years since I've used a tooth whitening product, mostly because I dreaded the aftermath iofsensitve teeth and sore gums. I decided to give this Crest 3D kit a try. While it definitely is less harsh than other methods/brands, I still feel some sensitivity as I near the end of the course. I noticed whiter teeth starting on the 3rd day despite these strips not being as strong or as whitening as traditional kinds. You use these over a longer period than you would with other kinds. I love that these stick to my teeth and don't slip around in my mouth during the 30 minutes per day of wear. They even require some effort to get off. Perhaps because these are sold as a ""gentle"" course, the strips don't have tons of ooze. These work, just not as well as stronger kinds, but the more gentle formulation is easiest on the teeth and gums. -- Debbie Lee Wesselmann",Positive,0.8413,Neutral,0.08725490196078431
"I had never heard of backer rod. When we had to do a lot of caulking, I found out about it. HUGE home run. I used to just keep filling cracks with caulk til they ""filled up"". Now I ram this stuff in first, and then caulk over it. Saves super big on caulk costs. Easy to use. Just pull off what you need and ram it into the crack with a scraper. I got three sizes - kind of a small, medium, and large for different sized cracks. I got the 100' roll thinking ""I'll have that forever"" but you go through it faster than you would think.",5.0,Saves using loads of caulk,B000DZHF5A,A2CRSL64YOMDAN,Positive,109,532,"Saves using loads of caulk I had never heard of backer rod. When we had to do a lot of caulking, I found out about it. HUGE home run. I used to just keep filling cracks with caulk til they ""filled up"". Now I ram this stuff in first, and then caulk over it. Saves super big on caulk costs. Easy to use. Just pull off what you need and ram it into the crack with a scraper. I got three sizes - kind of a small, medium, and large for different sized cracks. I got the 100' roll thinking ""I'll have that forever"" but you go through it faster than you would think.",Positive,0.6615,Positive,0.23809523809523808
"this is a good item gave it 5 starts , it works well i would buy this again as needed",5.0,great item,B001768724,A2XY7BJVSETBDF,Positive,20,85,"great item this is a good item gave it 5 starts , it works well i would buy this again as needed",Positive,0.8442,Positive,0.75
very strong. better than most,5.0,strongest,B0006O1ICE,A1KCU61DJ18ORQ,Positive,5,29,strongest very strong. better than most,Positive,0.8648,Positive,0.5211111111111112
Arrived perfectly straight.,5.0,Five Stars,B000H9FXEM,A1RH795Q1NK3ZW,Positive,3,27,Five Stars Arrived perfectly straight.,Positive,0.7269,Positive,0.2
it seals as it should,4.0,Four Stars,B00ITPHXZI,A1LQEJO44N3WU7,Positive,5,21,Four Stars it seals as it should,Neutral,0.0,Neutral,0.0
Worked Great,5.0,Five Stars,B01HCQSHNG,A3V1WYZ23NJKBB,Positive,2,12,Five Stars Worked Great,Positive,0.6249,Positive,0.8
yeah I put the stuff under and around my window when I install the window AC unit each summer. It fills the gaps created by inconsistencies in my old 1948 windows without exception!,5.0,for everyone who uses window air conditioners!,B00005202U,A14RFF9JUIM34U,Positive,33,181,for everyone who uses window air conditioners! yeah I put the stuff under and around my window when I install the window AC unit each summer. It fills the gaps created by inconsistencies in my old 1948 windows without exception!,Positive,0.5837,Neutral,0.012499999999999997
Great device,5.0,Five Stars,B005ZQ47AS,AJK5KN3EPRTXJ,Positive,2,12,Five Stars Great device,Positive,0.6249,Positive,0.8
"these work great, no trouble. Long leads.",5.0,Five Stars,B01B41K7OM,AJZQPH8R6GFK9,Positive,7,41,"Five Stars these work great, no trouble. Long leads.",Positive,0.7475,Positive,0.2833333333333333
"I own a 12"" Brown & Sharpe caliper in thousandths of an inch, which looks and feels like the sort of instrument a company like Apple or Mercedes would produce. A great deal of thought went into its design, and you can see it in the details. This caliper by Oshlun is not of that caliber, but it is extremely good and works without flaw. Its accuracy is absolute. More than one reviewer commented that the feel was not right. One said it was gravely, and another said there was a ""hump"" in the action. I experience neither. The action is silky smooth without any rough spots over its entire range. The needle always goes back to zero. (the dial is adjustable if for some reason it needs it) In fact, the instrument seems to be an exact copy of one by Fowler (in .02 mm markings), but this one is in fractions of an inch. It copies the better instrument very closely, with only a few differences, but those differences are enough to feel that it's not in the same class as those more expensive instruments. It's about half the price, too. So, what we have is an instrument that looks and almost feels like those costing twice as much to 5 times as much, and is really just as accurate as those. It has sharper corners, more likely to snag something, and maybe ever so slightly less ""tight"" in its action, but it is still very smooth, very well-machined, and does not disappoint. If I did not have the more expensive instruments with which to compare it, I would never know that it was possible to make one better. What I'm saying is that this is a fine measuring tool that will never wear out, always will measure accurately, and will not disappoint. It is impressive to see, to hold, and to use. There is no reason to avoid it; it's a fine tool for a good price. It requires no batteries, and its dial is always easy to read. It also has tenths of an inch on its scale, so it's a dual-scale device. It also has millimeters on the shaft, but not on the dial. I use this a lot, in spite of the finer calipers I own. I'm not afraid to drop it or use it where it could get dirty, because it's NOT the more expensive one. And... the results are exactly the same as if I were using the Brown & Sharpe. I guess the Brown & Sharpe reads more accurately, since its scale is 10 times the sensitivity of this one, but this is still a great instrument.",4.0,Very good caliper,B0012YKRT2,A3LR8SZY00IW9Z,Positive,446,2339,"Very good caliper I own a 12"" Brown & Sharpe caliper in thousandths of an inch, which looks and feels like the sort of instrument a company like Apple or Mercedes would produce. A great deal of thought went into its design, and you can see it in the details. This caliper by Oshlun is not of that caliber, but it is extremely good and works without flaw. Its accuracy is absolute. More than one reviewer commented that the feel was not right. One said it was gravely, and another said there was a ""hump"" in the action. I experience neither. The action is silky smooth without any rough spots over its entire range. The needle always goes back to zero. (the dial is adjustable if for some reason it needs it) In fact, the instrument seems to be an exact copy of one by Fowler (in .02 mm markings), but this one is in fractions of an inch. It copies the better instrument very closely, with only a few differences, but those differences are enough to feel that it's not in the same class as those more expensive instruments. It's about half the price, too. So, what we have is an instrument that looks and almost feels like those costing twice as much to 5 times as much, and is really just as accurate as those. It has sharper corners, more likely to snag something, and maybe ever so slightly less ""tight"" in its action, but it is still very smooth, very well-machined, and does not disappoint. If I did not have the more expensive instruments with which to compare it, I would never know that it was possible to make one better. What I'm saying is that this is a fine measuring tool that will never wear out, always will measure accurately, and will not disappoint. It is impressive to see, to hold, and to use. There is no reason to avoid it; it's a fine tool for a good price. It requires no batteries, and its dial is always easy to read. It also has tenths of an inch on its scale, so it's a dual-scale device. It also has millimeters on the shaft, but not on the dial. I use this a lot, in spite of the finer calipers I own. I'm not afraid to drop it or use it where it could get dirty, because it's NOT the more expensive one. And... the results are exactly the same as if I were using the Brown & Sharpe. I guess the Brown & Sharpe reads more accurately, since its scale is 10 times the sensitivity of this one, but this is still a great instrument.",Positive,0.9849,Positive,0.23596119929453266
"Works with Flashforge Creator (mine is the older, wooden model with dual extruders). They are around 0.2 or 0.3mm (pulling that number from memory) longer than the factory installed extruders, so I'd recommend replacing both at the same time. Otherwise, you'll have some trouble using them both without either impacting the bed with the longer extruder or not getting close enough with the shorted extruder.",4.0,Works with Flashforge.,B00ZMWVA96,A18Z6ETBH1TDX6,Positive,65,407,"Works with Flashforge. Works with Flashforge Creator (mine is the older, wooden model with dual extruders). They are around 0.2 or 0.3mm (pulling that number from memory) longer than the factory installed extruders, so I'd recommend replacing both at the same time. Otherwise, you'll have some trouble using them both without either impacting the bed with the longer extruder or not getting close enough with the shorted extruder.",Positive,0.0972,Neutral,-0.0066666666666666706
"I use these gloves for many things but mostly for gun cleaning, reloading, plumbing and some automotive under the hood stuff. I have tried many gloves over the years and these have been the best I have found! They are very strong, not prone to tear and will take a great amount of abuse. I even reuse them for multi times; try that with other gloves. They are not so thick that it limits dexterity, just slightly thicker than standard medical gloves, yet tough. My are large, but more described as stout; most gloves tear just putting them on, but these don't. I highly recommend them for anyone needing gloves that are designed for work and not the ""office"" environment; these will work for you!",5.0,"Extremely durable gloves not prone to tearing or shreading second you put them on, yet thin with no loss of dexterity.",B00ANYYY5U,A38NE706VIMOCY,Positive,125,696,"Extremely durable gloves not prone to tearing or shreading second you put them on, yet thin with no loss of dexterity. I use these gloves for many things but mostly for gun cleaning, reloading, plumbing and some automotive under the hood stuff. I have tried many gloves over the years and these have been the best I have found! They are very strong, not prone to tear and will take a great amount of abuse. I even reuse them for multi times; try that with other gloves. They are not so thick that it limits dexterity, just slightly thicker than standard medical gloves, yet tough. My are large, but more described as stout; most gloves tear just putting them on, but these don't. I highly recommend them for anyone needing gloves that are designed for work and not the ""office"" environment; these will work for you!",Positive,0.8485,Positive,0.19852965747702597
fantastic deal. excellent adhesion and reflectivity,5.0,awesome tape,B00K2QZZM0,A2R49ZN3G6FTCQ,Positive,6,51,awesome tape fantastic deal. excellent adhesion and reflectivity,Positive,0.9081,Positive,0.7999999999999999
"great little vacuum, fantastic for pet owners",5.0,Five Stars,B00C351GBC,A323I32OX2YLGC,Positive,7,45,"Five Stars great little vacuum, fantastic for pet owners",Positive,0.8137,Positive,0.2510416666666667
Nice.,5.0,Five Stars,B010GWZOUW,A15EDT5SOGMCI1,Positive,1,5,Five Stars Nice.,Positive,0.4215,Positive,0.6
Very good value. All units are complete and threads look great. Recommended,4.0,Recommended... good value,B010CUXFD6,A1QRJHLNCUSH7M,Positive,12,75,Recommended... good value Very good value. All units are complete and threads look great. Recommended,Positive,0.9507,Positive,0.6275
Lots of fun,5.0,Five Stars,B004AF204K,A1AJDOL1S8UJYV,Positive,3,11,Five Stars Lots of fun,Positive,0.5106,Positive,0.3
As advertised,5.0,As advertised,B001T4KRHC,A3L49MWJIC7060,Positive,2,13,As advertised As advertised,Neutral,0.0,Neutral,0.0
"It's good, seems like the DC current clamp gauge 'dances' quite a bit despite being zero'd. But it's accurate enough to find my low current parasitic battery drain, and I can't knock the price. Buy it !",4.0,Used for low current (<1A) parasitic battery drain diagnosis. Works good!,B00O1Q2HOQ,A1LW5BL157MY34,Positive,37,202,"Used for low current (<1A) parasitic battery drain diagnosis. Works good! It's good, seems like the DC current clamp gauge 'dances' quite a bit despite being zero'd. But it's accurate enough to find my low current parasitic battery drain, and I can't knock the price. Buy it !",Positive,0.2579,Positive,0.21944444444444444
"Well made and easily worth $30. I used TotalPack Shrink Wrap: Stretch Film Plastic Wrap 1 Pack - Industrial Strength Hand Stretch Wrap, 15""x 1,500 FT, 80 Gauge Shrink Film / Pallet Wrap - Clear and worked great.",5.0,Stretch wrap dispenser,B00G9QWP9S,A29XL2U0NB85ZJ,Positive,38,211,"Stretch wrap dispenser Well made and easily worth $30. I used TotalPack Shrink Wrap: Stretch Film Plastic Wrap 1 Pack - Industrial Strength Hand Stretch Wrap, 15""x 1,500 FT, 80 Gauge Shrink Film / Pallet Wrap - Clear and worked great.",Positive,0.9552,Positive,0.39999999999999997
"I love this tape. let the homeowners fumble with duct tape, this is serious gaffer tape. my wife uses this when working on set, when she works in production studios on commercial or movie shoots. it sticks where you put it, and comes off, with out destroying surfaces. like magic. I use it for everything. this is commercial grade tape. buy it!",5.0,excellent commercial  grade gaffer tape. the swiss army knife of tape.,B00GZE3UJ8,AIFH6HKF8H6C8,Positive,62,344,"excellent commercial  grade gaffer tape. the swiss army knife of tape. I love this tape. let the homeowners fumble with duct tape, this is serious gaffer tape. my wife uses this when working on set, when she works in production studios on commercial or movie shoots. it sticks where you put it, and comes off, with out destroying surfaces. like magic. I use it for everything. this is commercial grade tape. buy it!",Positive,0.7777,Positive,0.18333333333333335
Very good quality for the money!,5.0,Five Stars,B0013BKDO8,AWO17SX820GRI,Positive,6,32,Five Stars Very good quality for the money!,Positive,0.54,Positive,1.0
"I have used this as a dust mast, and it worked well. I hope that it will work for bird flu and what not. I don't really want to test that part.",5.0,Hope it works,B000S395R8,A2I27S48Y59RH0,Positive,32,143,"Hope it works I have used this as a dust mast, and it worked well. I hope that it will work for bird flu and what not. I don't really want to test that part.",Positive,0.5942,Positive,0.2
"These are really good; I actually have been using them for crafts and gift tags for Christmas, etc... A very cheap alternative. But this is a HUGE box! They come with a nice, twisty and easy to twist on wire, about 4"" long. Reinforced hole and ""clipped"" end by the wire makes for a much higher quality shipping that than I am used to. Value is GREAT!! Just a box of 50 can go for several dollars; so these are obviously the way to go if you need loads and loads of them.",5.0,Great value for HIGH quality tags; not the cheap type!,B00485FCG0,AUV3OR951650C,Positive,93,470,"Great value for HIGH quality tags; not the cheap type! These are really good; I actually have been using them for crafts and gift tags for Christmas, etc... A very cheap alternative. But this is a HUGE box! They come with a nice, twisty and easy to twist on wire, about 4"" long. Reinforced hole and ""clipped"" end by the wire makes for a much higher quality shipping that than I am used to. Value is GREAT!! Just a box of 50 can go for several dollars; so these are obviously the way to go if you need loads and loads of them.",Positive,0.9847,Positive,0.3866666666666667
Perfect for ejuice! Nipples are the shorter fat style but for quick shipping and price I'll purchase here again.,5.0,No leaks and reusable.,B00KD76CO8,A2QRXCDOKWJS19,Positive,19,112,No leaks and reusable. Perfect for ejuice! Nipples are the shorter fat style but for quick shipping and price I'll purchase here again.,Positive,0.2598,Positive,0.6666666666666666
very good product. works as expected,5.0,Five Stars,B001B17078,A30AZWF4Z0LIR8,Positive,6,36,Five Stars very good product. works as expected,Positive,0.4927,Positive,0.40499999999999997
"Good value, nice to have bulk amount around. NOT for fuel injected system use.",4.0,good value,B00UVNYUUC,A1CMXRKHEIFSOL,Positive,14,78,"good value Good value, nice to have bulk amount around. NOT for fuel injected system use.",Positive,0.9081,Positive,0.6666666666666666
good,5.0,Five Stars,B01EMI1MKW,ALXX8H1MJPICH,Positive,1,4,Five Stars good,Positive,0.4404,Positive,0.7
They are steel balls..they are what they are.,4.0,Good to add to your Space Rails,B006PPI71S,A2K5UP68FUVR5O,Positive,8,45,Good to add to your Space Rails They are steel balls..they are what they are.,Positive,0.4404,Positive,0.7
Useful small storage bottles with non-calibrated dropper. Arrived well packaged and in short time.,4.0,Nice 2oz bottled with dropper for multiple uses.,B008ZSX42K,AKIT44SR6O1VU,Positive,14,98,Nice 2oz bottled with dropper for multiple uses. Useful small storage bottles with non-calibrated dropper. Arrived well packaged and in short time.,Positive,0.7783,Positive,0.12999999999999998
"So far so good. I have printed several items using this PLA. I have no complaints at this point. I have only used about half the spool. The color comes out great and normal PLA settings for all my other PLA has worked with this as well. 210 hot end, and 60 on the bed.",5.0,Works well and great color,B00ME7YUIU,AQCERF3YLN94W,Positive,55,268,"Works well and great color So far so good. I have printed several items using this PLA. I have no complaints at this point. I have only used about half the spool. The color comes out great and normal PLA settings for all my other PLA has worked with this as well. 210 hot end, and 60 on the bed.",Positive,0.9567,Positive,0.25083333333333335
Works great for my Wanhao i3 clone printer. Makes for a great surface for the printer.,5.0,Great for my 3d printer,B00CW9QUME,AJMQLGLLLOQ1G,Positive,16,86,Great for my 3d printer Works great for my Wanhao i3 clone printer. Makes for a great surface for the printer.,Positive,0.9231,Positive,0.8000000000000002
"I live in upstate NY and haven't had a chance to put this to the test yet as much as I really want due to the cold temperatures yet. I did use it on a small spot on my sidewalk one sunny warm day we actually did have and I loved the results. It is very easy to use and also easy mold-able. I am looking forward to using it on the much bigger area I have on my sidewalk that I need to patch. If my results are different than before, I will be back to revise.",5.0,Really happy with the results so far....,B01A9TGU7I,A21BVL7PKG9BX8,Positive,98,457,"Really happy with the results so far.... I live in upstate NY and haven't had a chance to put this to the test yet as much as I really want due to the cold temperatures yet. I did use it on a small spot on my sidewalk one sunny warm day we actually did have and I loved the results. It is very easy to use and also easy mold-able. I am looking forward to using it on the much bigger area I have on my sidewalk that I need to patch. If my results are different than before, I will be back to revise.",Positive,0.9555,Positive,0.1705353535353535
"These were stockings by stuffers for my granddaughter and me. She is 7 and lives all kinds of toothbrushes. She flosses and brushes twice a day. She has never had a cavity, so she is doing very well. She loves different kinds of toothbrushes, and I thought she would like thiese bright colored brushes. We got bright neon orange and blue, and I gave her the neon blue for her stockings no. She loves fed it thatcwe had the same kind of toothbrush to use. She uses a milder toothpaste, but they were both white. The brush is full size, and it is very soft. I need soft brushes, and this toothbrush is very easy to use. This toothbrush has a suction on tge bottom, if you need to keep your toothbrush upright. This was one of my favorite stocking stuffer of the year. Recommended. prisrob 12-31-16",5.0,Neon Toothbrush,B000X608M6,A1TPW86OHXTXFC,Positive,147,795,"Neon Toothbrush These were stockings by stuffers for my granddaughter and me. She is 7 and lives all kinds of toothbrushes. She flosses and brushes twice a day. She has never had a cavity, so she is doing very well. She loves different kinds of toothbrushes, and I thought she would like thiese bright colored brushes. We got bright neon orange and blue, and I gave her the neon blue for her stockings no. She loves fed it thatcwe had the same kind of toothbrush to use. She uses a milder toothpaste, but they were both white. The brush is full size, and it is very soft. I need soft brushes, and this toothbrush is very easy to use. This toothbrush has a suction on tge bottom, if you need to keep your toothbrush upright. This was one of my favorite stocking stuffer of the year. Recommended. prisrob 12-31-16",Positive,0.9621,Positive,0.27452380952380956
Works great. I ordered the 1/2 inch as well. Nice to have the right size for the job on hand.,5.0,Great heat tape,B006ZFNB2I,A24CDS7G5CVRBF,Positive,20,93,Great heat tape Works great. I ordered the 1/2 inch as well. Nice to have the right size for the job on hand.,Positive,0.946,Positive,0.6214285714285714
"All but one worked fine, and I ran one for several hours and had no overheating. I paid around the same price from another vendor for just one, plus $8 shipping! They seem to want to trigger at about 15 milliamps of current, but also seem fine running up to 20 MA, which is as far as I tested them. Being able to focus the beam by turning the bezel is a real plus.",4.0,Good product for it's intended use.,B00R73MC1S,A19CGMZSGZSSIN,Positive,74,364,"Good product for it's intended use. All but one worked fine, and I ran one for several hours and had no overheating. I paid around the same price from another vendor for just one, plus $8 shipping! They seem to want to trigger at about 15 milliamps of current, but also seem fine running up to 20 MA, which is as far as I tested them. Being able to focus the beam by turning the bezel is a real plus.",Positive,0.5093,Positive,0.2592592592592593
Handy for breadboarding electronic projects,4.0,Nice for design work,B007QAJUUS,A2OFZSFHTLGIHY,Positive,5,43,Nice for design work Handy for breadboarding electronic projects,Positive,0.4215,Positive,0.6
"Light weight , handy and easy to haul around and use. Stackable, can also be hung on wall for storage Its all plastic, so won't rust, but make sure you don't lreave it in sun light for months at a time.",5.0,Great ramp,B006EGAIII,A1DIPVFBDL4W6R,Positive,41,202,"Great ramp Light weight , handy and easy to haul around and use. Stackable, can also be hung on wall for storage Its all plastic, so won't rust, but make sure you don't lreave it in sun light for months at a time.",Positive,0.7543,Positive,0.5222222222222223
"They work great. Take a little while to start shrinking, but they did as they were supposed to. Will take a while to see if they actually keep liquid out of the repaired outdoor cable though.",4.0,So far so good,B00NPBUWRC,A3D8DY76G2IR0Y,Positive,36,191,"So far so good They work great. Take a little while to start shrinking, but they did as they were supposed to. Will take a while to see if they actually keep liquid out of the repaired outdoor cable though.",Positive,0.6231,Positive,0.28250000000000003
"Small, easy to read and reliable.",5.0,The right size,B0013BKDO8,AC2RD0JRMFLQP,Positive,6,33,"The right size Small, easy to read and reliable.",Positive,0.4404,Positive,0.15634920634920635
"Bigger than expected, puts out good heat with IPA. Must adjust wick quite low to get non-smoky burn, but with a wick this size, that is expected from an alcohol lamp. Work very well. Wish cap had a little grab-handle to make it even better.",5.0,"Noce, big, quality unit. Cap is a nice touch.",B0018BJW6S,A19JVQQS14479X,Positive,45,240,"Noce, big, quality unit. Cap is a nice touch. Bigger than expected, puts out good heat with IPA. Must adjust wick quite low to get non-smoky burn, but with a wick this size, that is expected from an alcohol lamp. Work very well. Wish cap had a little grab-handle to make it even better.",Positive,0.9195,Positive,0.16124999999999998
A good size for a variety of uses. I also use these to wrap power cables together.,5.0,An easy way to protect items from the elements.,B0053PYAWQ,A22T8DTLEKP474,Positive,17,82,An easy way to protect items from the elements. A good size for a variety of uses. I also use these to wrap power cables together.,Positive,0.8126,Positive,0.5666666666666667
Very sharp super easy to use great scissors will buy again!,5.0,Simply the best!,B00OMOK186,A3RROVKDPT5ZXQ,Positive,11,59,Simply the best! Very sharp super easy to use great scissors will buy again!,Positive,0.9533,Positive,0.43402777777777785
I am so happy with the ABS filament but sometimes I have bad results only with this filament. I never had any issue with the black IC3D abs filament. Only with the red one.,4.0,I am so happy with the ABS filament but sometimes I have bad ...,B00DVOVJTS,A3V4EPUI7RYD81,Positive,34,172,I am so happy with the ABS filament but sometimes I have bad ... I am so happy with the ABS filament but sometimes I have bad results only with this filament. I never had any issue with the black IC3D abs filament. Only with the red one.,Neutral,-0.0045,Neutral,0.004166666666666718
"Good product, as described.",5.0,Five Stars,B00FZLPCKC,AVP8XZUK18FKH,Positive,4,27,"Five Stars Good product, as described.",Positive,0.4404,Positive,0.7
Works better than the one that came with my new dewalt table saw.,5.0,Five Stars,B006QIOK8S,A1HX8QIN39JIX8,Positive,13,65,Five Stars Works better than the one that came with my new dewalt table saw.,Positive,0.4404,Positive,0.3181818181818182
These are awesome! I hate wearing latex gloves but the thickness of these makes them feel more like wearing a normal glove. They are a tough material which even seems resistant to cuts by a sharp knife. I wear these when cleaning my guns and have yet to break a glove. I'm through most of a box and there was just one glove which came with a tear along the side of a finger. All the rest were perfect and haven't torn during use. Will buy more.,5.0,Tough Material,B00ANYYY5U,A3S4ATODPDRWDW,Positive,87,444,Tough Material These are awesome! I hate wearing latex gloves but the thickness of these makes them feel more like wearing a normal glove. They are a tough material which even seems resistant to cuts by a sharp knife. I wear these when cleaning my guns and have yet to break a glove. I'm through most of a box and there was just one glove which came with a tear along the side of a finger. All the rest were perfect and haven't torn during use. Will buy more.,Positive,0.8197,Positive,0.1947222222222222
This has got to be one of the most strong epoxies that I have ever worked with. Very long drying time so plan that into your project. I was using it to secure some threaded inserts in a wood working projects and the holding power is quite impressive.,5.0,This has got to be one of the most strong ...,B005H1PLOM,A2U0S9IWE3PHCW,Positive,48,250,This has got to be one of the most strong ... This has got to be one of the most strong epoxies that I have ever worked with. Very long drying time so plan that into your project. I was using it to secure some threaded inserts in a wood working projects and the holding power is quite impressive.,Positive,0.9213,Positive,0.4573809523809524
works good,4.0,Four Stars,B00FHH7CG6,A3QM0ZXDWQK2WX,Positive,2,10,Four Stars works good,Positive,0.4404,Positive,0.7
Dewalt cut off wheel works well. A little better wear than the cheaper brands. These are thin which makes cutting much easier and faster.,5.0,cut off wheel,B005B8LZ14,AVHF0SOLGIGXH,Positive,24,137,cut off wheel Dewalt cut off wheel works well. A little better wear than the cheaper brands. These are thin which makes cutting much easier and faster.,Positive,0.4228,Neutral,-0.0975
Resistor does as it says. Hard to beat a passive component and to really describe it. Resists current and does their job.,5.0,Resistor resistor,B00CVZ4904,AUW7BQWNO0DL,Positive,22,121,Resistor resistor Resistor does as it says. Hard to beat a passive component and to really describe it. Resists current and does their job.,Positive,0.1027,Neutral,-0.030555555555555558
"By far, the best filament I've ever used.",5.0,High Quality,B00J0H6NNM,A20LNKIP0FEKV4,Positive,8,41,"High Quality By far, the best filament I've ever used.",Positive,0.6369,Positive,0.42
"Very heavy duty, commercial grade, flexible cones. I expect these will last for many years.",5.0,Five Stars,B0017CXF6G,A12QSMYLN0OXRT,Positive,15,91,"Five Stars Very heavy duty, commercial grade, flexible cones. I expect these will last for many years.",Positive,0.2263,Neutral,0.06
Works great,5.0,Five Stars,B001AQEZ2W,A2YNHCF8A2831N,Positive,2,11,Five Stars Works great,Positive,0.6249,Positive,0.8
Good consistent diameter and fair value priced and awesome selection that I can not get locally. Good deal and shipping was fast!,5.0,good tube at value price with good selection!,B000H9K5J0,AKGS4OWO9BL62,Positive,22,129,good tube at value price with good selection! Good consistent diameter and fair value priced and awesome selection that I can not get locally. Good deal and shipping was fast!,Positive,0.9522,Positive,0.646875
"I use this for WD-40 and other workbench oil applications. Works well. The tip could be a little smaller for my tastes when using thinner oils like WD-40, but that's not the product's fault. For me it works well enough. I like it.",5.0,"The tip could be a little smaller for my tastes when using thinner oils like WD-40, but that's not the product's fault",B00B5138SO,AI64WWZLADPF,Positive,43,230,"The tip could be a little smaller for my tastes when using thinner oils like WD-40, but that's not the product's fault I use this for WD-40 and other workbench oil applications. Works well. The tip could be a little smaller for my tastes when using thinner oils like WD-40, but that's not the product's fault. For me it works well enough. I like it.",Positive,0.954,Neutral,-0.08333333333333333
"Good assortment for a home owner, auto or boat hobbiest Better out there but at a much higher cost",5.0,Good,B000FIDTYG,A26GUWYQNHELB7,Positive,19,98,"Good Good assortment for a home owner, auto or boat hobbiest Better out there but at a much higher cost",Positive,0.5927,Positive,0.5375
"They all work great, but I would rather individual packs. Too much of a pain to sort out and then pit back away neatly.",4.0,Good But,B0012BV21W,A1RALQC5KYXT1X,Positive,24,119,"Good But They all work great, but I would rather individual packs. Too much of a pain to sort out and then pit back away neatly.",Positive,0.7391,Positive,0.33999999999999997
BEST CHEAP FILAMENT EVER!!!!!,5.0,FANTASTIC,B00J0GMMP6,A3PNXHGTY3RPK5,Positive,4,29,FANTASTIC BEST CHEAP FILAMENT EVER!!!!!,Positive,0.8741,Positive,0.7999999999999999
nice little case with a bunch of diffrent sizes. Ill use them up and use the box as a refrence as to what I use most so i can order that size in bulk,5.0,its heat shrink,B00EXLRW5S,A2UUEYNLEHUN2L,Positive,34,149,its heat shrink nice little case with a bunch of diffrent sizes. Ill use them up and use the box as a refrence as to what I use most so i can order that size in bulk,Neutral,0.0,Positive,0.103125
"Please be aware these are BLUNT dispensing needles. If you are looking for sharps you will have to look somewhere other than amazon to get a decent deal. If you are looking for a good, basic blunt dispensing needle that can be autoclaved then this is a good choice.",5.0,"If you are looking for a good, basic blunt dispensing needle that can be autoclaved ...",B001QRZ38U,A25UUK85XOR19Q,Positive,49,265,"If you are looking for a good, basic blunt dispensing needle that can be autoclaved ... Please be aware these are BLUNT dispensing needles. If you are looking for sharps you will have to look somewhere other than amazon to get a decent deal. If you are looking for a good, basic blunt dispensing needle that can be autoclaved then this is a good choice.",Positive,0.8934,Positive,0.2989583333333333
good,4.0,Four Stars,B00MUT58Y2,A3MRH7VNP5C9R2,Positive,1,4,Four Stars good,Positive,0.4404,Positive,0.7
Nice set. Needed only two of them now..,5.0,Good gears,B00V66YJQI,A1E8XPKV5E8MID,Positive,8,39,Good gears Nice set. Needed only two of them now..,Positive,0.6908,Positive,0.4333333333333333
Gotta have some in your tool box,5.0,Five Stars,B000132VDA,A13LXZGAGKNN7O,Positive,7,32,Five Stars Gotta have some in your tool box,Neutral,0.0,Neutral,0.0
They are staples. They hold things down.,5.0,They hold things down.,B00004Z2HN,A1J87SYB3JPQWH,Positive,7,40,They hold things down. They are staples. They hold things down.,Neutral,0.0,Negative,-0.15555555555555556
Great product.,5.0,Great Product. Shipped to me fast. It was as advertised.,B0018ACR6G,AXHH6LCWI2V9L,Positive,2,14,Great Product. Shipped to me fast. It was as advertised. Great product.,Positive,0.8481,Positive,0.6
Good light.,5.0,Five Stars,B0070YPDDS,A1YRUH68ZA5OBD,Positive,2,11,Five Stars Good light.,Positive,0.4404,Positive,0.55
"Green Chrome Oxide Compound, 6 oz. Very large and I expect would last for a while. My stropping Block needs to be reconditioned with the Green Chrome Oxide Compound, 6 oz. It's worth the cost & shipment to California. I hone my knives useing a Aligner Pro Kit which I also got from Amazon. To get the optimal finish on your sharping needs a good Strop and this product Green Chrome Oxide Compound, 6 oz. will enhance your sharping experice. I recommend you try it for yourself. Amazon is a seller of many of my needs and they delivery. As a Old Timer once said to me. a sharpen Blade is only sharp as the person who sharpens it. The blade reflects the sole of individual.",5.0,"Green Chrome Oxide Compound, 6 oz.",B003E65XYU,A8QC2O7KA1V8D,Positive,126,671,"Green Chrome Oxide Compound, 6 oz. Green Chrome Oxide Compound, 6 oz. Very large and I expect would last for a while. My stropping Block needs to be reconditioned with the Green Chrome Oxide Compound, 6 oz. It's worth the cost & shipment to California. I hone my knives useing a Aligner Pro Kit which I also got from Amazon. To get the optimal finish on your sharping needs a good Strop and this product Green Chrome Oxide Compound, 6 oz. will enhance your sharping experice. I recommend you try it for yourself. Amazon is a seller of many of my needs and they delivery. As a Old Timer once said to me. a sharpen Blade is only sharp as the person who sharpens it. The blade reflects the sole of individual.",Positive,0.8074,Neutral,0.06811224489795918
Great product!,5.0,Five Stars,B00JQK4WGI,A3IQ9SX24HRYH4,Positive,2,14,Five Stars Great product!,Positive,0.6588,Positive,1.0
Works great and is exactly as described. Well get many years of use!,4.0,"Great product, fast shipping!",B000F4OYMQ,AIL9PQQGR4T0W,Positive,13,68,"Great product, fast shipping! Works great and is exactly as described. Well get many years of use!",Positive,0.8975,Positive,0.545
"The color is absolutely beautiful for the blue PETG filament. It really is a pain to get going but once you get your settings dialed in it is smooth sailing from there. We experienced a little bit of burning in our print because we were told online that PETG likes to print slow, we think we slowed it down a little too much because there was some spotting on the first print. The second print came out perfect and after very minimum clean up, the cat bowl looks great.",4.0,Pain to get dialed in but worth the end results,B00PRY1792,A19ZALSS7UWGYN,Positive,89,469,"Pain to get dialed in but worth the end results The color is absolutely beautiful for the blue PETG filament. It really is a pain to get going but once you get your settings dialed in it is smooth sailing from there. We experienced a little bit of burning in our print because we were told online that PETG likes to print slow, we think we slowed it down a little too much because there was some spotting on the first print. The second print came out perfect and after very minimum clean up, the cat bowl looks great.",Positive,0.9702,Positive,0.2668300653594771
Works as described,5.0,Five Stars,B00I9CT43U,A7WA4V2NNTIWW,Positive,3,18,Five Stars Works as described,Neutral,0.0,Neutral,0.0
"Strange behavior. Expands as it leaves the nozzle. Filament gets overly soft at high temps and must be hand fed. Max temp for hands-free feed is around 135 C on my machines. Do not let cool in your machine, because it tends to clog Teflon feed tubes. After cleaning immediately follow up with regular filament.",4.0,Do not let cool in your machine,B00MVIYNFW,AMIRCI1XV2ORI,Positive,55,310,"Do not let cool in your machine Strange behavior. Expands as it leaves the nozzle. Filament gets overly soft at high temps and must be hand fed. Max temp for hands-free feed is around 135 C on my machines. Do not let cool in your machine, because it tends to clog Teflon feed tubes. After cleaning immediately follow up with regular filament.",Neutral,-0.032,Positive,0.15166666666666667
Quality heat shrink,5.0,Good product,B0053PYAWQ,A3D1TI6R165KKC,Positive,3,19,Good product Quality heat shrink,Positive,0.4404,Positive,0.7
Good price for a high quality product essential for marine wiring.,5.0,Good for marine use,B006ZB9L1C,A27O9932T6DPR9,Positive,11,66,Good for marine use Good price for a high quality product essential for marine wiring.,Positive,0.7003,Positive,0.38999999999999996
"I used these on my wheel chair ramp where my power chair would spin out on when wet, that does not happen with these.",5.0,I used these on my wheel chair ramp where my ...,B01H6J5QYC,A2TKXVZVRAQDE0,Positive,24,117,"I used these on my wheel chair ramp where my ... I used these on my wheel chair ramp where my power chair would spin out on when wet, that does not happen with these.",Neutral,0.0,Neutral,-0.1
"Good experience, nice and strong",5.0,Good experience,B000TGSPV6,A3MGA6LYKEH043,Positive,5,32,"Good experience Good experience, nice and strong",Positive,0.8979,Positive,0.6083333333333334
Incredibly reliable staple filament that I depend on.,5.0,Five Stars,B01BZ5ND8O,A2C68PADZWKY82,Positive,8,53,Five Stars Incredibly reliable staple filament that I depend on.,Neutral,0.0,Positive,0.9
"I just received my 3rdhand contractor pack that I had ordered on 05/17/04. It arrived on 07/17/04.after I cancelled my order through Amazon.com and reordered directly from TOOL CRIB using there 800-635-5140 number it only took 4 days to receive the order. I suggest that if you want a tool from Amazon.com, you order it direct from Tool Crib.",5.0,Timely orders,B000067S12,A1ST9K7U4R5Q3W,Positive,59,342,"Timely orders I just received my 3rdhand contractor pack that I had ordered on 05/17/04. It arrived on 07/17/04.after I cancelled my order through Amazon.com and reordered directly from TOOL CRIB using there 800-635-5140 number it only took 4 days to receive the order. I suggest that if you want a tool from Amazon.com, you order it direct from Tool Crib.",Negative,-0.1027,Neutral,0.06666666666666667
Item is exactly as listed,5.0,Five Stars,B000OMFLD0,A3FYAB9TP20B1I,Positive,5,25,Five Stars Item is exactly as listed,Neutral,0.0,Positive,0.25
Really good PLA,5.0,Five Stars,B017MYK9XO,A1FJGAOIKUTDYR,Positive,3,15,Five Stars Really good PLA,Positive,0.4927,Positive,0.7
Perfect for people with bigger hands working on Automotive stuff and dirty areas love is very strong resist tearing great for saving hands keeping clean,5.0,Nicely made heavy-duty gloves love the larger sizes,B00QRELG56,AIFH6HKF8H6C8,Positive,25,152,Nicely made heavy-duty gloves love the larger sizes Perfect for people with bigger hands working on Automotive stuff and dirty areas love is very strong resist tearing great for saving hands keeping clean,Positive,0.9735,Positive,0.373
"Dental quality inspection mirror. It's small, but as advertised .75 inches. I like it a lot for seeing into small spaces utilizing a small flexible flashlight I bought along with this mirror. The use of this mirror and a small flashlight have prevented some near disasters when running wiring in buildings lately.",5.0,Dental quality inspection mirror.,B001F2ACY6,A11UMT3MKBSPW2,Positive,52,313,"Dental quality inspection mirror. Dental quality inspection mirror. It's small, but as advertised .75 inches. I like it a lot for seeing into small spaces utilizing a small flexible flashlight I bought along with this mirror. The use of this mirror and a small flashlight have prevented some near disasters when running wiring in buildings lately.",Neutral,-0.0387,Negative,-0.19999999999999998
very pleased works great,5.0,Five Stars,B005GK3IVW,A2FXA75533TXLJ,Positive,4,24,Five Stars very pleased works great,Positive,0.8204,Positive,0.7250000000000001
Good price and average quality. It does have a nice case but I buy them for the drill. Not quite as good as the top of the line ones but at this price it's a good value.,4.0,Good price and average quality,B002GQ5AKG,A1XJJ8H8EEP76,Positive,37,169,Good price and average quality Good price and average quality. It does have a nice case but I buy them for the drill. Not quite as good as the top of the line ones but at this price it's a good value.,Positive,0.8602,Positive,0.45000000000000007
"As described and great price, however by the time I received it, I had forgotten that I ordered it.",4.0,Four Stars,B005FIWYX8,A36DP9AQ1IC31S,Positive,19,99,"Four Stars As described and great price, however by the time I received it, I had forgotten that I ordered it.",Positive,0.4939,Positive,0.8
Its a Washer,5.0,Five Stars,B004XMX5CQ,A24F4UQRAIZAWK,Positive,3,12,Five Stars Its a Washer,Neutral,0.0,Neutral,0.0
"As with all the Temco tube, I like this stuff, it sticks to the wire very well. The stuff shrinks down really good, to about 1/3 of the original size. The only thing that it could be a little thicker, but for wire terminating it is good enough. I have purchased about 10 different sizes now and like it. I receive it in about 3 days or so.",4.0,Quality tube,B01F2LGF5U,A2Y3PHNEUATCIR,Positive,68,339,"Quality tube As with all the Temco tube, I like this stuff, it sticks to the wire very well. The stuff shrinks down really good, to about 1/3 of the original size. The only thing that it could be a little thicker, but for wire terminating it is good enough. I have purchased about 10 different sizes now and like it. I receive it in about 3 days or so.",Positive,0.9061,Positive,0.18132716049382716
"a great deal, they are a bit thin, but i have had non explode on me. i keep them in a CD cake box. i'd get them again.",5.0,get a lot for the money.,B0041Y97FK,A3EYQ06LJKNOKL,Positive,28,118,"get a lot for the money. a great deal, they are a bit thin, but i have had non explode on me. i keep them in a CD cake box. i'd get them again.",Positive,0.3716,Positive,0.2
"The first thing I noticed when I open the box is that this machine was made with good quality materials and it is sturdy enough to last for years, while doing harsh cleaning jobs. Its a perfect timing for us because were remodeling our home and there is dust everywhere. But I will be using it all around the year to pick the sand that is all over our place, because we live half a block from the beach. Since this machine functions as a vacuum and as a blower, this year cleaning the front and back porch should be easier. I cant wait to blow away all those leaves instead of sweeping them with a broom. The design in this vacuum is similar to other dry/wet vacuums Id used in the past, in this particular model I like the size of it, the easy way to operate it, and the wheels. Our previous unit didn't have wheels, which was uncomfortable. This Porter-Cable wet dry vacuum comes with useful accessories like wide extension wands, a disposable dust bag, floor nozzle, and utility nozzle. Of these attachments, my favorite is the floor nozzle, which has two removable bottom blades. One is a rubber squeegee, I guess for wet floors cleaning. And the other is like a thin blade with a series of small brushes in it. For dry floor cleaning, I learned that removing the squeegee allows a smoother cleaning. A flexible hose, and cartridge filter are also included, but this is common with most dry/wet vac machines. I would have liked to try the wet vacuum features of this Porter-Cable wet dry vacuum, but the foam filter was not included in the unit I received. Yes, is printed in the box and in the manual that it was included, but regardless of that, it was not. And in the manual is stated that this machine needs the previously mentioned foam filter for vacuuming liquid. So, I will have to order a foam filter the next time I place an order, because its a good thing to have it in the event of a mild flood, which we often get at the shore during storms. Summing up, this is a good machine for tough cleaning jobs.",4.0,"Powerful, well built and designed wet/dry vacuum",B01FH56KGK,A2M14CFAMF8J7I,Positive,375,2018,"Powerful, well built and designed wet/dry vacuum The first thing I noticed when I open the box is that this machine was made with good quality materials and it is sturdy enough to last for years, while doing harsh cleaning jobs. Its a perfect timing for us because were remodeling our home and there is dust everywhere. But I will be using it all around the year to pick the sand that is all over our place, because we live half a block from the beach. Since this machine functions as a vacuum and as a blower, this year cleaning the front and back porch should be easier. I cant wait to blow away all those leaves instead of sweeping them with a broom. The design in this vacuum is similar to other dry/wet vacuums Id used in the past, in this particular model I like the size of it, the easy way to operate it, and the wheels. Our previous unit didn't have wheels, which was uncomfortable. This Porter-Cable wet dry vacuum comes with useful accessories like wide extension wands, a disposable dust bag, floor nozzle, and utility nozzle. Of these attachments, my favorite is the floor nozzle, which has two removable bottom blades. One is a rubber squeegee, I guess for wet floors cleaning. And the other is like a thin blade with a series of small brushes in it. For dry floor cleaning, I learned that removing the squeegee allows a smoother cleaning. A flexible hose, and cartridge filter are also included, but this is common with most dry/wet vac machines. I would have liked to try the wet vacuum features of this Porter-Cable wet dry vacuum, but the foam filter was not included in the unit I received. Yes, is printed in the box and in the manual that it was included, but regardless of that, it was not. And in the manual is stated that this machine needs the previously mentioned foam filter for vacuuming liquid. So, I will have to order a foam filter the next time I place an order, because its a good thing to have it in the event of a mild flood, which we often get at the shore during storms. Summing up, this is a good machine for tough cleaning jobs.",Positive,0.9906,Neutral,0.061539306104523496
First can I have bought myself but I used to use it at work. Absolutely love this stuff! A must for any at home mechanic living in the northeast.,5.0,A must for living in the northeast,B000F09CEA,A2UDS02987JZAB,Positive,29,145,A must for living in the northeast First can I have bought myself but I used to use it at work. Absolutely love this stuff! A must for any at home mechanic living in the northeast.,Positive,0.8192,Positive,0.4375
Still using my large supply. No issues they work as expected.,5.0,Good price for large quantity,B001766LZO,A3ETW531Q13T3D,Positive,11,61,Good price for large quantity Still using my large supply. No issues they work as expected.,Positive,0.1779,Positive,0.2571428571428571
"Works great, I've used it several times. Dave.",5.0,Five Stars,B00N76TDO8,A2EI825HIB7BW,Positive,8,46,"Five Stars Works great, I've used it several times. Dave.",Positive,0.6249,Positive,0.4
I can see now! It has become by go-to tool of choice on the bench.,5.0,"Simple, yet Satisfying!",B012938E76,A3BY8X683HDEM2,Positive,15,66,"Simple, yet Satisfying! I can see now! It has become by go-to tool of choice on the bench.",Positive,0.555,Positive,0.390625
Purchased to gift wrap my granddaughter s wedding basket.,5.0,Great price,B00168264S,A24JK19TJDW77L,Positive,9,57,Great price Purchased to gift wrap my granddaughter s wedding basket.,Positive,0.7906,Positive,0.8
I have bought many of these Dry&dry packs in different sizes. I feed the birds and also work with many dry herbs and grains. I use different sizes depending on what I am storing. Things like my sea salt etc. I'm glad I found them,5.0,Glad I found these,B00DYKTS9C,A3DHHOZRX2GCNI,Positive,45,229,Glad I found these I have bought many of these Dry&dry packs in different sizes. I feed the birds and also work with many dry herbs and grains. I use different sizes depending on what I am storing. Things like my sea salt etc. I'm glad I found them,Positive,0.8176,Positive,0.2761904761904762
"I bought these silica gel desiccants to add to long term storage items. They work by absorbing any moisture in the container and keeping the items dry. This prevents rusting (in the case of guns) or spoilage (in the case of food items). These packets work just the way they are supposed to, and I will order them again when I need more. Edited to add: silica gel packets can be reused after being dried out. You can put them on a cookie sheet in the oven at 150F for 20 minutes (watch for burning!). Once they're dried out, they will work like new again. Edited again 3/13: After burning a couple of my packets in the stove, I tried drying them out in the dehydrator. I set it at 90F and they dried in about 4 hours. I'll be using this method from now on!",5.0,"Useful, and they work",B003DKQB02,AEC90GPFKLAAW,Positive,146,755,"Useful, and they work I bought these silica gel desiccants to add to long term storage items. They work by absorbing any moisture in the container and keeping the items dry. This prevents rusting (in the case of guns) or spoilage (in the case of food items). These packets work just the way they are supposed to, and I will order them again when I need more. Edited to add: silica gel packets can be reused after being dried out. You can put them on a cookie sheet in the oven at 150F for 20 minutes (watch for burning!). Once they're dried out, they will work like new again. Edited again 3/13: After burning a couple of my packets in the stove, I tried drying them out in the dehydrator. I set it at 90F and they dried in about 4 hours. I'll be using this method from now on!",Positive,0.7476,Neutral,0.03552188552188551
"These are very good disposable scalpels for home use in emergencies. These are carbon steel, so they are super sharp but also rust - so I recommend only using them as disposables for medical first aid situations. Made in China.",4.0,Very good disposables.,B00EP0T1HY,AF5AJ5V9T6LTS,Positive,40,227,"Very good disposables. These are very good disposable scalpels for home use in emergencies. These are carbon steel, so they are super sharp but also rust - so I recommend only using them as disposables for medical first aid situations. Made in China.",Positive,0.857,Positive,0.3254761904761905
"Good quality product, and no defects found.",5.0,Various voltages and colors.,B01AUI4VVA,A286PVSE9WDGRZ,Positive,7,43,"Various voltages and colors. Good quality product, and no defects found.",Positive,0.6319,Positive,0.35
It's made for metal but works for many things (some slippery plastics can't be glued with anything). I have used JB weld for more than 25 years but for the last 12 years I switched to JB quick. It's not quite as strong (close though) but the original took 24 hours to harden. I go through 5-6 tubes a year.,5.0,JB Quick is a super strong epoxy,B0006O1ICY,A28NXB15V7EKAI,Positive,60,306,JB Quick is a super strong epoxy It's made for metal but works for many things (some slippery plastics can't be glued with anything). I have used JB weld for more than 25 years but for the last 12 years I switched to JB quick. It's not quite as strong (close though) but the original took 24 hours to harden. I go through 5-6 tubes a year.,Positive,0.3995,Positive,0.3601851851851852
"This is a very handy tool to have around. Thankfully it is very simple to operate because the instructions are pitifully lacking. It gives the temp in F or C. With this gun you can easily and accurately measure the temperature in impossible to get to places. I think a handy feature is to be able to measure temperature in various areas of the house looking for air leaks where better insulation might help. Of course, there are many other uses too numerous to mention! It also comes with an extra probe which can be used to measure areas where the laser might not be able to reach. The digital readout is clear and easy to read. It operates on two AA batteries (included) and comes in a handy storage case. The quality of this makes it suitable for professional use but for any home owner willing to invest the money I think he/she will find it very handy to have around.",5.0,Great convenient tool to have around.,B00F2TA87E,A3S0DBBR693O06,Positive,162,872,"Great convenient tool to have around. This is a very handy tool to have around. Thankfully it is very simple to operate because the instructions are pitifully lacking. It gives the temp in F or C. With this gun you can easily and accurately measure the temperature in impossible to get to places. I think a handy feature is to be able to measure temperature in various areas of the house looking for air leaks where better insulation might help. Of course, there are many other uses too numerous to mention! It also comes with an extra probe which can be used to measure areas where the laser might not be able to reach. The digital readout is clear and easy to read. It operates on two AA batteries (included) and comes in a handy storage case. The quality of this makes it suitable for professional use but for any home owner willing to invest the money I think he/she will find it very handy to have around.",Positive,0.8209,Positive,0.30586956521739134
"Works great for things around the house and little experiments here and there. Not precise enough for the doing a pool, as you might want to be more precise than 7 or 8. But super handy nonetheless.",5.0,Works great for things around the house and little experiments here ...,B00X9D4NBW,A2Q6A2CYJERF5O,Positive,37,198,"Works great for things around the house and little experiments here ... Works great for things around the house and little experiments here and there. Not precise enough for the doing a pool, as you might want to be more precise than 7 or 8. But super handy nonetheless.",Positive,0.891,Positive,0.2858333333333334
"Finding large diameter shrink is difficult. In LA it is easy, but here it is nearly impossible. I found an 8"" long 1"" diameter at Home Depot, but this whole package was less than that one piece. You can cut any length you need, and still have lots to use elsewhere. And yes, with a heat gun it does shrink, just as advertised.",5.0,Shrink,B000HDF8MU,AXP9CF1UTFRSU,Positive,63,326,"Shrink Finding large diameter shrink is difficult. In LA it is easy, but here it is nearly impossible. I found an 8"" long 1"" diameter at Home Depot, but this whole package was less than that one piece. You can cut any length you need, and still have lots to use elsewhere. And yes, with a heat gun it does shrink, just as advertised.",Negative,-0.25,Neutral,-0.07653061224489796
"THESE ARE BASIC WELL MADE CLIPS, WORKS GREAT FOR A/C REPAIR, NICE PACKAGE, JUST REMEBER TO USE A SET OF GOOD CRIMPERS.",5.0,SUPCO QUALITY,B0071NBPE4,A31MLG5DWC93WL,Positive,22,118,"SUPCO QUALITY THESE ARE BASIC WELL MADE CLIPS, WORKS GREAT FOR A/C REPAIR, NICE PACKAGE, JUST REMEBER TO USE A SET OF GOOD CRIMPERS.",Positive,0.8979,Positive,0.5249999999999999
Exactly as described. Works fine. Good service,5.0,Good product,B002EDYPF2,A187HYTB3GI17R,Positive,7,46,Good product Exactly as described. Works fine. Good service,Positive,0.765,Positive,0.5166666666666666
great quality at a reasonable price,5.0,Five Stars,B000NHZZ2I,A39DDBN1081H61,Positive,6,35,Five Stars great quality at a reasonable price,Positive,0.6249,Positive,0.5
Used to control a cooling project I created to help keep my car cool in the summer. Works great.,5.0,Perfect circuit for prototyping,B00KCCX0EE,A344XMGD8HAPO7,Positive,19,96,Perfect circuit for prototyping Used to control a cooling project I created to help keep my car cool in the summer. Works great.,Positive,0.93,Positive,0.7166666666666668
These hinges fit the doll house doors well. I used three for a large door an 2 for a closet door. Secured with miniature screws an backed with epoxy. The doors look nice and function well.,5.0,Hinges fit well and look nice.,B00GTNTIPK,A16R0GATS5ZQGE,Positive,36,188,Hinges fit well and look nice. These hinges fit the doll house doors well. I used three for a large door an 2 for a closet door. Secured with miniature screws an backed with epoxy. The doors look nice and function well.,Positive,0.9403,Positive,0.4428571428571428
"Excellent! ""All that, and a Bag of Chips""",5.0,"Excellent!  ""All that, and a Bag of Chips""",B001D3LQWE,A4W9TZB22EGYC,Positive,8,41,"Excellent!  ""All that, and a Bag of Chips"" Excellent! ""All that, and a Bag of Chips""",Positive,0.8395,Positive,1.0
rubber tubes rather than brushes as compared to the older model which is nice. had a few times where it accidentally moved its own charger and couldn't get back into it.,5.0,... brushes as compared to the older model which is nice. had a few times where it accidentally moved ...,B00IO9PBPS,A1F2PR9YI5RXH5,Positive,31,169,... brushes as compared to the older model which is nice. had a few times where it accidentally moved ... rubber tubes rather than brushes as compared to the older model which is nice. had a few times where it accidentally moved its own charger and couldn't get back into it.,Positive,0.2023,Positive,0.21666666666666667
Just what I needed.,5.0,Five Stars,B000H9JG7C,A1XT6SP0IB9IHR,Positive,4,19,Five Stars Just what I needed.,Neutral,0.0,Neutral,0.0
"My husband has large hands and the ""one size fits all"" vinyl gloves end up ripping when he uses them. These are the only ones that fit and they are relatively durable. He uses them when he works on the car, cleans the bird feeders, handles raw meat, etc.",5.0,Great gloves for big hands,B0013U5PV0,ACXEPV2FE36IA,Positive,49,254,"Great gloves for big hands My husband has large hands and the ""one size fits all"" vinyl gloves end up ripping when he uses them. These are the only ones that fit and they are relatively durable. He uses them when he works on the car, cleans the bird feeders, handles raw meat, etc.",Positive,0.765,Positive,0.1690737833594976
"This digital caliper is very nice considering the price. Don't waste your money on the cheap Harbor Freight ones, buy this instead...it's a much higher quality unit. This caliper is mechanically very well made. The grinding on the jaw surfaces is very good and the slide action is smooth if slightly on the tight side. The display is very large which makes reading very easy and the fractional feature is very useful too. This caliper repeats very well and at worse will only be off by 0.0005. It's moisture resistant and comes with an extra battery. This caliper could definitely be used for reference inspection of production parts. The ""Pro Quality"" description is not an exaggeration. The only thing I wish it had was a backlight that would come on for say 10 seconds and then turn off. I know you should always use this in a well lit area but sometimes I just want to do a quick measurement and there are moments where the ambient lighting is not ideal so a backlight would be nice to have.",5.0,"The ""Pro Quality"" description is not an exaggeration.",B018D9JPPA,A2PREU4LOFQRB1,Positive,179,995,"The ""Pro Quality"" description is not an exaggeration. This digital caliper is very nice considering the price. Don't waste your money on the cheap Harbor Freight ones, buy this instead...it's a much higher quality unit. This caliper is mechanically very well made. The grinding on the jaw surfaces is very good and the slide action is smooth if slightly on the tight side. The display is very large which makes reading very easy and the fractional feature is very useful too. This caliper repeats very well and at worse will only be off by 0.0005. It's moisture resistant and comes with an extra battery. This caliper could definitely be used for reference inspection of production parts. The ""Pro Quality"" description is not an exaggeration. The only thing I wish it had was a backlight that would come on for say 10 seconds and then turn off. I know you should always use this in a well lit area but sometimes I just want to do a quick measurement and there are moments where the ambient lighting is not ideal so a backlight would be nice to have.",Positive,0.9018,Positive,0.17434782608695656
"It is not transparent - it has a lot of white threads in it. The threads are arranged lengthwise and cross wise but otherwise not at an angle to the side of the tape. The backing material is clear, but it tape itself is not. Frankly, you won't be happy with this if you want completely clear tape. Other than that - it is duct tape. It feels like duct tape, it flexes like duct tape, it tears and cuts like duct tape, it sticks like duct tape. I'd call it duct tape. My intended use was to tape down some circuit boards having surface mounted LEDs. I need to see those LEDs. This tape is almost perfect except for all the strings. Oh well. It's not like I have no other use for duct tape.",4.0,Clear backing but not completely clear,B0000DH8I8,AI8EMB0HUC6Z5,Positive,136,688,"Clear backing but not completely clear It is not transparent - it has a lot of white threads in it. The threads are arranged lengthwise and cross wise but otherwise not at an angle to the side of the tape. The backing material is clear, but it tape itself is not. Frankly, you won't be happy with this if you want completely clear tape. Other than that - it is duct tape. It feels like duct tape, it flexes like duct tape, it tears and cuts like duct tape, it sticks like duct tape. I'd call it duct tape. My intended use was to tape down some circuit boards having surface mounted LEDs. I need to see those LEDs. This tape is almost perfect except for all the strings. Oh well. It's not like I have no other use for duct tape.",Positive,0.9544,Positive,0.2109953703703704
I bought this in August and has no problems with this device what so ever. I use it often to check the temps of my oils while making homemade soap. I've checked this against the old fashioned glass thermometers and this one is spot on temps. I'm still using the same batteries that came with the unit. It fits into my hand nicely and it has small ridges in the handle so you have no slip from your hands when your oils has slopped on them. I would highly recommend this unit. It's well worth the money invested at a reasonable price when comparing to other devices. This one is fantastic.,5.0,Five Stars all the way!,B00VUZQKS0,A2RDCXD5KTK4DT,Positive,111,588,Five Stars all the way! I bought this in August and has no problems with this device what so ever. I use it often to check the temps of my oils while making homemade soap. I've checked this against the old fashioned glass thermometers and this one is spot on temps. I'm still using the same batteries that came with the unit. It fits into my hand nicely and it has small ridges in the handle so you have no slip from your hands when your oils has slopped on them. I would highly recommend this unit. It's well worth the money invested at a reasonable price when comparing to other devices. This one is fantastic.,Positive,0.9391,Positive,0.15388888888888885
"Ordered this to assemble a small field laboratory kit. It was delivered in 2 days along with one of the other 13 ordered items. Thick, high-quality glass. The stem is sturdy and will be perfect for Erlenmeyer flasks and test tubes. I hope all the other ordered glassware.is as well made!",5.0,Excellent and sturdy funnel,B00191IZB0,A19LCXQ5MZOA87,Positive,51,287,"Excellent and sturdy funnel Ordered this to assemble a small field laboratory kit. It was delivered in 2 days along with one of the other 13 ordered items. Thick, high-quality glass. The stem is sturdy and will be perfect for Erlenmeyer flasks and test tubes. I hope all the other ordered glassware.is as well made!",Positive,0.9151,Positive,0.19479166666666667
Great monitor,4.0,Four Stars,B0013BKDO8,A1U429SUH8EA4V,Positive,2,13,Four Stars Great monitor,Positive,0.6249,Positive,0.8
"Just what I expected! Works great comes with a lot of plastic and comes wrapped air tight, produces good quality prints and I have no complaints about it so far.",5.0,Good quality!,B00J0H6NNM,A3J1DO8ATH7QUX,Positive,30,161,"Good quality! Just what I expected! Works great comes with a lot of plastic and comes wrapped air tight, produces good quality prints and I have no complaints about it so far.",Positive,0.9143,Positive,0.3619047619047619
Use Rubbermaid trash cans for garbage and storage. Always last a long-time and give good service.,5.0,Best you can buy,B0001MSC84,A19UWE52ADS8X8,Positive,16,97,Best you can buy Use Rubbermaid trash cans for garbage and storage. Always last a long-time and give good service.,Positive,0.7964,Positive,0.5666666666666667
Very well made. Smooth and accurate. I tested mine with some gauge blocks and it was accurate through all of its range.,5.0,Much nicer than similarly priced china imports.,B00INL0BTS,A2HUBYDSJC8D1O,Positive,22,119,Much nicer than similarly priced china imports. Very well made. Smooth and accurate. I tested mine with some gauge blocks and it was accurate through all of its range.,Positive,0.5256,Positive,0.2666666666666667
You won't spend much money but will fall apart after a while.,4.0,Cheap but won't last forever,B0070YPDDS,A1G2MWK15FISYW,Positive,12,61,Cheap but won't last forever You won't spend much money but will fall apart after a while.,Neutral,0.0,Positive,0.20000000000000004
The product came sealed and i threw it into the bag I wanted to keep moisture out of. I think it's working but hard to say as it has only been a few months. I will update if anything changes.,5.0,Works as advertised,B003DKQB02,AZAC8O310IK4E,Positive,40,191,Works as advertised The product came sealed and i threw it into the bag I wanted to keep moisture out of. I think it's working but hard to say as it has only been a few months. I will update if anything changes.,Negative,-0.1531,Negative,-0.1638888888888889
"I have had some pretty bad experience over the last 2 years with vacuums of Dirt Devil, Bissell, ... all of them seem to perform pretty well in the first 6-8 months and severely deteriorate in performance after that. First of all - this one is pretty powerful - 1 or 2 passes and it can suck anything from fine dust to left over popcorn on the carpet, a very long cord so that you can cover a large area without having to switch the cord from plug to plug. Cleaning is easy and typical of any of this type of vaccum. Filter is washable and reusable. Stuff that I am going to be watching over the next couple of months: * quality of belts * deterioration in suction",4.0,Pretty powerful - have to see how long it lasts,B01BONUDD0,A2V0I904FH7ABY,Positive,129,664,"Pretty powerful - have to see how long it lasts I have had some pretty bad experience over the last 2 years with vacuums of Dirt Devil, Bissell, ... all of them seem to perform pretty well in the first 6-8 months and severely deteriorate in performance after that. First of all - this one is pretty powerful - 1 or 2 passes and it can suck anything from fine dust to left over popcorn on the carpet, a very long cord so that you can cover a large area without having to switch the cord from plug to plug. Cleaning is easy and typical of any of this type of vaccum. Filter is washable and reusable. Stuff that I am going to be watching over the next couple of months: * quality of belts * deterioration in suction",Positive,0.7906,Positive,0.12125661375661378
"just what we needed, will buy again when needed.",5.0,Five Stars,B000BD69Y2,A12E5M4U73K2XY,Positive,9,48,"Five Stars just what we needed, will buy again when needed.",Neutral,0.0,Neutral,0.0
"Amazing filament, softer than PLA (flexible) but it'll stress instead of cracking and breaking. Does DECENT without a heated bed, but heated bed WITH blue tape preferred. I'm moving from PLA to this in future prints.",5.0,"Amazing filament, softer than PLA (flexible) but it'll stress ...",B014VM98DC,A108SIKD3FKAIF,Positive,36,216,"Amazing filament, softer than PLA (flexible) but it'll stress ... Amazing filament, softer than PLA (flexible) but it'll stress instead of cracking and breaking. Does DECENT without a heated bed, but heated bed WITH blue tape preferred. I'm moving from PLA to this in future prints.",Positive,0.4588,Positive,0.2733333333333334
Pretty much the best PLA I've ever used.,5.0,Five Stars,B00MEZE7XU,AWW2TRNU6IMTQ,Positive,8,40,Five Stars Pretty much the best PLA I've ever used.,Positive,0.8126,Positive,0.48333333333333334
Works good! You will have to start a pilot hole. I would not use this with anything heavier than sheet metal.,5.0,Good bit!,B000FZ2UOY,A9FMI4IECG5IK,Positive,21,109,Good bit! Works good! You will have to start a pilot hole. I would not use this with anything heavier than sheet metal.,Positive,0.7494,Positive,0.875
This brush works great as my grate cleaning on my grill.,5.0,Wire brush,B001VXY3F8,A30QQGNQK47PYA,Positive,11,56,Wire brush This brush works great as my grate cleaning on my grill.,Positive,0.6249,Positive,0.8
Very good product,5.0,Five Stars,B01DGEWHN4,A3AQ0L0CDAURW0,Positive,3,17,Five Stars Very good product,Positive,0.4927,Positive,0.9099999999999999
Works as expected,5.0,Five Stars,B00HPNFD5C,A2BAFCAZBSKMO5,Positive,3,17,Five Stars Works as expected,Neutral,0.0,Neutral,-0.1
prints great at 245c,5.0,Five Stars,B00ZAUQZTA,A1PHA71EEDTMZL,Positive,4,20,Five Stars prints great at 245c,Positive,0.6249,Positive,0.8
works,5.0,Five Stars,B00004YOKH,A1S4SZCGQWDRRV,Positive,1,5,Five Stars works,Neutral,0.0,Neutral,0.0
as described,5.0,Five Stars,B01F2LFZUQ,AZJ5DEMTL6N1J,Positive,2,12,Five Stars as described,Neutral,0.0,Neutral,0.0
Great item.,5.0,Five Stars,B00A6D2S5G,A1V320TTRX4P1Z,Positive,2,11,Five Stars Great item.,Positive,0.6249,Positive,0.8
Still in box. Nice package,5.0,Nice,B0015YJIY4,A10JJ5PXUCSPDN,Positive,5,26,Nice Still in box. Nice package,Positive,0.6808,Positive,0.6
"Great little bags to keep your parts in. Took me while to understand the ""mil"" rating. Sometime I use these bags for keep a log dry in a Geocaching container.",5.0,Hard to find,B0095NCBIM,AMO1CR5KN8T4P,Positive,30,158,"Hard to find Great little bags to keep your parts in. Took me while to understand the ""mil"" rating. Sometime I use these bags for keep a log dry in a Geocaching container.",Positive,0.5719,Neutral,0.06354166666666666
"This is my second purchase of this copper screen. I purchased a different size for my project, which is making a basket for my copper still. This screen is well made, exactly as described, and exactly what I was looking for. Chossing the correct size was a bit frustrating, but I was able to figure it out this way, for example, if you're looking at the 88 screen, you can draw a 1 inch by 1 inch square, and make 8 boxes per inch. This will give you a good estimate of how tight the screen is. I used a ruler and drew several sizes to see what matched my needs.",5.0,Nice copper screen!,B005H38RNC,A3ECCRYGDAAP5S,Positive,111,562,"Nice copper screen! This is my second purchase of this copper screen. I purchased a different size for my project, which is making a basket for my copper still. This screen is well made, exactly as described, and exactly what I was looking for. Chossing the correct size was a bit frustrating, but I was able to figure it out this way, for example, if you're looking at the 88 screen, you can draw a 1 inch by 1 inch square, and make 8 boxes per inch. This will give you a good estimate of how tight the screen is. I used a ruler and drew several sizes to see what matched my needs.",Positive,0.685,Positive,0.1871428571428571
"I'm not sure how I've lived without these. I usually print onto 8x10 picture frame glass and break many panes of it by trying to remove prints. Then I found this tool set. I figured for the price that it was worth a chance. Best thing I've done. No more broken glass because these pop the print right off with almost no effort. I've tried a scraper, razor blades(left a nice scar on my thumb), and just brute force to no avail. These tools are definately the way to go.",5.0,Awesome.,B01A81FXMK,A5GIPF1OZ778F,Positive,90,469,"Awesome. I'm not sure how I've lived without these. I usually print onto 8x10 picture frame glass and break many panes of it by trying to remove prints. Then I found this tool set. I figured for the price that it was worth a chance. Best thing I've done. No more broken glass because these pop the print right off with almost no effort. I've tried a scraper, razor blades(left a nice scar on my thumb), and just brute force to no avail. These tools are definately the way to go.",Positive,0.8904,Positive,0.25357142857142856
"I find myself involved in many kinds of repairs or projects and when trimming or light cutting is needed, a supper sharp scalpel does it as well or better then a knife, razor, an should be in your tool box",5.0,scalpels,B0042TPNF2,A1JGCB3TW574H2,Positive,40,205,"scalpels I find myself involved in many kinds of repairs or projects and when trimming or light cutting is needed, a supper sharp scalpel does it as well or better then a knife, razor, an should be in your tool box",Positive,0.5423,Positive,0.135
This works great and some times it holds to well!,5.0,"4 thumbs up, LOL",B00MN5X07U,A37TU5PD6Z5XMR,Positive,10,49,"4 thumbs up, LOL This works great and some times it holds to well!",Positive,0.8757,Positive,0.9
good quality,5.0,good stuff,B001768788,A2NN1KIYEM2SKS,Positive,2,12,good stuff good quality,Positive,0.7003,Positive,0.7
worked as described.,5.0,Five Stars,B00NM8H5TG,AHAW9PMTYGDT7,Positive,3,20,Five Stars worked as described.,Neutral,0.0,Neutral,0.0
"More narrow than the one I used to use. That makes things a little bit more cramped, but I still like that I'm able to carry everything in less space.",4.0,Nice,B019IZZKUC,A3T0A105DAILLS,Positive,30,150,"Nice More narrow than the one I used to use. That makes things a little bit more cramped, but I still like that I'm able to carry everything in less space.",Positive,0.631,Positive,0.22083333333333335
Very sturdy & the seal strip is very aggressive. Once it touches the side of the bag it is never coming off. Very nice bags & only a fraction of the cost of similar bags.,5.0,Great Bag! - Great price!,B00YT1A5ZG,A2P0X9DAZD0EES,Positive,35,170,Great Bag! - Great price! Very sturdy & the seal strip is very aggressive. Once it touches the side of the bag it is never coming off. Very nice bags & only a fraction of the cost of similar bags.,Positive,0.8997,Positive,0.45428571428571435
"I've had this printer for about three months now, and while it hasn't been used much recently, I've been happy with it. I ran it almost every day the first month I had it, and it sat in my basement unused until early last week. It still ran fine despite literally being dusty from sitting there. I want to share a few experiences from this printer. First, I haven't had to contact Flashforge for assistance, but I did send an email requesting some general tips for printing. I got a very quick response from Tang. Second, I read some now-outdated information that gave tips on ""touching off"" the printer's nozzle and leveling the build plate. On this unit, there is no need to touch off as long as you home the machine (which it'll do if you switch filaments or level the plate), and leveling the plate is easy; Tighten three screws under the plate, the probe next to the nozzle flicks down and measures the distance, and the printer will either tell you to tighten or loosen the corresponding screw, or it'll say it's fine and move to the next location. I think this is great for new users, particularly those who are unfamiliar with automated manufacturing technology. Finally, the part that I struggled with: Loading the filament. Once the nozzle heats up, you're prompted to press a spring loaded lever on the head to allow the filament to be loaded into the nozzle. I pressed down on that lever firmly, which caused the filament to bind and not load into the nozzle. After experimenting, I learned that you shouldn't be forceful with that lever as I was. When prompted, slowly press the lever down while trying to GENTLY push the filament into the loading tube. As soon as the filament slides down the tube, STOP pressing that spring loaded lever down, and hold it at the position it's at. Once the nozzle starts drawing the filament in without you pressing it in, and/or you see melted filament coming out of the nozzle, you're all set and free to release the spring loaded lever. I know that at this time there's cheaper 3D printers on the market, but this is the one I'd recommend. Again, I think it's so user friendly that even those who unfamiliar with operating automated equipment will pick this up well. And while I haven't used this machine non-stop for months or owned it for years, I feel pretty good about the quality of it as a entry level machine.",5.0,Great for beginners,B016R9E7J2,A18ZYBZLR66IWK,Positive,425,2366,"Great for beginners I've had this printer for about three months now, and while it hasn't been used much recently, I've been happy with it. I ran it almost every day the first month I had it, and it sat in my basement unused until early last week. It still ran fine despite literally being dusty from sitting there. I want to share a few experiences from this printer. First, I haven't had to contact Flashforge for assistance, but I did send an email requesting some general tips for printing. I got a very quick response from Tang. Second, I read some now-outdated information that gave tips on ""touching off"" the printer's nozzle and leveling the build plate. On this unit, there is no need to touch off as long as you home the machine (which it'll do if you switch filaments or level the plate), and leveling the plate is easy; Tighten three screws under the plate, the probe next to the nozzle flicks down and measures the distance, and the printer will either tell you to tighten or loosen the corresponding screw, or it'll say it's fine and move to the next location. I think this is great for new users, particularly those who are unfamiliar with automated manufacturing technology. Finally, the part that I struggled with: Loading the filament. Once the nozzle heats up, you're prompted to press a spring loaded lever on the head to allow the filament to be loaded into the nozzle. I pressed down on that lever firmly, which caused the filament to bind and not load into the nozzle. After experimenting, I learned that you shouldn't be forceful with that lever as I was. When prompted, slowly press the lever down while trying to GENTLY push the filament into the loading tube. As soon as the filament slides down the tube, STOP pressing that spring loaded lever down, and hold it at the position it's at. Once the nozzle starts drawing the filament in without you pressing it in, and/or you see melted filament coming out of the nozzle, you're all set and free to release the spring loaded lever. I know that at this time there's cheaper 3D printers on the market, but this is the one I'd recommend. Again, I think it's so user friendly that even those who unfamiliar with operating automated equipment will pick this up well. And while I haven't used this machine non-stop for months or owned it for years, I feel pretty good about the quality of it as a entry level machine.",Positive,0.9895,Positive,0.1585786435786436
"Good stuff. The color is just a bit opaque. The diameter is consistent, and I haven't had any ""particles"" cause clogs. I do encourage 3D solutech to more color to their filament.",4.0,"Precise prints, somewhat dull colors.",B00ME75BGK,A3RPHCX9THYA9Y,Positive,32,178,"Precise prints, somewhat dull colors. Good stuff. The color is just a bit opaque. The diameter is consistent, and I haven't had any ""particles"" cause clogs. I do encourage 3D solutech to more color to their filament.",Positive,0.5468,Positive,0.31166666666666665
"I have had so much fun with these 11 different tapes and while I have not emptied the kit's contents, yet, I find them especially useful. 1. Safety Walk Tape: This tape was the first installed and it is a lifesaver or at least it is an accident preventer for the two old foggies here. Our indoor garage stoop has two steps that are consistently attempting to trip our entry and exit; however, with these our incidence of trips are and will be eliminated or at least reduced significantly. 2. Masking Corner Tape: With all the wet weather we have been having, I have yet to use these; however, based on the design and means of application, I can tell they should do the job as intended. Should that not be the case, I will amend this as soon as spring begins. 3. Foam Removable Tape: These did not last too long. The plastic coupled with the tape made a perfect presentation aid for mounting borderless pictures among other display items that do not require extreme holding properties. With a modicum of pre-planning, each strip can be cut to a more satisfactory length depending on the item. 4. Quick Grab Tape: I used several of these for those light objects that I wanted to hold items in place and they work well. 5. (Blue) and 6. (Red): Vinyl Duct Tape: Granny used to say 'A home is not no home with no Duct tape' but she did not mention that this Duct Tape is a top quality Duct Tape. Back then, the issue of quality was almost non-existent. You either had duct tape that was gray or silver colored and that's it. But I do not know, since I did not own duct tape until the id 60's. This tape, unlike some of the others, offers solid sticking power and since it is two colors it makes for quick item identification. 7. Reflective Tape: I am saving this until spring except just to be sure its reflective quality met minimum standards, I used a piece on the mailbox for test purposes and it works quite well. 8. Wire Management Tape: These tapes are just the product for those of us who have more exposed wires running behind and under all sorts of furniture and stuff. It is almost a nightmare if you think about 'now where does that wire go...?' or the likes. These 2 different colored tapes can help with managing those issues with ease. 9. Dual Lock Reclosable Fastener: Take lightweight items and mount them in a locally suitable position and add organization to an otherwise unorganized spot or several. I have a spot for the house keys and vehicle remotes as well as other little helpers and love them. 10. Hook and Loop Pieces: I only used a couple of these so far and that was to adhere each piece to a curtain that covers the infrared camera positioned to keep track of wildlife and civilized visitors. If I need to make any curtain adjustment, all I have to do is remove the tape and refit or change the SD card for the camera. 11. Command Strips: These hooks are absolutely fantastic and work well. I bought my first set of two several years ago and they are still working just as well as they did in the beginning. That is after may a hanging of my heavy outdoors coats. These are no different and will get even more use in the garage. I already claimed my spot for the next mounting and cannot wait until the weather warms some. First, it is 3M and that makes a positive difference to me. They work as intended and work well. The pieces together form a 5 star rating; however, I chose a 4 star for a couple of minor reasons. Most of the comments are objective and some are, frankly, subjective. I saw the kit as an introduction of many around the home tapes and potential uses without a large supply of any particular tape. If a particular piece runs out and it will, it is readily reorderable from the handy enclosed tape description sheet. Their Guide Map shows where each tape should be located in the box (a handy kit and container while being somewhat larger). The one addition I would make as soon as possible is an identifier on each roll or piece of tape. The existing rolls and items do not have any code or written information on the inside of the roll. I am delighted with the 3M Kit and will soon be seeking a replacement for many of the contents and highly recommend the products of 3M.",4.0,The Perfect 3M Starter Kit for Many Uses,B004U7A5X6,A3963R7EPE3A7E,Positive,784,4217,"The Perfect 3M Starter Kit for Many Uses I have had so much fun with these 11 different tapes and while I have not emptied the kit's contents, yet, I find them especially useful. 1. Safety Walk Tape: This tape was the first installed and it is a lifesaver or at least it is an accident preventer for the two old foggies here. Our indoor garage stoop has two steps that are consistently attempting to trip our entry and exit; however, with these our incidence of trips are and will be eliminated or at least reduced significantly. 2. Masking Corner Tape: With all the wet weather we have been having, I have yet to use these; however, based on the design and means of application, I can tell they should do the job as intended. Should that not be the case, I will amend this as soon as spring begins. 3. Foam Removable Tape: These did not last too long. The plastic coupled with the tape made a perfect presentation aid for mounting borderless pictures among other display items that do not require extreme holding properties. With a modicum of pre-planning, each strip can be cut to a more satisfactory length depending on the item. 4. Quick Grab Tape: I used several of these for those light objects that I wanted to hold items in place and they work well. 5. (Blue) and 6. (Red): Vinyl Duct Tape: Granny used to say 'A home is not no home with no Duct tape' but she did not mention that this Duct Tape is a top quality Duct Tape. Back then, the issue of quality was almost non-existent. You either had duct tape that was gray or silver colored and that's it. But I do not know, since I did not own duct tape until the id 60's. This tape, unlike some of the others, offers solid sticking power and since it is two colors it makes for quick item identification. 7. Reflective Tape: I am saving this until spring except just to be sure its reflective quality met minimum standards, I used a piece on the mailbox for test purposes and it works quite well. 8. Wire Management Tape: These tapes are just the product for those of us who have more exposed wires running behind and under all sorts of furniture and stuff. It is almost a nightmare if you think about 'now where does that wire go...?' or the likes. These 2 different colored tapes can help with managing those issues with ease. 9. Dual Lock Reclosable Fastener: Take lightweight items and mount them in a locally suitable position and add organization to an otherwise unorganized spot or several. I have a spot for the house keys and vehicle remotes as well as other little helpers and love them. 10. Hook and Loop Pieces: I only used a couple of these so far and that was to adhere each piece to a curtain that covers the infrared camera positioned to keep track of wildlife and civilized visitors. If I need to make any curtain adjustment, all I have to do is remove the tape and refit or change the SD card for the camera. 11. Command Strips: These hooks are absolutely fantastic and work well. I bought my first set of two several years ago and they are still working just as well as they did in the beginning. That is after may a hanging of my heavy outdoors coats. These are no different and will get even more use in the garage. I already claimed my spot for the next mounting and cannot wait until the weather warms some. First, it is 3M and that makes a positive difference to me. They work as intended and work well. The pieces together form a 5 star rating; however, I chose a 4 star for a couple of minor reasons. Most of the comments are objective and some are, frankly, subjective. I saw the kit as an introduction of many around the home tapes and potential uses without a large supply of any particular tape. If a particular piece runs out and it will, it is readily reorderable from the handy enclosed tape description sheet. Their Guide Map shows where each tape should be located in the box (a handy kit and container while being somewhat larger). The one addition I would make as soon as possible is an identifier on each roll or piece of tape. The existing rolls and items do not have any code or written information on the inside of the roll. I am delighted with the 3M Kit and will soon be seeking a replacement for many of the contents and highly recommend the products of 3M.",Positive,0.9966,Positive,0.19339482487209753
I wanted the Glow in the Dark filament to make toys for my young nephew. I had not used Hatchbox filament before but it was a competitive price and available from Fire Sale Merchants with my Amazon Prime. It arrived promptly and I loaded it in my printrbot Simple Metal to try it. It comes loaded on a plastic reel with with a 1 1/4in/32.2mm hole in the hub. The reel has the usual inspection hole in the side so you can see when you are almost out. It is labeled as 1.75mm plus or minus .05mm but I measured it in 5 places and it was spot on at 1.75mm at each place. The filament ran cleanly through the extruder and extruded smoothly. I used a 200C heat setting and was very satisfied. I had no problems getting to adhere to the print bed. It truely glows in the dark. I printed a Star Wars bust for my nephew and he uses it as a night light. I am very happy with the product and intend to buy more Hatchbox filament. I was also very happy with Fire Sale Merchant as a vendor. They even contacted me to make sure I got what I wanted. Bruce Buchner,5.0,Hatchbox 1.75mm Glow in the dark Filament,B00M0CS73S,A1WMEP95BWOMNH,Positive,208,1049,Hatchbox 1.75mm Glow in the dark Filament I wanted the Glow in the Dark filament to make toys for my young nephew. I had not used Hatchbox filament before but it was a competitive price and available from Fire Sale Merchants with my Amazon Prime. It arrived promptly and I loaded it in my printrbot Simple Metal to try it. It comes loaded on a plastic reel with with a 1 1/4in/32.2mm hole in the hub. The reel has the usual inspection hole in the side so you can see when you are almost out. It is labeled as 1.75mm plus or minus .05mm but I measured it in 5 places and it was spot on at 1.75mm at each place. The filament ran cleanly through the extruder and extruded smoothly. I used a 200C heat setting and was very satisfied. I had no problems getting to adhere to the print bed. It truely glows in the dark. I printed a Star Wars bust for my nephew and he uses it as a night light. I am very happy with the product and intend to buy more Hatchbox filament. I was also very happy with Fire Sale Merchant as a vendor. They even contacted me to make sure I got what I wanted. Bruce Buchner,Positive,0.9268,Positive,0.2862745098039216
so far sogood,5.0,Five Stars,B0013BKDO8,A3H8IY7QU15G21,Positive,3,13,Five Stars so far sogood,Neutral,0.0,Neutral,0.1
"I think WD-40 is very good stuff and have been using for many years around the house, shop and jobsite for probably a thousand different things including, locks and hinges, drill chucks, rusty screws and bolts, removing adhesive residue from stickers and labels, surface cleaning gun bluing, fishing reels and tackle, auto repair and a never ending list of other things. Its a quick way to dry out a wet distributor cap and spark plug wires for ignition systems on cars and trucks or eliminating squeaks in vehicle interiors as well as under the hood. I find that it's not always the best product for breaking heavy rust and corrosion or preserving metal outdoors for extended periods, but it is still a very good all around general purpose spray lubricant for many tasks and I always have several cans of it on hand at any given time.",5.0,WD-40 490050 Multi-Use Lubricant Smart Straw Spray 12 OZ,B00IOX8M0A,A2UEH0U5CV3053,Positive,147,835,"WD-40 490050 Multi-Use Lubricant Smart Straw Spray 12 OZ I think WD-40 is very good stuff and have been using for many years around the house, shop and jobsite for probably a thousand different things including, locks and hinges, drill chucks, rusty screws and bolts, removing adhesive residue from stickers and labels, surface cleaning gun bluing, fishing reels and tackle, auto repair and a never ending list of other things. Its a quick way to dry out a wet distributor cap and spark plug wires for ignition systems on cars and trucks or eliminating squeaks in vehicle interiors as well as under the hood. I find that it's not always the best product for breaking heavy rust and corrosion or preserving metal outdoors for extended periods, but it is still a very good all around general purpose spray lubricant for many tasks and I always have several cans of it on hand at any given time.",Positive,0.8793,Positive,0.2804251700680272
nice item,5.0,ok,B00DVBPPGY,A3N3TRD4YGTKUY,Positive,2,9,ok nice item,Positive,0.6124,Positive,0.55
"First of all, kudos to Tool King (TK) for the way they shipped these nails to me; the nails were shipped in bubble mailers, which is normal, but what TK gets credit for here, is that they wrapped each pack of nails in packing tape so even if the package was ruptured somehow the nails wouldn't go everywhere. So thanks for that guys. They also had the best price at a buck cheaper than the local blue borg and free shipping. I bought one from the borg to hold me over and 5 packs from TK. About the nails, they work great. No jams or misfires, just reliable shots every time, though this can also attest to the quality of the brad nailer I have, the&nbsp; Hitachi NT50AE2 . A perfect match. I use the 2"" brads to hold together small butt-jointed paint grade boxes. I could probably go shorter, say 1 5/8"" or even 1 3/4""; but to be honest the 2"" brads were the cheapest and work perfectly fine for my use with no blowouts, misfires or jams, which can occur with nails of lesser quality. I know a whole lot can't be said in a review about nails, but for the small things that count (shipment packaging and quality of the nails), these nails are great. 5 stars for the nails and Tool King, as well as the Hitachi NT50AE2, but that's another review... ;)",5.0,Great Brad Nails and Kudos to Tool King,B000IZY4PO,A1FPIPBIK95J2M,Positive,238,1250,"Great Brad Nails and Kudos to Tool King First of all, kudos to Tool King (TK) for the way they shipped these nails to me; the nails were shipped in bubble mailers, which is normal, but what TK gets credit for here, is that they wrapped each pack of nails in packing tape so even if the package was ruptured somehow the nails wouldn't go everywhere. So thanks for that guys. They also had the best price at a buck cheaper than the local blue borg and free shipping. I bought one from the borg to hold me over and 5 packs from TK. About the nails, they work great. No jams or misfires, just reliable shots every time, though this can also attest to the quality of the brad nailer I have, the&nbsp; Hitachi NT50AE2 . A perfect match. I use the 2"" brads to hold together small butt-jointed paint grade boxes. I could probably go shorter, say 1 5/8"" or even 1 3/4""; but to be honest the 2"" brads were the cheapest and work perfectly fine for my use with no blowouts, misfires or jams, which can occur with nails of lesser quality. I know a whole lot can't be said in a review about nails, but for the small things that count (shipment packaging and quality of the nails), these nails are great. 5 stars for the nails and Tool King, as well as the Hitachi NT50AE2, but that's another review... ;)",Positive,0.9955,Positive,0.3537037037037037
"I've used a number of different versions of such products, and this JB Weld product is my favorite so far. Sets up quickly, bonds well, and has excellent high-temperature properties.",5.0,good quality and price,B00ID8IUJY,A2SQ4D1YGGAQ5T,Positive,30,182,"good quality and price I've used a number of different versions of such products, and this JB Weld product is my favorite so far. Sets up quickly, bonds well, and has excellent high-temperature properties.",Positive,0.9001,Positive,0.3761904761904762
Just a good job,5.0,Five Stars,B0050GW73C,AYIN6ARIRV55J,Positive,4,15,Five Stars Just a good job,Positive,0.4404,Positive,0.7
good value,5.0,Five Stars,B000WGHZYG,AQKUGL4EWQ7IH,Positive,2,10,Five Stars good value,Positive,0.6486,Positive,0.7
"This replaces the HUGE command hooks to hold our winter jackets. The command hooks worked great but they break after a year or so. And at 5-8 bucks to replace them... i stumbled on these. Installed very easy, they look great and will last for years and years.",5.0,The command hooks worked great but they break after a year or so,B004U3U3DC,A2VJ5ALN1BIV3B,Positive,48,259,"The command hooks worked great but they break after a year or so This replaces the HUGE command hooks to hold our winter jackets. The command hooks worked great but they break after a year or so. And at 5-8 bucks to replace them... i stumbled on these. Installed very easy, they look great and will last for years and years.",Positive,0.9755,Positive,0.5605555555555556
"So far I've only used this to patch a crack in the ABS end-caps of my Jeep's radiator. Just put a generous dab of this on, slap a small piece of scrap ABS over that, and let it cure. Worked PERFECTLY. (e.g., my radiator doesn't leak anymore). The smell isn't as bad as I had expected either. Just don't stick your nose right down in it. Looking forward to using this for some fabrication work.",5.0,Patched a Jeep radiator with this!,B000BLIC5S,A18X1SAHMN9HF4,Positive,75,393,"Patched a Jeep radiator with this! So far I've only used this to patch a crack in the ABS end-caps of my Jeep's radiator. Just put a generous dab of this on, slap a small piece of scrap ABS over that, and let it cure. Worked PERFECTLY. (e.g., my radiator doesn't leak anymore). The smell isn't as bad as I had expected either. Just don't stick your nose right down in it. Looking forward to using this for some fabrication work.",Positive,0.9326,Neutral,0.022519841269841287
Fits nicely on the 32 gallon Brute trash can.,5.0,Five Stars,B0001MSC84,A2KHU8B09HD4N0,Positive,9,45,Five Stars Fits nicely on the 32 gallon Brute trash can.,Positive,0.4404,Positive,0.6
Thanks for a the fast service item works great. Highly recommended to every one looking for performance gaffing tape it's awesome.,5.0,great,B003BZRIBK,A3HVB9HKTL1D9C,Positive,21,130,great Thanks for a the fast service item works great. Highly recommended to every one looking for performance gaffing tape it's awesome.,Positive,0.9538,Positive,0.5266666666666667
Got a couple of these to see the temps in some of our rooms in our new house. Helps to troubleshoot the ventilation system.,5.0,Work great,B00DRALJ28,A34YYA5X2VU0NX,Positive,24,123,Work great Got a couple of these to see the temps in some of our rooms in our new house. Helps to troubleshoot the ventilation system.,Positive,0.8176,Positive,0.4681818181818182
Very strong insert,5.0,Insert,B002WC8TPW,A3UUM5KEY0W81Y,Positive,3,18,Insert Very strong insert,Positive,0.5563,Positive,0.5633333333333334
"So far this vice is doing the job. It's a little rough around the edges, lacking a stop to keep from screwing it out too far and a little rough with the screw. I sprayed a little silicone spray on the screw and it works a bit smoother. It's a good vice for minor lightweight work that at typical home owner would be doing. You are not going to crank on this thing like you would a higher quality or stronger vice but it will hold your material. Bessey makes a quality product. A little more refining on the rough edges and this thing would have earned another star. I'm still glad I bought it, the price was right and it works for what I use it for. I do wish I would have gotten the next size up. I also bought the Bessey vice jaw pads with magnets. The pair is a must have. Pros: Price, size, swiveling base, pipe holding or round stock v groves. Great for average home owner an hobby workshop. Cons: Finish is rough, the product received did not look like the product pictured, slight color difference. Rough screw mechanism. Time will tell if this thing holds up. Recommendation: For the price this is a great deal. However I would recommend the next size up. I'd buy it again but would rather have a larger size. Get the jaw pads",4.0,"Great for home workshop, light duty.",B004Q0JRXQ,AQPGVFRAWYFTS,Positive,235,1234,"Great for home workshop, light duty. So far this vice is doing the job. It's a little rough around the edges, lacking a stop to keep from screwing it out too far and a little rough with the screw. I sprayed a little silicone spray on the screw and it works a bit smoother. It's a good vice for minor lightweight work that at typical home owner would be doing. You are not going to crank on this thing like you would a higher quality or stronger vice but it will hold your material. Bessey makes a quality product. A little more refining on the rough edges and this thing would have earned another star. I'm still glad I bought it, the price was right and it works for what I use it for. I do wish I would have gotten the next size up. I also bought the Bessey vice jaw pads with magnets. The pair is a must have. Pros: Price, size, swiveling base, pipe holding or round stock v groves. Great for average home owner an hobby workshop. Cons: Finish is rough, the product received did not look like the product pictured, slight color difference. Rough screw mechanism. Time will tell if this thing holds up. Recommendation: For the price this is a great deal. However I would recommend the next size up. I'd buy it again but would rather have a larger size. Get the jaw pads",Positive,0.9762,Neutral,0.0845648604269294
"This shop vacuum deserves a five star rating based on performance, but the company has managed to save money by having no quality control system. Mine arrived with two incorrect parts and had I noticed the problem at the early stages, I would have packed it up and returned it. But I was well into assembly by the time I recognized the problems. The most serious problem involved the factory installation of two left wheel locks in stead of one left and one right wheel lock. As one can see in the pictures below, both wheel locks have the step plate going in the same direction. I did not notice this problem until I completed installation of the left wheel and upon adding the right wheel noticed it would not go all the way in because the wheel lock had the step going towards instead of away from the wheel (see the second picture below). I solved the problem by cutting off the section that extends towards the wheel and it still works just fine. But the consumer should not be required to do remanufacturing to get things to work. The second problem was that only one of the wheel nuts that was included was a lock nut. The others were all regular nuts and a lock nut is required to hold the wheel on as a regular nut, if tightened down, would prevent the wheel from turning. A lock nut can be tightened just enough to keep the wheel on while allowing for free rotation. I solved the problem by using a thread sealer that served to hold the nut in place. After suffering through assembly, I then used the Shop Vac to clean the basement floor and the work room. It worked beautifully, and was very impressive in terms of suction and the extensions and attachments were of high quality. Indeed, the 8 foot hose is the best vacuum hose I have every seen. Thus, I gave the unit 5 stars for performance and 3 stars for pain and suffering during assembly. My strong recommendation is that you carefully check all the parts including the installed parts and if anything is missing, return it to Amazon for replacement. It is very hard to tell through the plastic whether you have a lock nut or a regular nut, however. But the lock nuts are a lot thicker and have small round marks on two faces which are indentations to make the nut hard to turn on the screw. The company should be dinged for using such a cheap lock nut, and dinged even more for not including the right number. Fortunately, if you or going to buy a shop vac from a company with no quality control, Amazon is a great place to buy such a thing because replacement is so easy. It is unfortunate that something that works so well once assembled is shipped without paying attention to the details, but I still recommend this item because it works so well. It is very solidly built, and moving it up and down the stairs is quite easy because of the design, excellent handle and large rear wheels. Storing all the attachments inside is also very convenient. In summary, just make sure you have all the parts before starting to assemble. And for the cretin who will invariably add a comment that I am the fool for not checking the parts before assembling, I was indeed partially to blame. Let this review prepare you for the fact that this company seems to lack quality control during assembly and parts preparation. But once you get the thing put together, this is indeed a 5 star shop vac.",4.0,Works Great but Terrible Quality Control can make Assembly Challenging,B017EOLHME,AWNFFBJ6J1PSW,Positive,617,3350,"Works Great but Terrible Quality Control can make Assembly Challenging This shop vacuum deserves a five star rating based on performance, but the company has managed to save money by having no quality control system. Mine arrived with two incorrect parts and had I noticed the problem at the early stages, I would have packed it up and returned it. But I was well into assembly by the time I recognized the problems. The most serious problem involved the factory installation of two left wheel locks in stead of one left and one right wheel lock. As one can see in the pictures below, both wheel locks have the step plate going in the same direction. I did not notice this problem until I completed installation of the left wheel and upon adding the right wheel noticed it would not go all the way in because the wheel lock had the step going towards instead of away from the wheel (see the second picture below). I solved the problem by cutting off the section that extends towards the wheel and it still works just fine. But the consumer should not be required to do remanufacturing to get things to work. The second problem was that only one of the wheel nuts that was included was a lock nut. The others were all regular nuts and a lock nut is required to hold the wheel on as a regular nut, if tightened down, would prevent the wheel from turning. A lock nut can be tightened just enough to keep the wheel on while allowing for free rotation. I solved the problem by using a thread sealer that served to hold the nut in place. After suffering through assembly, I then used the Shop Vac to clean the basement floor and the work room. It worked beautifully, and was very impressive in terms of suction and the extensions and attachments were of high quality. Indeed, the 8 foot hose is the best vacuum hose I have every seen. Thus, I gave the unit 5 stars for performance and 3 stars for pain and suffering during assembly. My strong recommendation is that you carefully check all the parts including the installed parts and if anything is missing, return it to Amazon for replacement. It is very hard to tell through the plastic whether you have a lock nut or a regular nut, however. But the lock nuts are a lot thicker and have small round marks on two faces which are indentations to make the nut hard to turn on the screw. The company should be dinged for using such a cheap lock nut, and dinged even more for not including the right number. Fortunately, if you or going to buy a shop vac from a company with no quality control, Amazon is a great place to buy such a thing because replacement is so easy. It is unfortunate that something that works so well once assembled is shipped without paying attention to the details, but I still recommend this item because it works so well. It is very solidly built, and moving it up and down the stairs is quite easy because of the design, excellent handle and large rear wheels. Storing all the attachments inside is also very convenient. In summary, just make sure you have all the parts before starting to assemble. And for the cretin who will invariably add a comment that I am the fool for not checking the parts before assembling, I was indeed partially to blame. Let this review prepare you for the fact that this company seems to lack quality control during assembly and parts preparation. But once you get the thing put together, this is indeed a 5 star shop vac.",Positive,0.9358,Positive,0.14514213564213566
"Like everyone I have used all kinds of mops over the years. Sponge mops, stringy mops, squeegy mops... you name it I have I tried it. So when I got the chance to review this Rubbermaid commercial maximizer mop I didn't expect a whole lot of difference. I couldn't have been more wrong! This mop absorbs well yet does not feel heavy. It also cleans well without feeling mushy or leaving a lot of water. This does cost more than the other mop heads I have used (most of the others come with a handle for less than the cost of just this mop head) but considering how well this works it is definitely worth the initial cost.",5.0,Pricey But Works Very Well,B00Q4MJ5AE,A35IX2GE0VC0JP,Positive,118,620,"Pricey But Works Very Well Like everyone I have used all kinds of mops over the years. Sponge mops, stringy mops, squeegy mops... you name it I have I tried it. So when I got the chance to review this Rubbermaid commercial maximizer mop I didn't expect a whole lot of difference. I couldn't have been more wrong! This mop absorbs well yet does not feel heavy. It also cleans well without feeling mushy or leaving a lot of water. This does cost more than the other mop heads I have used (most of the others come with a handle for less than the cost of just this mop head) but considering how well this works it is definitely worth the initial cost.",Positive,0.9456,Neutral,0.09027777777777778
They work,5.0,What I needed,B000J2FKY0,A15H8RIZQK5DON,Positive,2,9,What I needed They work,Neutral,0.0,Neutral,0.0
Great,5.0,Five Stars,B006EGAIII,A3FUEWPQIS1QK8,Positive,1,5,Five Stars Great,Positive,0.6249,Positive,0.8
Thanks.......,4.0,Four Stars,B001E5ZWT4,A22X8IFJ05LYWR,Positive,1,13,Four Stars Thanks.......,Positive,0.4404,Positive,0.2
Perfect for burger storage and grilling. Beats tearing parchment or wax paper yourself.,5.0,nice time saver,B001CDTZYQ,AV0B6NGGOAISO,Positive,13,87,nice time saver Perfect for burger storage and grilling. Beats tearing parchment or wax paper yourself.,Positive,0.7579,Positive,0.8
Good Job,5.0,Five Stars,B000LGT0GI,A29VNBB2RLQJ7U,Positive,2,8,Five Stars Good Job,Positive,0.4404,Positive,0.7
As advertised,5.0,Five Stars,B005Z4RA5O,AN651O7Y3GKNO,Positive,2,13,Five Stars As advertised,Neutral,0.0,Neutral,0.0
"MUST HAVE FOR HOME PLUMBING!! I have used torches in tight spaces and had to keep an extinguisher handy and then wait 1/2 hour for fire watch. (this is mandatory for fire safety, if you did not know this check NFPA fire code) With this--it's 2 minutes prep work and you are done!",5.0,MUST HAVE FOR HOME PLUMBING!!,B002ZDK0U0,A1NIBE2WEWDQN3,Positive,53,279,"MUST HAVE FOR HOME PLUMBING!! MUST HAVE FOR HOME PLUMBING!! I have used torches in tight spaces and had to keep an extinguisher handy and then wait 1/2 hour for fire watch. (this is mandatory for fire safety, if you did not know this check NFPA fire code) With this--it's 2 minutes prep work and you are done!",Negative,-0.6449,Positive,0.2857142857142857
"I like the clear epoxies in general, but what I like about this one in particular is the longer work time. It claims 30 minutes, but I am getting 10-15 before it gets a little too viscous to work with(to be fair, I'm using it in an application where it needs to be pretty thin, so you might be okay with it thicker than I require). Regardless, that's a lot better than the 5-minute stuff when you need the extra time.",5.0,Love the longer work time,B000BO5CGW,A2G238PIUUG1XD,Positive,81,417,"Love the longer work time I like the clear epoxies in general, but what I like about this one in particular is the longer work time. It claims 30 minutes, but I am getting 10-15 before it gets a little too viscous to work with(to be fair, I'm using it in an application where it needs to be pretty thin, so you might be okay with it thicker than I require). Regardless, that's a lot better than the 5-minute stuff when you need the extra time.",Positive,0.9676,Positive,0.19810606060606062
"Every once in a while you will run across one that tears as you put it on, but perhaps I just pull too abruptly. I use these things for everything, chopping onions and peppers, mixing pesticide, working on cars, treating wounds on my skateboarder son. You name it and these will do it, just don't try to put them on when your hands are even the slightest bit damp, that doesn't work...EVER.",4.0,"Dynarex Black Nitrile Exam Gloves, Heavy-Duty, Powder Free, Medium",B002UFC3EY,A2YS46W9S4SKXB,Positive,72,390,"Dynarex Black Nitrile Exam Gloves, Heavy-Duty, Powder Free, Medium Every once in a while you will run across one that tears as you put it on, but perhaps I just pull too abruptly. I use these things for everything, chopping onions and peppers, mixing pesticide, working on cars, treating wounds on my skateboarder son. You name it and these will do it, just don't try to put them on when your hands are even the slightest bit damp, that doesn't work...EVER.",Positive,0.1779,Neutral,0.03611111111111112
This stuff is great and lasts a long time. Smooth not sticky and easy to warm if needed.,5.0,Great products used for years .,B0093J2GM4,AIFIR7HW14ONC,Positive,18,88,Great products used for years . This stuff is great and lasts a long time. Smooth not sticky and easy to warm if needed.,Positive,0.8269,Positive,0.4972222222222223
"Very happy with these budget calipers. I have used them for hobby projects for over a year now and I have no complaints. I currently use them at work as a reference only set of calipers. They are just as accurate as our high end industrial calipers, but they are a cheap non validated set that work great for quick measurements at my desk.",4.0,Very happy with these budget calipers,B001AQEZ2W,A14Z4I638VKNXX,Positive,64,339,"Very happy with these budget calipers Very happy with these budget calipers. I have used them for hobby projects for over a year now and I have no complaints. I currently use them at work as a reference only set of calipers. They are just as accurate as our high end industrial calipers, but they are a cheap non validated set that work great for quick measurements at my desk.",Positive,0.9277,Positive,0.4548148148148148
Great bottles. I bought stickers on Amazon for a song that work well as labels - plus they're fun and colorful.,5.0,Precisely as described.,B007Y8UX80,A1989WJVG7DHBK,Positive,21,111,Precisely as described. Great bottles. I bought stickers on Amazon for a song that work well as labels - plus they're fun and colorful.,Positive,0.8807,Positive,0.45000000000000007
Great!,5.0,Five Stars,B00INL0BTS,A7DMM2OH52HST,Positive,1,6,Five Stars Great!,Positive,0.6588,Positive,1.0
"I originally bought the Eagle UI-10-S Red Galvanized Steel Type I Gas Safety Can, 1 gallon Capacity, 8"" Height, 9"" Diameter back in December, opting not to purchase the funnel. And, unless you have another funnel or means to prevent spilling when pouring from it, you really need this Eagle F-15 Funnel, which is specifically designed for Eagle's 1 & 5 gallon cans. Don't get me wrong, the Galvanized Steel Type I Gas Safety Can is a great product, it's just very difficult to pour without some of the gas running down the side of the can, unless you're using a funnel. If you're going to spend the money to buy the canbuy it with the funnel. I finally bought it and it works perfectly!",5.0,"IF YOU BOUGHT THE 1 GAL EAGLE UI-10 GAS OR 5 GAL UI-50 SAFETY CAN, YOU NEED A FUNNEL",B0002YWNLS,A10042M3XO3NET,Positive,125,686,"IF YOU BOUGHT THE 1 GAL EAGLE UI-10 GAS OR 5 GAL UI-50 SAFETY CAN, YOU NEED A FUNNEL I originally bought the Eagle UI-10-S Red Galvanized Steel Type I Gas Safety Can, 1 gallon Capacity, 8"" Height, 9"" Diameter back in December, opting not to purchase the funnel. And, unless you have another funnel or means to prevent spilling when pouring from it, you really need this Eagle F-15 Funnel, which is specifically designed for Eagle's 1 & 5 gallon cans. Don't get me wrong, the Galvanized Steel Type I Gas Safety Can is a great product, it's just very difficult to pour without some of the gas running down the side of the can, unless you're using a funnel. If you're going to spend the money to buy the canbuy it with the funnel. I finally bought it and it works perfectly!",Positive,0.9634,Positive,0.10694444444444444
very good for use!,5.0,Five Stars,B0050GW73C,A34NJHI6IVRRI9,Positive,4,18,Five Stars very good for use!,Positive,0.54,Positive,1.0
outstanding quality but look for the best price. many places at many prices. Since I'm a prime member it came to me in a big box with free standard shipping. I love it!,5.0,outstanding quality but look for the best price. many places at many prices,B0001MSC84,A1LXDAUQ2L45XN,Positive,33,168,outstanding quality but look for the best price. many places at many prices outstanding quality but look for the best price. many places at many prices. Since I'm a prime member it came to me in a big box with free standard shipping. I love it!,Positive,0.9874,Positive,0.5020833333333333
"I am a sculptor and I am doing some construction. These gloves are tough, very tough. They are also comfortable and easy to wear a little loose. I don't like tight gloves. So far I have bought three boxes and I will keep buying them.",5.0,Very tough and comfortable,B002UF6NV8,AKJYKWQPHIYAW,Positive,45,233,"Very tough and comfortable I am a sculptor and I am doing some construction. These gloves are tough, very tough. They are also comfortable and easy to wear a little loose. I don't like tight gloves. So far I have bought three boxes and I will keep buying them.",Positive,0.5515,Neutral,-0.05096611721611721
"I bought this to check alkalinity in my reef tanks. Fast, easy and works well. Repeated testing shows that the system is relatively precise.",5.0,good alkalinity tester,B005FH2O6G,A1D7ZR0NYWI9FU,Positive,24,140,"good alkalinity tester I bought this to check alkalinity in my reef tanks. Fast, easy and works well. Repeated testing shows that the system is relatively precise.",Positive,0.7845,Positive,0.43333333333333335
heavy duty,5.0,heavy duty,B000B4GTX2,ADIR7WCXTAK9Q,Positive,2,10,heavy duty heavy duty,Neutral,0.0,Negative,-0.2
"Using these reminds me of the Spatula City add in Wierd Al Yankovich's movie UHF, which is awesome. They're also very good spatulas. Don't expect them to be bowl shaped at all--they're for chemistry labs.",5.0,Worthy to be a Spatula City product,B0061OT1A4,AYWAAHK6I21PK,Positive,35,204,"Worthy to be a Spatula City product Using these reminds me of the Spatula City add in Wierd Al Yankovich's movie UHF, which is awesome. They're also very good spatulas. Don't expect them to be bowl shaped at all--they're for chemistry labs.",Positive,0.8805,Positive,0.7477777777777778
Excellent product as advertised!,5.0,Five Stars,B0000DH8I8,A34Y2UA4SWAXJ8,Positive,4,32,Five Stars Excellent product as advertised!,Positive,0.6114,Positive,1.0
"I rigged up a large shade sail with this stuff and some nicopress fittings and turnbuckles, and cranked it down tight. It lasted for a couple years, until a giant wind gust slapped the place, which ripped the shade sail and snapped off the 4x4"" post to which it was anchored, throwing the whole mess across the driveway. The turnbuckles got bent, and they were pretty burly. The wire rope, however, was fine. For an engineered use, call an engineer, but for any household rigging, this ought to be plenty strong. They say 340 lbs breaking strength, but that's some sort of absurd legal nonsense; the real minimum breaking strength is more like 1700 lbs according to our friend Google. Stainless, so it stays pretty, even outside, forever. This is about the biggest cable you can make a reasonably small eyelet in, and I never need anything bigger for random rigging. This and 1/16"" do everything for me.",5.0,"Awesome, strong",B000NCS6GK,A17OA5A06LI2C1,Positive,158,903,"Awesome, strong I rigged up a large shade sail with this stuff and some nicopress fittings and turnbuckles, and cranked it down tight. It lasted for a couple years, until a giant wind gust slapped the place, which ripped the shade sail and snapped off the 4x4"" post to which it was anchored, throwing the whole mess across the driveway. The turnbuckles got bent, and they were pretty burly. The wire rope, however, was fine. For an engineered use, call an engineer, but for any household rigging, this ought to be plenty strong. They say 340 lbs breaking strength, but that's some sort of absurd legal nonsense; the real minimum breaking strength is more like 1700 lbs according to our friend Google. Stainless, so it stays pretty, even outside, forever. This is about the biggest cable you can make a reasonably small eyelet in, and I never need anything bigger for random rigging. This and 1/16"" do everything for me.",Positive,0.9821,Positive,0.12088057445200304
Just put this on my Wanhao i3 clone and it doesn't even get warm when I crank the bed all the way up to 120c. Would have given it 5 stars but the signal wire has a stripe on it which I almost wired up to the positive signal out from the melzi board till I looked closely at the Biqu board and a tiny + was on the side without the stripe.,4.0,Just put this on my Wanhao i3 clone and it ...,B01HEQVQAK,A22VFC1ZHBAFRZ,Positive,73,337,Just put this on my Wanhao i3 clone and it ... Just put this on my Wanhao i3 clone and it doesn't even get warm when I crank the bed all the way up to 120c. Would have given it 5 stars but the signal wire has a stripe on it which I almost wired up to the positive signal out from the melzi board till I looked closely at the Biqu board and a tiny + was on the side without the stripe.,Positive,0.6775,Positive,0.27575757575757576
"Purchased the USB3.0 version - very happy, display is nice and easy to read - function button takes some getting used to but I got it.",5.0,USB3.0 version has great features,B00XL2Y8L6,A1PPLJ8OCPGO7M,Positive,26,134,"USB3.0 version has great features Purchased the USB3.0 version - very happy, display is nice and easy to read - function button takes some getting used to but I got it.",Positive,0.7843,Positive,0.7083333333333333
"Unlike some other reviewers who make candles/soap or work with lead, I don't have a recurring use case for needing a accurate, non-contact temperature readings. Which doesn't mean this isn't great fun, and potentially very useful. Here are some remotely measured temperature values (all Fahrenheit from around the house): Freezer compartment (kitchen refrigerator/freezer): -10.3 degrees Freezer compartment (garage refrigerator/freezer): 2.0 degrees Refrigerator compartment (kitchen refrigerator/freezer): 38.8 degrees Refrigerator compartment (garage refrigerator/freezer): 43.3 degrees Dog's back (short hair, indoors): 88.1 degrees Dog's belly (exposed skin): 92.3 degrees Own cheek (interior): 98.4 degrees Own skin (forearm): 91.2 degrees Grass at dusk (ambient air temp: 77 degrees): 64 degrees Asphalt driveway at dusk (after daytime high of 83 degrees): 78 degrees No wonder the cat sleeps on the driveway. All of these temperatures are where I would expect them to fall, and so I'm confident of the claimed ""plus/minus 2 degrees (C) accuracy. Unit ships with a 9V battery and a decent user guide. Select with confidence. Note: This item provided for review purposes.",5.0,Who knew a thermometer could be so much fun...,B00JCFPODM,A3CW0ZLUO5X2B1,Positive,171,1177,"Who knew a thermometer could be so much fun... Unlike some other reviewers who make candles/soap or work with lead, I don't have a recurring use case for needing a accurate, non-contact temperature readings. Which doesn't mean this isn't great fun, and potentially very useful. Here are some remotely measured temperature values (all Fahrenheit from around the house): Freezer compartment (kitchen refrigerator/freezer): -10.3 degrees Freezer compartment (garage refrigerator/freezer): 2.0 degrees Refrigerator compartment (kitchen refrigerator/freezer): 38.8 degrees Refrigerator compartment (garage refrigerator/freezer): 43.3 degrees Dog's back (short hair, indoors): 88.1 degrees Dog's belly (exposed skin): 92.3 degrees Own cheek (interior): 98.4 degrees Own skin (forearm): 91.2 degrees Grass at dusk (ambient air temp: 77 degrees): 64 degrees Asphalt driveway at dusk (after daytime high of 83 degrees): 78 degrees No wonder the cat sleeps on the driveway. All of these temperatures are where I would expect them to fall, and so I'm confident of the claimed ""plus/minus 2 degrees (C) accuracy. Unit ships with a 9V battery and a decent user guide. Select with confidence. Note: This item provided for review purposes.",Positive,0.8296,Positive,0.2452777777777778
Great product,5.0,Great price,B003Y49R7G,A4GS8B8G3Q7QE,Positive,2,13,Great price Great product,Positive,0.8481,Positive,0.8
These are the best I have found. The cone-like center offers some additional dampening so they are very quiet. I have put them everywhere...somewhat addictive.,5.0,Great impact and sound dampening for cabinet doors.,B0075E9T2Y,A2M46TW89BIJBM,Positive,25,159,Great impact and sound dampening for cabinet doors. These are the best I have found. The cone-like center offers some additional dampening so they are very quiet. I have put them everywhere...somewhat addictive.,Positive,0.8519,Positive,0.31428571428571433
"Oddly, I had a little trouble with the black Hatchbox PLA filament, yet this red was just fine. Hatchbox needs a little help sticking to the base plate on my ROBO, so the plate gets a shot of hairspray to help it stick. Every printer has it's little quirks, just like each sewing machine has its own personality. This one worked out nicely in my printer, ending in clean fabrications.",5.0,Nice Red PLA,B00J0GO8I0,A2YKWYC3WQJX5J,Positive,70,384,"Nice Red PLA Oddly, I had a little trouble with the black Hatchbox PLA filament, yet this red was just fine. Hatchbox needs a little help sticking to the base plate on my ROBO, so the plate gets a shot of hairspray to help it stick. Every printer has it's little quirks, just like each sewing machine has its own personality. This one worked out nicely in my printer, ending in clean fabrications.",Positive,0.9207,Neutral,0.049107142857142856
"Bug Restoration. I'm in the midst of a VW Bug restoration and am getting tired have getting over charged for small simple grommets. I bought this variety pack and they fit great and are working perfectly. Save yourself some money, this pack works just fine.",5.0,"To Bug, or not to bug.  That is the question.",B000OUZB8C,A2F91L8SQH2KGU,Positive,45,257,"To Bug, or not to bug.  That is the question. Bug Restoration. I'm in the midst of a VW Bug restoration and am getting tired have getting over charged for small simple grommets. I bought this variety pack and they fit great and are working perfectly. Save yourself some money, this pack works just fine.",Positive,0.9022,Positive,0.28095238095238095
Works as advertised.,4.0,Get Stuck today,B001005TX2,A1OB2H416ARLFJ,Positive,3,20,Get Stuck today Works as advertised.,Negative,-0.25,Neutral,0.0
I love irwin step bits and this one wasn't an exception. Took out nice soft copper very easily. with no real signs of wear after going through about 1/4 of copper.,5.0,Always happy with irwin step bits.,B00004THYY,A1D2ZNNV87AKX,Positive,31,163,Always happy with irwin step bits. I love irwin step bits and this one wasn't an exception. Took out nice soft copper very easily. with no real signs of wear after going through about 1/4 of copper.,Positive,0.8985,Positive,0.41055555555555556
This sanding disc last just as long as some of the high dollar ones that I have used in the past. Great value for your money. I used this disc for grinding down welds for seamless weld lines along grinding steel for shaping corners and angles in metal fabrication. I will order this product again.,5.0,Great value for your money,B015YKJCHM,A1QQ7N6OCDQM90,Positive,55,297,Great value for your money This sanding disc last just as long as some of the high dollar ones that I have used in the past. Great value for your money. I used this disc for grinding down welds for seamless weld lines along grinding steel for shaping corners and angles in metal fabrication. I will order this product again.,Positive,0.9186,Positive,0.17555555555555558
Perfect!,5.0,Great to find replacements for these lockers,B011LVVIS4,ASJDWJJ7YXH9O,Positive,1,8,Great to find replacements for these lockers Perfect!,Positive,0.8439,Positive,0.9
Worked well for my 3d printer filament box. Enough space to clear 1.75mm filament. Takes a long time to ship.,5.0,exactly what I needed.,B009ERTLRI,A16CJE46CQ3OP,Positive,20,109,exactly what I needed. Worked well for my 3d printer filament box. Enough space to clear 1.75mm filament. Takes a long time to ship.,Positive,0.5719,Neutral,0.075
"I love this glass bed, everything is perfect. The glass arrived in perfect condition, no scratch or chip. The bed conducts heat nicely so PLA stick well to the plate, no warping so far. This bed is definitely worth in the long run, much better than using painter's tape.",5.0,I love this glass bed,B00QQ5Q3BI,AQV70AO9ZA9MK,Positive,49,270,"I love this glass bed I love this glass bed, everything is perfect. The glass arrived in perfect condition, no scratch or chip. The bed conducts heat nicely so PLA stick well to the plate, no warping so far. This bed is definitely worth in the long run, much better than using painter's tape.",Positive,0.9755,Positive,0.49444444444444446
I bought this for my grandson so it could hold things he worked on with his dremel tools. It is of good quality and functions as advertised. Very pleased with the product and would recommend it to others.,5.0,Very Good Universal Vise,B0013E2AQY,A1KJ4Y1LD88R51,Positive,38,204,Very Good Universal Vise I bought this for my grandson so it could hold things he worked on with his dremel tools. It is of good quality and functions as advertised. Very pleased with the product and would recommend it to others.,Positive,0.8953,Positive,0.565
Works very well compared to any other brand.,5.0,Perfect,B00HWRO744,A18Z4PYBB9L9RY,Positive,8,44,Perfect Works very well compared to any other brand.,Positive,0.7264,Positive,0.35833333333333334
"Great little package. Would've liked carbon resistors rather than metal-film, but at this price, who really cares?",4.0,Four Stars,B0060FGA8A,A1DMCUMOHBEBES,Positive,17,114,"Four Stars Great little package. Would've liked carbon resistors rather than metal-film, but at this price, who really cares?",Positive,0.8297,Positive,0.35312499999999997
This stuff works great... I put it in my Humvee but with all this political stull going on right now I had to wrap it around my head so it wouldn't explode and amazingly it is working. I might have a little oozing but as of right now my brain is still intact and my skull is not fractured.,5.0,This stuff works great..,B01H2SH92Y,A3EXE7PM89K4C,Positive,59,289,This stuff works great.. This stuff works great... I put it in my Humvee but with all this political stull going on right now I had to wrap it around my head so it wouldn't explode and amazingly it is working. I might have a little oozing but as of right now my brain is still intact and my skull is not fractured.,Positive,0.743,Positive,0.3691326530612245
"Good, sturdy cart... makes taking the trash bins to the curb a lot more convenient. Specifications state that it'll accept 200 lb per bucket, however this cart seems to be able to take much more weight then that. Very well built.",5.0,Rock solid,B00006ICOR,ASY25YMTIC2A9,Positive,41,229,"Rock solid Good, sturdy cart... makes taking the trash bins to the curb a lot more convenient. Specifications state that it'll accept 200 lb per bucket, however this cart seems to be able to take much more weight then that. Very well built.",Positive,0.8173,Positive,0.4000000000000001
I only buy hatchbox. I have ordered 3 spools in the last month. This is the only plastic I can start a long print and walk away and not have to worry about it failing.,5.0,I only buy hatchbox. I have ordered 3 spools ...,B00MEZDRPO,A1OKDHMFVKA1W,Positive,35,167,I only buy hatchbox. I have ordered 3 spools ... I only buy hatchbox. I have ordered 3 spools in the last month. This is the only plastic I can start a long print and walk away and not have to worry about it failing.,Negative,-0.2249,Neutral,-0.01
works great,4.0,Four Stars,B0011YY9YM,A2K4W5KAT62SF,Positive,2,11,Four Stars works great,Positive,0.6249,Positive,0.8
great product,5.0,Five Stars,B00DRALJ28,A139KWDSEDWNBH,Positive,2,13,Five Stars great product,Positive,0.6249,Positive,0.8
Works well.,4.0,Works well.,B00G9IEMJM,A1UVOX5WGQ8SI2,Positive,2,11,Works well. Works well.,Positive,0.4939,Neutral,0.0
"Same feelings for this as I have for the translucent magenta from eSun. This stuff is gorgeous. Be prepared for a challenge if you're not used to PETG, and be sure to read eSun's specific advisories for their PETG formulations. You'll regret ignoring them ;) If you want an amazing effect, pair their translucent ('transparent') colors with ""Natural PETG"" from eSun.",5.0,") If you want an amazing effect, pair their translucent ('transparent') colors with ""Natural ...",B00PRY1792,A3SABME21FQ1AA,Positive,61,366,") If you want an amazing effect, pair their translucent ('transparent') colors with ""Natural ... Same feelings for this as I have for the translucent magenta from eSun. This stuff is gorgeous. Be prepared for a challenge if you're not used to PETG, and be sure to read eSun's specific advisories for their PETG formulations. You'll regret ignoring them ;) If you want an amazing effect, pair their translucent ('transparent') colors with ""Natural PETG"" from eSun.",Positive,0.9524,Positive,0.31666666666666665
"Item as expected, shipped on time!",5.0,Five Stars,B014YTPFT8,A1IYHHZZ4HO6VF,Positive,6,34,"Five Stars Item as expected, shipped on time!",Neutral,0.0,Negative,-0.125
"good screws, less than half the price of the big box stores",5.0,"good assorment, good price",B00VDRKMTS,A32UJ87I6YGQMJ,Positive,12,59,"good assorment, good price good screws, less than half the price of the big box stores",Positive,0.7717,Positive,0.29444444444444434
Worked well for my wet weather application. Seems very strong and can saw and drill it as needed. Good stuff.,5.0,Works well in place of plywood.,B000ILG0E6,A38SM7EBWR16C8,Positive,20,109,Works well in place of plywood. Worked well for my wet weather application. Seems very strong and can saw and drill it as needed. Good stuff.,Positive,0.8655,Positive,0.3877777777777778
"If you ever store things... move things... like to keep things that belong together that go together while they are being store... you NEED these. I love that remotes don't get lost on stuff we are storing. I love that we can keep screws and such (like special allen wrenches) attached to the item we are using or storing. If you're moving... they are a MUST have. Will save a lot stress when trying to find stuff when you get where you're going. Now... these particular ""dispensers"" are just cardboard. You CAN get them that have a plastic ""spinner"" handle which can be nice. BUT... these do work and are cheaper.",5.0,Plastic stretch wrap cardboard dispensers,B01BY3DW9W,A14B4MJ7KZE63B,Positive,111,614,"Plastic stretch wrap cardboard dispensers If you ever store things... move things... like to keep things that belong together that go together while they are being store... you NEED these. I love that remotes don't get lost on stuff we are storing. I love that we can keep screws and such (like special allen wrenches) attached to the item we are using or storing. If you're moving... they are a MUST have. Will save a lot stress when trying to find stuff when you get where you're going. Now... these particular ""dispensers"" are just cardboard. You CAN get them that have a plastic ""spinner"" handle which can be nice. BUT... these do work and are cheaper.",Positive,0.8635,Positive,0.353968253968254
good stuf,5.0,Five Stars,B00MUT58Y2,A39R9GUBPVODKL,Positive,2,9,Five Stars good stuf,Positive,0.4404,Positive,0.7
"This was easy to put together, and it was easy to fill with hot water and the enclosed cleaning solution. It sucks up the water thoroughly (not leaving it soggy wet) and it cleaned the carpets really well. It only has the one tank where you mix the hot water and the cleaning solution together, but the tank is large enough to finish an entire room (where we previously have had to refill once or twice to finish our living room). The brushes seem to work really well and you could see where you had run the machine over the carpet, and where you had not. This helped make the carpet feel softer after the entire process was done. We vacuum the carpet, run the shampoo over the carpet with the cleaning solution, and then using a tank of just hot water, run the machine one more time, let the carpet dry and then vacuum. It looks great when it's done, and since it sucks up the water really well it dries quicker than other machines we have used. The cord did not get hot during use. It is a simple, sturdy carpet cleaner with no bells or whistles, but does exactly as advertised.",4.0,Large enough tank to finish an entire room without the need to refill,B00006I9X4,A2CRIQOX1SYA3I,Positive,204,1080,"Large enough tank to finish an entire room without the need to refill This was easy to put together, and it was easy to fill with hot water and the enclosed cleaning solution. It sucks up the water thoroughly (not leaving it soggy wet) and it cleaned the carpets really well. It only has the one tank where you mix the hot water and the cleaning solution together, but the tank is large enough to finish an entire room (where we previously have had to refill once or twice to finish our living room). The brushes seem to work really well and you could see where you had run the machine over the carpet, and where you had not. This helped make the carpet feel softer after the entire process was done. We vacuum the carpet, run the shampoo over the carpet with the cleaning solution, and then using a tank of just hot water, run the machine one more time, let the carpet dry and then vacuum. It looks great when it's done, and since it sucks up the water really well it dries quicker than other machines we have used. The cord did not get hot during use. It is a simple, sturdy carpet cleaner with no bells or whistles, but does exactly as advertised.",Positive,0.9425,Positive,0.11621510673234814
Great!,5.0,Five Stars,B0018LNQ0Q,A3VG4KT1LIPH1T,Positive,1,6,Five Stars Great!,Positive,0.6588,Positive,1.0
As expected,4.0,As expected,B005UUQNQA,A3GWF0WF1BC81C,Positive,2,11,As expected As expected,Neutral,0.0,Neutral,-0.1
Great for drilling and tapping,5.0,Works great,B00MUT58Y2,A3BSR1TPMAXW3T,Positive,5,30,Works great Great for drilling and tapping,Positive,0.8481,Positive,0.8
I have had one of these for many years and assumed it was accurate. I moved into a townhouse and I have excess moisture in my basement and had to buy a de humidifier to get rid of the moisture. I bought two more of these and have the three of them side by side. The temperature is the same on all three but there are three different readings for the humidity. I don't want to invest in another dehumidifier for my other floors if I don't have too. It is important because if it is 55% or above there is an issue. The three readings are 53 56 and 59. My first one on the left is the only one within the normal range. Does anyone know why this may happen.,4.0,Not accurate,B00DRALJ28,A1JRTDAD17WBQT,Positive,132,653,Not accurate I have had one of these for many years and assumed it was accurate. I moved into a townhouse and I have excess moisture in my basement and had to buy a de humidifier to get rid of the moisture. I bought two more of these and have the three of them side by side. The temperature is the same on all three but there are three different readings for the humidity. I don't want to invest in another dehumidifier for my other floors if I don't have too. It is important because if it is 55% or above there is an issue. The three readings are 53 56 and 59. My first one on the left is the only one within the normal range. Does anyone know why this may happen.,Positive,0.2185,Positive,0.14423076923076922
Five stars says it all.,5.0,Five Stars,B0053PYAWQ,A3PNNCZRLMXJXA,Positive,5,23,Five Stars Five stars says it all.,Neutral,0.0,Neutral,0.0
"Great quality bare wire. Ideal for what I needed, Seems to be pure copper, very flexible and takes solder very well.",5.0,Good quality bare copper wire,B000IJU1ZW,A2WWBIJEHH502,Positive,21,116,"Good quality bare copper wire Great quality bare wire. Ideal for what I needed, Seems to be pure copper, very flexible and takes solder very well.",Positive,0.9323,Positive,0.38928571428571435
"Good clamp, and doe's the job. nuf said",5.0,"Good clamp, and is working well.",B00XAK7E6A,A1RJKTYC03L0JY,Positive,8,39,"Good clamp, and is working well. Good clamp, and doe's the job. nuf said",Positive,0.7845,Positive,0.7
good to have around.,5.0,Five Stars,B000NV8T5Y,A3FTLJ7NU8BKHY,Positive,4,20,Five Stars good to have around.,Positive,0.4404,Positive,0.7
"Works great, but it's very big. About the size of a small dinner plate. I bought it for my cubicle but I had to obscure half of it behind my monitor. When it was fully exposed people kept looking at themselves in the mirror when they walked past, ruining the point entirely.",5.0,"Works great, but it's very big",B002FTOFVY,A3CGZC2MLYFVKK,Positive,52,274,"Works great, but it's very big Works great, but it's very big. About the size of a small dinner plate. I bought it for my cubicle but I had to obscure half of it behind my monitor. When it was fully exposed people kept looking at themselves in the mirror when they walked past, ruining the point entirely.",Positive,0.7356,Neutral,0.05925925925925926
Exactly as described,5.0,Five Stars,B000F76VBK,AFDV5QEESQVBK,Positive,3,20,Five Stars Exactly as described,Neutral,0.0,Positive,0.25
These are low cost and work great for my pond.,5.0,Five Stars,B00AB5XBGY,A1I947AYYVP521,Positive,10,46,Five Stars These are low cost and work great for my pond.,Positive,0.4588,Positive,0.4
Great quality LEDs. I used them for my guitar pedal and they work perfect!,5.0,Great quality and nice and bright.,B00UWBJM0Q,A3RCJDG26PLNTZ,Positive,14,74,Great quality and nice and bright. Great quality LEDs. I used them for my guitar pedal and they work perfect!,Positive,0.9577,Positive,0.78
"As others have noted, this is a fairly light-weight product, not one that appears to be made to handle any amount of abuse. That being said, it does have both NC and NO contacts, is easy to mount, and works fine (for now). My suggestion: at this price, buy two of them so you'll have a spare when the first one gives out.",4.0,Lightweight (don't pound on it!),B004U4911Q,APN50UILUQ3FZ,Positive,63,321,"Lightweight (don't pound on it!) As others have noted, this is a fairly light-weight product, not one that appears to be made to handle any amount of abuse. That being said, it does have both NC and NO contacts, is easy to mount, and works fine (for now). My suggestion: at this price, buy two of them so you'll have a spare when the first one gives out.",Negative,-0.5754,Positive,0.45
Have run two rolls of this now and it does print well with very few clogs. Overhangs are 5-40 deg decent with a fan and 45+ deg are excellent.,4.0,Good filament,B00ME7A1II,APZUGYNAG9D3S,Positive,29,142,Good filament Have run two rolls of this now and it does print well with very few clogs. Overhangs are 5-40 deg decent with a fan and 45+ deg are excellent.,Positive,0.875,Positive,0.4016666666666666
A good grease for use around food.,5.0,Food Grade Lube,B00X4N3SLI,A169ZYVW0IYZJC,Positive,7,34,Food Grade Lube A good grease for use around food.,Positive,0.4404,Positive,0.7
"Picks up debris really well, and the charge lasts enough to clean several rooms.",5.0,Five Stars,B00C351GBC,A2I64I62LBXLE2,Positive,14,80,"Five Stars Picks up debris really well, and the charge lasts enough to clean several rooms.",Positive,0.624,Positive,0.14166666666666666
little box of clamps works good,4.0,Four Stars,B001HWGMBG,A1QLBWM0R0HL22,Positive,6,31,Four Stars little box of clamps works good,Positive,0.4404,Positive,0.25625
Just what I needed,5.0,Buy them. Well worth the price,B00002NC3K,ADC77RCP7JYWE,Positive,4,18,Buy them. Well worth the price Just what I needed,Positive,0.4588,Positive,0.3
god product,5.0,Five Stars,B00O9YQQJM,AQYY3BERPWKB2,Positive,2,11,Five Stars god product,Positive,0.2732,Neutral,0.0
Using this in wine making. Long enough to cut in quarters so I actually have four to use.,4.0,Very good,B01CGVJ9QG,A2P2QJXEQU5BIM,Positive,18,89,Very good Using this in wine making. Long enough to cut in quarters so I actually have four to use.,Positive,0.2716,Positive,0.21499999999999997
Surpassed my expectations. Very accurate extremely fast results. No calibration solutions or mixtures to make simply dip and match.,5.0,Dip and match simple and effective,B00S730YWG,A2HE8K67V7CEQX,Positive,19,131,Dip and match simple and effective Surpassed my expectations. Very accurate extremely fast results. No calibration solutions or mixtures to make simply dip and match.,Neutral,0.0305,Positive,0.264
"This was my first time trying 3D Solutech and I have to say I am impressed with the print quality, value, and price. Right now for PLA, the 3D Solutech will be my go-to brand. I got the red (called real red) -- though it is more of a really hot pink than a true red. As for the print quality it was smooth, consistent with a great finish. I normally print most of my PLA at 210 but this worked well at about 200 C. Aside from the Hot Pink color of the red -- I am very happy with the quality of this PLA. I will be back for more from this brand.",5.0,"Quality, Value, and Price -- but Hot Pink?",B00ME7424W,A3FJW2P6MNJG9I,Positive,115,545,"Quality, Value, and Price -- but Hot Pink? This was my first time trying 3D Solutech and I have to say I am impressed with the print quality, value, and price. Right now for PLA, the 3D Solutech will be my go-to brand. I got the red (called real red) -- though it is more of a really hot pink than a true red. As for the print quality it was smooth, consistent with a great finish. I normally print most of my PLA at 210 but this worked well at about 200 C. Aside from the Hot Pink color of the red -- I am very happy with the quality of this PLA. I will be back for more from this brand.",Positive,0.9807,Positive,0.2798136645962733
great deal,5.0,good price,B00O9XEDES,A4GS8B8G3Q7QE,Positive,2,10,good price great deal,Positive,0.7906,Positive,0.75
Great bags!,5.0,Five Stars,B003ZZUJQM,A3HA6SBYZQHR8B,Positive,2,11,Five Stars Great bags!,Positive,0.6588,Positive,1.0
"3D Solutech is one of my favorite filament providers We go through about 6 rolls every couple of weeks, and the first company i look at to keep my small business running is 3D Solutech. Great filament at a great price!",5.0,Great filament at a great price,B00ME7E5X0,APQU67RNGFYT2,Positive,41,218,"Great filament at a great price 3D Solutech is one of my favorite filament providers We go through about 6 rolls every couple of weeks, and the first company i look at to keep my small business running is 3D Solutech. Great filament at a great price!",Positive,0.967,Positive,0.5571428571428572
I like the assortment and the price. The different colors which are for different gauge wires go together snuggly. A good fit.,5.0,Would buy again if  I wanted more of these connectors,B01FFCVGBE,A1IILNDG864492,Positive,22,126,Would buy again if  I wanted more of these connectors I like the assortment and the price. The different colors which are for different gauge wires go together snuggly. A good fit.,Positive,0.7845,Positive,0.32
great,4.0,Four Stars,B016ME1WH2,A14CQRDT52V77E,Positive,1,5,Four Stars great,Positive,0.6249,Positive,0.8
"Love it. Much, much better than an X-acto knife handle because it provides a better grip and better control. And it doesn't roll off the table and imbed itself in your foot.",5.0,Great Hobby Knife Handle,B0056ZX1R8,A1PHP9P1HJG6O7,Positive,32,173,"Great Hobby Knife Handle Love it. Much, much better than an X-acto knife handle because it provides a better grip and better control. And it doesn't roll off the table and imbed itself in your foot.",Positive,0.9517,Positive,0.5599999999999999
"Just got the chance to try this yesterday on a batch of mead. Of course added yeast energizer and nutrient to batch, rehydrated in a yeast starter and pitched after it started working. Really like this yeast, fast starter and strong fermenter ( airlock is really chuggin' along ). Also low foamer which to me is a big plus.",5.0,Premier Cuvee,B0011DR7II,A19PFUJUA2UGE2,Positive,59,323,"Premier Cuvee Just got the chance to try this yesterday on a batch of mead. Of course added yeast energizer and nutrient to batch, rehydrated in a yeast starter and pitched after it started working. Really like this yeast, fast starter and strong fermenter ( airlock is really chuggin' along ). Also low foamer which to me is a big plus.",Positive,0.8439,Positive,0.17222222222222225
"This paper really upped my brisket game. Previously I was wrapping my briskets with foil and it was causing my brisket to come out more like pulled beef. Using the butcher paper has helped to keep my brisket moist, but firm. While this roll will last me quite a while, I will order a second roll without hesitation.",5.0,This paper really upped my  brisket game.,B00NC5S6OM,A32C4MI7ZBU8DS,Positive,58,315,"This paper really upped my  brisket game. This paper really upped my brisket game. Previously I was wrapping my briskets with foil and it was causing my brisket to come out more like pulled beef. Using the butcher paper has helped to keep my brisket moist, but firm. While this roll will last me quite a while, I will order a second roll without hesitation.",Positive,0.4797,Neutral,-0.02962962962962963
Now i don't have to run to the hardware store every time i need another sized screw.,5.0,Five Stars,B01BRUHKYU,A1HT3JYAEHQ9VC,Positive,17,84,Five Stars Now i don't have to run to the hardware store every time i need another sized screw.,Negative,-0.1027,Neutral,0.0
No Complaints.,5.0,Five Stars,B00J0GMMP6,ARN3DS0RAIKID,Positive,2,14,Five Stars No Complaints.,Positive,0.3089,Neutral,0.0
Good polisher for small things,5.0,Good Polisher,B006Z6YQEE,A13MV5C3JJ40LH,Positive,5,30,Good Polisher Good polisher for small things,Positive,0.7003,Positive,0.3833333333333333
Great ammo,5.0,Good deal,B01H0IZ7IY,A378HSGYFXISSJ,Positive,2,10,Good deal Great ammo,Positive,0.7906,Positive,0.75
"Purchased these to assist in model building where I need a good, square surface to brace & hold pieces to while assembling and allowing glue to dry. I use these blocks on a piece of painted sheet steel along with magnets of various shapes & sizes and am able to brace model building walls at a perfect angle. Blocks can be screwed together, used with magnets and are weighty enough to stay in place for most model projects. NOTE: you will need to clean these of the machine oil that's coating them so expect some surface rust over time. I recommend some silicone spray to replace the machine oil when used for model building. You will still have to be aware of the silicone and clean your model pieces accordingly and as needed. Just a FYI...",5.0,Great generic 1-2-3 blocks helpful for model assembly at a reasonable price,B00OYK6G78,A2SUZSCY5LWMT,Positive,136,742,"Great generic 1-2-3 blocks helpful for model assembly at a reasonable price Purchased these to assist in model building where I need a good, square surface to brace & hold pieces to while assembling and allowing glue to dry. I use these blocks on a piece of painted sheet steel along with magnets of various shapes & sizes and am able to brace model building walls at a perfect angle. Blocks can be screwed together, used with magnets and are weighty enough to stay in place for most model projects. NOTE: you will need to clean these of the machine oil that's coating them so expect some surface rust over time. I recommend some silicone spray to replace the machine oil when used for model building. You will still have to be aware of the silicone and clean your model pieces accordingly and as needed. Just a FYI...",Positive,0.9436,Positive,0.35512820512820514
bought a case of these for a good price here. the gloves are pretty much the same as I've used in a lab.,5.0,bought a case of these for a good price here,B005X0TUO4,A3QDX8RSDPN63X,Positive,23,104,bought a case of these for a good price here bought a case of these for a good price here. the gloves are pretty much the same as I've used in a lab.,Positive,0.8402,Positive,0.37
Works as well as their plain silver duct tape. 3M makes some of the best products on earth and buying their stuff helps the American economy. It works good for what I need it for and it's a nice deep black color.,5.0,Really Sticky,B0013AX6FC,A38K8LLAIZVLW3,Positive,42,212,Really Sticky Works as well as their plain silver duct tape. 3M makes some of the best products on earth and buying their stuff helps the American economy. It works good for what I need it for and it's a nice deep black color.,Positive,0.9274,Positive,0.2648809523809524
"Nice dispenser, wire doesn't end up all over the place",4.0,Four Stars,B005VR49D6,A1U62RSVMHY382,Positive,10,54,"Four Stars Nice dispenser, wire doesn't end up all over the place",Positive,0.4215,Positive,0.6
Nice for the money,4.0,Four Stars,B000KIEPSA,A22TNWQ3Q01YRU,Positive,4,18,Four Stars Nice for the money,Positive,0.4215,Positive,0.6
Quality Product,5.0,Five Stars,B000ILJZN4,A29FIWRDELQBWR,Positive,2,15,Five Stars Quality Product,Neutral,0.0,Neutral,0.0
Very accurate. As in spot on reference blocks. Highly recommend this for hobbyists.,5.0,Highly recommend this for hobbyists,B000EJUBBU,A2BGOGMIOS67KA,Positive,13,83,Highly recommend this for hobbyists Very accurate. As in spot on reference blocks. Highly recommend this for hobbyists.,Positive,0.5699,Positive,0.2800000000000001
Working well as needed. No leaking so far.,5.0,Works well.,B00JX1KXUE,A2QRXCDOKWJS19,Positive,8,42,Works well. Working well as needed. No leaking so far.,Positive,0.25,Neutral,0.1
"I use this to check to see if my R/O membrane needs replacing, For the fun of it, I started checking everyone else's TAP water for TDS. Very easy to use.",5.0,works great for testing R/O membrane and tap water TDS,B000VTQM70,A37G5OT3JNNHOD,Positive,31,153,"works great for testing R/O membrane and tap water TDS I use this to check to see if my R/O membrane needs replacing, For the fun of it, I started checking everyone else's TAP water for TDS. Very easy to use.",Positive,0.8908,Positive,0.5544444444444445
They have turned out to be very useful.,5.0,Five Stars,B0000DGAMO,AJCHGM7BF7ZY1,Positive,8,39,Five Stars They have turned out to be very useful.,Positive,0.4927,Positive,0.39
"Feel exactly like the Model Magic clay, it is very easy to handle and sculpture the missing sections of the wood.",5.0,Excellent product,B0015YPIZW,A3RU4PQTBD5RXO,Positive,21,113,"Excellent product Feel exactly like the Model Magic clay, it is very easy to handle and sculpture the missing sections of the wood.",Positive,0.8016,Positive,0.42266666666666663
Perfect for oil/gas mixing ratios. Glass makes it easy cleanup and side markings for exact measurements.,5.0,"A ""measuring cup"" for the garage/shop",B004DGIII8,A3MZ5Z19LPEI4,Positive,16,104,"A ""measuring cup"" for the garage/shop Perfect for oil/gas mixing ratios. Glass makes it easy cleanup and side markings for exact measurements.",Positive,0.765,Positive,0.5611111111111111
"Discovering this product was the greatest day of my life. For far too long I've spent hours ladling a cup of oil at a time through a piece of cheesecloth after frying to strain out the gunk. NO MORE. Stack a 100 and a 200 micron insert above a 5-gallon bucket from Orange or Blue and just dump in the oil. In seconds, the oil is as clean as you'll get it and ready to use next go-round.",5.0,Greatest.  Invention.  Ever.,B003EDZOBU,AFS2QM7HV5HD9,Positive,78,386,"Greatest.  Invention.  Ever. Discovering this product was the greatest day of my life. For far too long I've spent hours ladling a cup of oil at a time through a piece of cheesecloth after frying to strain out the gunk. NO MORE. Stack a 100 and a 200 micron insert above a 5-gallon bucket from Orange or Blue and just dump in the oil. In seconds, the oil is as clean as you'll get it and ready to use next go-round.",Positive,0.8346,Positive,0.20606060606060608
They are what they are- so they get the five star!,5.0,Five Stars,B000B4GTX2,A12YZM3588VQB2,Positive,11,50,Five Stars They are what they are- so they get the five star!,Neutral,0.0,Neutral,0.0
Just fabulous stuff. See my review of other Rescue tape.,5.0,Fabulous stuff.,B000ZTEPWU,A33N5SFDGYZSAH,Positive,10,56,Fabulous stuff. Just fabulous stuff. See my review of other Rescue tape.,Positive,0.8779,Positive,0.225
"I love the design on this shop vacuum. The wall mount is a great feature, especially in the garage when coupled with the 21' hose length. A thick plastic mounting plate is easy to attach to the wall and from there, it's simple to hang the vacuum. There are two hoses than combine to get the 21' length. You can reach a good distance with the 20' cord length as well, so between the length of the hose and the power cord, you can cover a lot of area. The hose is 2"" in diameter and can suck up good size debris. RIGID makes a few different filter types for different uses. Mine is just for standard vacuuming, so I don't have need for the fine particle filters, etc. Still, it's nice to have that option. It comes with the Utility Nozzle, Dusting Brush, 2 Extension Wands, Car Nozzle (with LED light), Crevice Tool, Diffuser, One Qwik Lock Filter, a 14 Foot Hose and a 7 Foot Hose - and again - both hoses can be hooked together. One hose is a 14' Tug-a-Long and the other is a 7' expanding hose. It's not too loud, it sounds as loud as our air conditioning unit, so not quiet, but not too bad. The suction power is very strong, even with both hoses in use. It's a reasonably priced shop vacuum that has a lot of great features, plus is has a lifetime warranty against material defects and workmanship.",5.0,"Versatile, powerful shop vacuum in a smaller size",B017EOLGVQ,A122SFGLAHQLSJ,Positive,248,1301,"Versatile, powerful shop vacuum in a smaller size I love the design on this shop vacuum. The wall mount is a great feature, especially in the garage when coupled with the 21' hose length. A thick plastic mounting plate is easy to attach to the wall and from there, it's simple to hang the vacuum. There are two hoses than combine to get the 21' length. You can reach a good distance with the 20' cord length as well, so between the length of the hose and the power cord, you can cover a lot of area. The hose is 2"" in diameter and can suck up good size debris. RIGID makes a few different filter types for different uses. Mine is just for standard vacuuming, so I don't have need for the fine particle filters, etc. Still, it's nice to have that option. It comes with the Utility Nozzle, Dusting Brush, 2 Extension Wands, Car Nozzle (with LED light), Crevice Tool, Diffuser, One Qwik Lock Filter, a 14 Foot Hose and a 7 Foot Hose - and again - both hoses can be hooked together. One hose is a 14' Tug-a-Long and the other is a 7' expanding hose. It's not too loud, it sounds as loud as our air conditioning unit, so not quiet, but not too bad. The suction power is very strong, even with both hoses in use. It's a reasonably priced shop vacuum that has a lot of great features, plus is has a lifetime warranty against material defects and workmanship.",Positive,0.9719,Positive,0.18120689655172412
These worked great at a children's science-themed birthday party. They were easy to use for little hands and looked great. They were featured at 2 different science tables. We used them at one table to pipette vinegar into a cabbage indicator solution in an acid base experiment and at another table we used them to pipette water drops onto a penny in a surface tension experiment. They worked great for both. Very pleased.,5.0,These worked great at a children's science-themed birthday party,B005IQTSE0,A1K3P0NVB96B98,Positive,73,423,These worked great at a children's science-themed birthday party These worked great at a children's science-themed birthday party. They were easy to use for little hands and looked great. They were featured at 2 different science tables. We used them at one table to pipette vinegar into a cabbage indicator solution in an acid base experiment and at another table we used them to pipette water drops onto a penny in a surface tension experiment. They worked great for both. Very pleased.,Positive,0.9816,Positive,0.36620370370370364
Nice but wish it had a little more power.,4.0,Move Along...,B01F7Q1K3W,A1UTL7SY8ZOO5W,Positive,9,41,Move Along... Nice but wish it had a little more power.,Positive,0.6652,Positive,0.30416666666666664
"Work as expected. Shipping takes about 3 weeks, though, because it comes from China.",5.0,Five Stars,B0094GRZPE,AE0BMVEVVU6DQ,Positive,14,84,"Five Stars Work as expected. Shipping takes about 3 weeks, though, because it comes from China.",Neutral,0.0,Neutral,-0.1
"I have had zero problems with any ABS or PLA Hatchbox filament. After trying several brands, I am sticking exclusively to Hatchbox.",5.0,Great value. Works better than filament that costs twice as much.,B00J0H3PG0,A1WRX15Q9CFOD3,Positive,22,131,"Great value. Works better than filament that costs twice as much. I have had zero problems with any ABS or PLA Hatchbox filament. After trying several brands, I am sticking exclusively to Hatchbox.",Positive,0.7717,Positive,0.375
Pros: - Very good deal for 79 pieces (not counting screws) in lieu of buying individual packages of hooks - Good variety (though it could better if it contained smaller quantities of a greater variety of hooks) - Quality of all components is good Cons: - Made in comm't China,5.0,"Decent variety of pegboard hooks & bins, good quality, but made in China",B00CKJBDSC,A1UKCJZY216NGF,Positive,50,275,"Decent variety of pegboard hooks & bins, good quality, but made in China Pros: - Very good deal for 79 pieces (not counting screws) in lieu of buying individual packages of hooks - Good variety (though it could better if it contained smaller quantities of a greater variety of hooks) - Quality of all components is good Cons: - Made in comm't China",Positive,0.9724,Positive,0.4640740740740741
What we needed,4.0,Four Stars,B004YK2KSM,ARATGEFF77T7H,Positive,3,14,Four Stars What we needed,Neutral,0.0,Neutral,0.0
This has multiple uses and is worth the money over small tubes in large shops. Small shops may benifit from smaller tubes in that it will stay fresh,5.0,Works great,B00LXW06R6,A14ZNAJZ4LDVB1,Positive,28,148,Works great This has multiple uses and is worth the money over small tubes in large shops. Small shops may benifit from smaller tubes in that it will stay fresh,Positive,0.8074,Positive,0.1392857142857143
comfortable glasses. the rubber blocks your view downward a bit but not a big deal. would buy again,4.0,Four Stars,B00AEXKR4C,A1A651KVL8TEMQ,Positive,18,99,Four Stars comfortable glasses. the rubber blocks your view downward a bit but not a big deal. would buy again,Positive,0.1779,Positive,0.2
"This is an excellent reflex hammer, especially for the price. I had bought a queen square but the end is so long, it's a hazard sticking out of a white coat pocket. This has just as nice a swing to it and is much more compact. It also seems like it will hold up very well even with daily use.",5.0,Much better than the queens square,B000J0HDUG,ATN552TF5V40Z,Positive,60,292,"Much better than the queens square This is an excellent reflex hammer, especially for the price. I had bought a queen square but the end is so long, it's a hazard sticking out of a white coat pocket. This has just as nice a swing to it and is much more compact. It also seems like it will hold up very well even with daily use.",Positive,0.9237,Positive,0.3055555555555556
Worked great for my onboard water pump setup onmy Jeep.,5.0,Five Stars,B006PKMW4Q,A38S1KZE0GNT8G,Positive,10,55,Five Stars Worked great for my onboard water pump setup onmy Jeep.,Positive,0.6249,Positive,0.8
"Works very good for my application, adjustable temperature on/off separation",5.0,Could use better documentation.,B00OXPE8U6,A1U8IYW02VIF3S,Positive,10,76,"Could use better documentation. Works very good for my application, adjustable temperature on/off separation",Positive,0.7264,Positive,0.705
Great dispensing needles. use these for working with ejuices and DYI mixes. They're excellent for that and cheap enough to be disposable.,5.0,Great needles.,B00AFCH5XS,A15XI2BEGGFEOW,Positive,22,137,Great needles. Great dispensing needles. use these for working with ejuices and DYI mixes. They're excellent for that and cheap enough to be disposable.,Positive,0.9169,Positive,0.6
"The first Super Glue I have ever bought that actually works. The gel formula really helps the glue stay where you wanted it, it doesn't run all over the place and onto your fingers. I have glued the sidewall of a car tire, plastics, ceramic and formica. All have held up with no problems. Great glue.",5.0,The only super glue that actually works,B00CJ5EO2E,A2X045MU5L6QXP,Positive,56,300,"The only super glue that actually works The first Super Glue I have ever bought that actually works. The gel formula really helps the glue stay where you wanted it, it doesn't run all over the place and onto your fingers. I have glued the sidewall of a car tire, plastics, ceramic and formica. All have held up with no problems. Great glue.",Positive,0.8644,Positive,0.23958333333333331
"Completely the best bang for your buck and great sound quality too, both on the small drum for my newborns heartbeats and the large drum for my wife when she gets a cold. It helps me distinguish between either a nasal congestion cold or were she actually has phlegm in her lungs as you can clearly hear the sound difference.",5.0,Here on my uses for this wonderful stethoscope...,B000FEM392,A3RYVZ9T4LXPRZ,Positive,60,324,"Here on my uses for this wonderful stethoscope... Completely the best bang for your buck and great sound quality too, both on the small drum for my newborns heartbeats and the large drum for my wife when she gets a cold. It helps me distinguish between either a nasal congestion cold or were she actually has phlegm in her lungs as you can clearly hear the sound difference.",Positive,0.9599,Positive,0.2136904761904762
All good work well,5.0,All good,B01GQMTYI4,A1AO6PX13V3P9I,Positive,4,18,All good All good work well,Positive,0.7845,Positive,0.7
Works great,5.0,Five Stars,B00OXPE8U6,A2XKOIR0VK0NVZ,Positive,2,11,Five Stars Works great,Positive,0.6249,Positive,0.8
nice,5.0,Five Stars,B0024J97BI,A1OKUNKU2PL7CC,Positive,1,4,Five Stars nice,Positive,0.4215,Positive,0.6
good deal,5.0,Five Stars,B0143LD8QY,A4TOWU0HNIVGZ,Positive,2,9,Five Stars good deal,Positive,0.4404,Positive,0.7
I ordered these to do a slime making activity with my 3rd graders and thought these would be perfect because of the size and the lids. They fit 1/2 cup of liquid and are about the size of a jello cup. I was really happy with these and ordered even more but I took a star off because the kids do NOT snap on easily.,4.0,Great For Slime!,B009VSFZDO,A3L0WPGLQWBL11,Positive,65,314,Great For Slime! I ordered these to do a slime making activity with my 3rd graders and thought these would be perfect because of the size and the lids. They fit 1/2 cup of liquid and are about the size of a jello cup. I was really happy with these and ordered even more but I took a star off because the kids do NOT snap on easily.,Positive,0.7082,Positive,0.5904761904761905
Fit great,5.0,Five Stars,B000XUB6JG,AHVEAUVZY1A6Y,Positive,2,9,Five Stars Fit great,Positive,0.765,Positive,0.6000000000000001
Perfect.,5.0,Five Stars,B00NVG78ZK,A3T84YB60ZXHVE,Positive,1,8,Five Stars Perfect.,Positive,0.5719,Positive,1.0
Just like 90+ percent of everyone else who raves about this product so shall I. The brand name (3M) should tell you right off that you are buying a top shelf product. Sometimes I get lucky when I buy an unknown name brand but in this case I didn't risk the possibility of receiving a dud. I purchased a similar item from Harbor Freight with satisfactory results. The main differences that I noticed between the 3M brand and the no-name brand were as follows: The no-name brand was: Difficult to peel away the backing. I eventually perfected my technique but it took some time. Tape was thinner to start out and stretched to near infinity. (Good and bad depending on the application) After applying the tape to a split or cracked surface the tape split as well. The no-name brand is available at most hardware stores in case you need it ASAP. 3M brand is: Stronger The backing peels away easily. Will not stretch to infinity Has not split (so far) when applied to cracked surfaces.,5.0,I like this tape a lot,B001CGVEXS,A26CPEMD4T2EU1,Positive,176,980,I like this tape a lot Just like 90+ percent of everyone else who raves about this product so shall I. The brand name (3M) should tell you right off that you are buying a top shelf product. Sometimes I get lucky when I buy an unknown name brand but in this case I didn't risk the possibility of receiving a dud. I purchased a similar item from Harbor Freight with satisfactory results. The main differences that I noticed between the 3M brand and the no-name brand were as follows: The no-name brand was: Difficult to peel away the backing. I eventually perfected my technique but it took some time. Tape was thinner to start out and stretched to near infinity. (Good and bad depending on the application) After applying the tape to a split or cracked surface the tape split as well. The no-name brand is available at most hardware stores in case you need it ASAP. 3M brand is: Stronger The backing peels away easily. Will not stretch to infinity Has not split (so far) when applied to cracked surfaces.,Positive,0.9526,Positive,0.1446031746031746
Use them for many things. Like the size only wish they came in a dispenser.,5.0,Like the size only wish they came in a dispenser,B0040ZOFU2,A366TR0QWZ10U9,Positive,15,75,Like the size only wish they came in a dispenser Use them for many things. Like the size only wish they came in a dispenser.,Positive,0.8555,Positive,0.16666666666666666
Exactly what I needed.,5.0,Five Stars,B003GSL1V0,A2JWDB1G1X1P6S,Positive,4,22,Five Stars Exactly what I needed.,Neutral,0.0,Positive,0.25
i needed to get a grip,5.0,works well,B00841YECM,AU4ADTSR006AC,Positive,6,22,works well i needed to get a grip,Positive,0.2732,Neutral,0.0
as advertised happy with purchase,5.0,as advertised happy with purchase,B0060FGA8A,AWABI674268BH,Positive,5,33,as advertised happy with purchase as advertised happy with purchase,Positive,0.8126,Positive,0.8
"It's a couple of weeks before Memorial Day and my canopy rips in the backyard. One of those easy setup models. I'd rather wait for Memorial Day sales to buy a new one, so I thought I'd check out Gorilla tape as a fix. Since it's clear, it really doesn't look bad for Southern engineered. Put it back up and wouldn't you know that the West Texas wind got up, blew the whole canopy with screenhouse around. But, the tape holds! Impressed so far! August - Trip to Ruidoso I made the mistake of leaving the canopy up at night. (I thought mountains, no wind.) Next morning, the canopy had been picked up and moved about 6 feet, landing twisted the metal poles. BUT, the canopy with repaired with Gorilla tape still holds. Not touched by the wind and the landing. I'd give this stuff 10 stars at this point.",5.0,Impressed so far!  Really impressed now....,B00EUGCT22,A33BFXEJS7ASH,Positive,150,801,"Impressed so far!  Really impressed now.... It's a couple of weeks before Memorial Day and my canopy rips in the backyard. One of those easy setup models. I'd rather wait for Memorial Day sales to buy a new one, so I thought I'd check out Gorilla tape as a fix. Since it's clear, it really doesn't look bad for Southern engineered. Put it back up and wouldn't you know that the West Texas wind got up, blew the whole canopy with screenhouse around. But, the tape holds! Impressed so far! August - Trip to Ruidoso I made the mistake of leaving the canopy up at night. (I thought mountains, no wind.) Next morning, the canopy had been picked up and moved about 6 feet, landing twisted the metal poles. BUT, the canopy with repaired with Gorilla tape still holds. Not touched by the wind and the landing. I'd give this stuff 10 stars at this point.",Positive,0.808,Positive,0.21131313131313137
Good to keep in emergencies. Save trip to hardware store.,4.0,Handy,B00CR8ZRC4,A2YVKZYUT5RAG0,Positive,10,57,Handy Good to keep in emergencies. Save trip to hardware store.,Positive,0.7269,Positive,0.6499999999999999
Exactly as advertised,5.0,Five Stars,B000FIDTYG,A3LOP5M98INE96,Positive,3,21,Five Stars Exactly as advertised,Neutral,0.0,Positive,0.25
"The print itself is great!...If you can get it to feed, back to back printing I have issues luckily it will let you know within the first Minnie or so if it has the right amount of extruder gear pressure. Too much it wraps around the gear, too little and it balls up either above the gear or below it. When printed correctly the stuff has real potential as to the range of parts that can be printed. Also lowering the feed multiplier less than the standard ABS setting is another must. I will be buying this again in a different color.",4.0,The print itself is great!.,B00HSEWNRY,A1T6YWBQOW00XX,Positive,102,535,"The print itself is great!. The print itself is great!...If you can get it to feed, back to back printing I have issues luckily it will let you know within the first Minnie or so if it has the right amount of extruder gear pressure. Too much it wraps around the gear, too little and it balls up either above the gear or below it. When printed correctly the stuff has real potential as to the range of parts that can be printed. Also lowering the feed multiplier less than the standard ABS setting is another must. I will be buying this again in a different color.",Positive,0.6988,Positive,0.13191391941391942
good,4.0,Four Stars,B00I5HRFYY,AEWDEYVMJ294Q,Positive,1,4,Four Stars good,Positive,0.4404,Positive,0.7
"Love this stuff!! I seal all exposed car wiring fittings with different, appropriate colors. You have to figure out the stretch, but it only sticks to itself. NO adhesive ooze. This is NOT an electrical tape! I put it over e-tape or shrink tubing",5.0,Car plug waterproofing for me,B00HWRO9MY,A13H1OKZALZT3V,Positive,44,246,"Car plug waterproofing for me Love this stuff!! I seal all exposed car wiring fittings with different, appropriate colors. You have to figure out the stretch, but it only sticks to itself. NO adhesive ooze. This is NOT an electrical tape! I put it over e-tape or shrink tubing",Negative,-0.5148,Positive,0.3203125
works great!. Fast shipping. Recommended!!,5.0,Five Stars,B00DRALJ28,A1QJ4QG98ZQUS4,Positive,5,42,Five Stars works great!. Fast shipping. Recommended!!,Positive,0.7767,Positive,0.65625
great item fast service,5.0,Five Stars,B000ILG0TQ,A2O35EEQF3IAZ3,Positive,4,23,Five Stars great item fast service,Positive,0.6249,Positive,0.5
"PETG is now my go to filament. I believe this is my 4th or 5th purchase of eSUN filament (White PETG, Orange PETG, White ABS, Black ABS x2) and I have been happy with all of my purchases. Filaments print well on my Flashforge Creator Pro and Anet A8 Printers. The PETG will take a little tinkering with the settings to get it right but the stuff sticks great to the bed and the prints are strong and clean. Haven't had any tangle issues with the filament (be careful when pulling off the tag end of the new roll, and use caution when placing the tag end back on the roll if swapping out). There is a little more stringing with the PETG but this is very easy to clean up. The transparent orange looks really good and would probably be great for any type of back lighting/shade designs. The photo is of a project tube printed on my Anet A8. I believe the layer height was 0.25mm for this print.",5.0,Thumbs up for this PETG,B010Y25QZ2,AAC7RRPBZ0DA1,Positive,171,892,"Thumbs up for this PETG PETG is now my go to filament. I believe this is my 4th or 5th purchase of eSUN filament (White PETG, Orange PETG, White ABS, Black ABS x2) and I have been happy with all of my purchases. Filaments print well on my Flashforge Creator Pro and Anet A8 Printers. The PETG will take a little tinkering with the settings to get it right but the stuff sticks great to the bed and the prints are strong and clean. Haven't had any tangle issues with the filament (be careful when pulling off the tag end of the new roll, and use caution when placing the tag end back on the roll if swapping out). There is a little more stringing with the PETG but this is very easy to clean up. The transparent orange looks really good and would probably be great for any type of back lighting/shade designs. The photo is of a project tube printed on my Anet A8. I believe the layer height was 0.25mm for this print.",Positive,0.9903,Positive,0.26896901344269764
a,5.0,Five Stars,B001UH3L8K,A28H9FYB4JYK1Y,Positive,1,1,Five Stars a,Neutral,0.0,Neutral,0.0
"Great little tool. Smallish, but clips on so that's a big plus.",5.0,Five Stars,B00DRALJ28,A26JQJ8A8I8FRY,Positive,12,63,"Five Stars Great little tool. Smallish, but clips on so that's a big plus.",Positive,0.3716,Positive,0.2041666666666667
Great product. Very pleased and as described,5.0,Five Stars,B01335ZLVG,A1KJ4Y1LD88R51,Positive,7,44,Five Stars Great product. Very pleased and as described,Positive,0.807,Positive,0.7250000000000001
"Pretty impressed with this filament, very low cost and very sweet prints. I got it a bit stringy at first using the settings from my previous PLA, but when you get down to do calibration of your machine to the new filament you should be good to go. Take the time to do it, check youtube as it is clearly demonstrated on a number of videos. The cost to value ratio is great. No issues w/ feed. Thickness variance is a standard max -0.05mm w/ me pulling 30-40 feet out checking every 2 feet w/ my digital calipers. That's become my standard process for checking filament. I haven't found any thus far that was more than the average -0.05mm max. My CTC and Rep2 feed this filament well, I just strongly suggest calibration for every new brand of filament and then jot it down for repeat-ability.",5.0,Pretty impressed with this filament,B00J0EE1D4,A3DPPQ9997ANAM,Positive,146,792,"Pretty impressed with this filament Pretty impressed with this filament, very low cost and very sweet prints. I got it a bit stringy at first using the settings from my previous PLA, but when you get down to do calibration of your machine to the new filament you should be good to go. Take the time to do it, check youtube as it is clearly demonstrated on a number of videos. The cost to value ratio is great. No issues w/ feed. Thickness variance is a standard max -0.05mm w/ me pulling 30-40 feet out checking every 2 feet w/ my digital calipers. That's become my standard process for checking filament. I haven't found any thus far that was more than the average -0.05mm max. My CTC and Rep2 feed this filament well, I just strongly suggest calibration for every new brand of filament and then jot it down for repeat-ability.",Positive,0.974,Positive,0.24924012855831038
"great stoppers, great quality/price, good assortment.",5.0,Five Stars,B00ES3UE9C,A3I22ID3FXMUKT,Positive,6,53,"Five Stars great stoppers, great quality/price, good assortment.",Positive,0.9022,Positive,0.7666666666666666
I recently added this to my toolbox because I can easily carry it in my pocket to quickly check for the presence of power. I find it helpful where I work because I don't have to go running to grab the process meter or check the breaker and It is small enough to keep in my pocket.,5.0,Another tool,B000EJ332O,A2XDY2UYPM3XBJ,Positive,57,280,Another tool I recently added this to my toolbox because I can easily carry it in my pocket to quickly check for the presence of power. I find it helpful where I work because I don't have to go running to grab the process meter or check the breaker and It is small enough to keep in my pocket.,Positive,0.6369,Positive,0.10333333333333332
LOVE,5.0,Five Stars,B00P67NIQ0,A21W5KIAHG9MJA,Positive,1,4,Five Stars LOVE,Positive,0.7125,Positive,0.5
"bought this for a better grip on a dual 26650 battery box mod, Tesla Invader, nice easy install and looks better than I had anticipated, Good and Grippy now!",5.0,Good Stuff,B00ATH0KEA,A3GMTJRRSM3VEK,Positive,29,157,"Good Stuff bought this for a better grip on a dual 26650 battery box mod, Tesla Invader, nice easy install and looks better than I had anticipated, Good and Grippy now!",Positive,0.9485,Positive,0.5440476190476191
"No more over flows. Easy set up, not cheap. Just as a pre-caution to be Xtra safe...a little hint...put a piece of styrofoam on the bottom...that way it's almost ""fail proof""",5.0,Excellent,B0077RAX4W,AT2JC2U5E474D,Positive,31,174,"Excellent No more over flows. Easy set up, not cheap. Just as a pre-caution to be Xtra safe...a little hint...put a piece of styrofoam on the bottom...that way it's almost ""fail proof""",Positive,0.352,Neutral,0.04930555555555557
as described,4.0,Four Stars,B003GSL1V0,A3M2TJYMM8LKGM,Positive,2,12,Four Stars as described,Neutral,0.0,Neutral,0.0
Every toolbox should have one.,5.0,A stalwart in my my toolbox or on a boat or RV.,B000ZTEPWU,A2KQMY4TGP31Y3,Positive,5,30,A stalwart in my my toolbox or on a boat or RV. Every toolbox should have one.,Neutral,0.0,Neutral,0.0
Good quality connectors. I'm using it for a model RR layout to have quick release connections to a control panel.,5.0,Excellent,B00MJVKKKI,A3JGIXQPX65TGJ,Positive,20,113,Excellent Good quality connectors. I'm using it for a model RR layout to have quick release connections to a control panel.,Positive,0.765,Positive,0.6777777777777777
I use a lot of this suppliment.,5.0,Five Stars,B0095P7X88,ABN4JU68HKMIP,Positive,7,31,Five Stars I use a lot of this suppliment.,Neutral,0.0,Neutral,0.0
"Awesome product, Awesome savings",5.0,Five Stars,B001768788,A1LLQICFHI4WO7,Positive,4,32,"Five Stars Awesome product, Awesome savings",Positive,0.8481,Positive,1.0
work well for my project thank,5.0,resistor,B00AVSDYFO,A2I5QZXS0YTC1F,Positive,6,30,resistor work well for my project thank,Positive,0.5574,Neutral,0.0
Not exactly precision made but it does what it's supposed to do adequately. A good buy for the price.,4.0,A good buy for the price,B0006J3DOA,AXWXWZEXO233,Positive,19,101,A good buy for the price Not exactly precision made but it does what it's supposed to do adequately. A good buy for the price.,Positive,0.7003,Positive,0.425
Served my purpose!!!!,5.0,Five Stars,B00ES3UE9C,AKSJS2K5LAY5U,Positive,3,21,Five Stars Served my purpose!!!!,Neutral,0.0,Neutral,0.0
Excellent for gardening,5.0,Excellent,B000X7VGKS,A1VQV94SL7Y1S0,Positive,3,23,Excellent Excellent for gardening,Positive,0.8126,Positive,1.0
This is a great trash can for oily rags or just as a general trash can. Its a bit large so measure your space first. But its definitely worth it!,5.0,Great!,B001DSKBXE,A2W19IAPS7ZSDK,Positive,30,145,Great! This is a great trash can for oily rags or just as a general trash can. Its a bit large so measure your space first. But its definitely worth it!,Positive,0.8906,Positive,0.44821428571428573
"Great way of isolating two devices from each other. Single device making it lower cost and less space on the project board. Great isolation characteristics, low input current draw makes it ideal for microcontrollers",5.0,Great Isolation,B00S4YRMB4,A1XXMNLOLKNO0I,Positive,34,215,"Great Isolation Great way of isolating two devices from each other. Single device making it lower cost and less space on the project board. Great isolation characteristics, low input current draw makes it ideal for microcontrollers",Positive,0.8402,Positive,0.32632275132275135
"My go to black, low strings running discount hot ends for the win. Pretty brittle typically compared to pla blends",4.0,Great regular black pla,B00J0ECR5I,A3BBAHF514CHU4,Positive,20,114,"Great regular black pla My go to black, low strings running discount hot ends for the win. Pretty brittle typically compared to pla blends",Positive,0.875,Positive,0.17777777777777778
We go through many gloves. These XL are perfect for the funeral service. Easy to put on and they stay in place. Will order again. Plus the pink is a fresh Colour idea.,5.0,Great medical gloves.,B005FGLKOE,A2OHBXABMFQ1BD,Positive,33,167,Great medical gloves. We go through many gloves. These XL are perfect for the funeral service. Easy to put on and they stay in place. Will order again. Plus the pink is a fresh Colour idea.,Positive,0.8885,Positive,0.419047619047619
"These are pretty strong hooks -- almost too strong for holding items on a fridge. If upside down (like on a ceiling), they could hold several pounds.",5.0,"Good magnets, pretty strong",B01G96LB6U,AMZCZBK1EF1PV,Positive,27,149,"Good magnets, pretty strong These are pretty strong hooks -- almost too strong for holding items on a fridge. If upside down (like on a ceiling), they could hold several pounds.",Positive,0.9658,Positive,0.29305555555555557
Awesome Super-fast shipping. Item was what I needed and high quality. I highly Recommend AAA+++++Amazon seller,5.0,Five Stars,B000CSS8UE,A35GNCWJRQCXZ,Positive,16,110,Five Stars Awesome Super-fast shipping. Item was what I needed and high quality. I highly Recommend AAA+++++Amazon seller,Positive,0.7841,Positive,0.43999999999999995
Fast Shipping Item as described Thank you,5.0,Five Stars,B0002QZ4XK,A1KOEWYAGHRABS,Positive,7,41,Five Stars Fast Shipping Item as described Thank you,Positive,0.3612,Positive,0.2
"great buy, this is about the price you'd expect to pay for a decent sized printer with all the above features. I've had it now for 5 months and I've ran about 10KG of plastic through it. I feel it's a great value. I'm not even going to knock a star off for their proprietary software and DRM cartridges because day 1 I loaded Repetier firmware and haven't looked back. It has major issues with silver grey filament and it clogs up amazingly each time. Again it's just a live and learn thing. Not the fault of the printer as it is a 3rd party filament. Before I loaded custom firmware I will say the cartridges it came with printed very well, the plastic quality was great, so there is something to be said about XYZ brand stuff. Now if they would just sell replacement parts for it!",5.0,Best buy for the money,B00H7VEU0G,AE4BHE5QWUA9N,Positive,148,782,"Best buy for the money great buy, this is about the price you'd expect to pay for a decent sized printer with all the above features. I've had it now for 5 months and I've ran about 10KG of plastic through it. I feel it's a great value. I'm not even going to knock a star off for their proprietary software and DRM cartridges because day 1 I loaded Repetier firmware and haven't looked back. It has major issues with silver grey filament and it clogs up amazingly each time. Again it's just a live and learn thing. Not the fault of the printer as it is a 3rd party filament. Before I loaded custom firmware I will say the cartridges it came with printed very well, the plastic quality was great, so there is something to be said about XYZ brand stuff. Now if they would just sell replacement parts for it!",Positive,0.9784,Positive,0.36273310023310024
Very impressed with the finish of the sheet. I plan on using it for making my own capacitor plates. I will order other thickness pieces from this company.,5.0,Excellent quality and smooth polished finish,B00HRHB5XA,AHWUIOLZXJRYS,Positive,28,154,Excellent quality and smooth polished finish Very impressed with the finish of the sheet. I plan on using it for making my own capacitor plates. I will order other thickness pieces from this company.,Positive,0.796,Positive,0.575
"Great gloves, great price",5.0,"Great gloves, great price",B00ANYYY5U,A1HU30NM5RYPWX,Positive,4,25,"Great gloves, great price Great gloves, great price",Positive,0.9545,Positive,0.8
great price,5.0,Five Stars,B00X74FNVW,A3BYFVF4KID2ER,Positive,2,11,Five Stars great price,Positive,0.6249,Positive,0.8
"I previously used a more basic caliper without the rotary dial. This dial makes it possible to truly read dimensions down to 1/1000th of an inch. It takes a bit of practice - you can cause the needle to move 1/1000th based on how hard you squeeze down. I use metric as well and this caliper delivers. It took me a while to figure out that for each revolution of the rotary dial on the inch scale, the metric scale goes around twice. You'll figure it out when you buy it.",5.0,Not your cheap dial caliper,B00B5XJW7I,A2V125RU0CIT86,Positive,91,470,"Not your cheap dial caliper I previously used a more basic caliper without the rotary dial. This dial makes it possible to truly read dimensions down to 1/1000th of an inch. It takes a bit of practice - you can cause the needle to move 1/1000th based on how hard you squeeze down. I use metric as well and this caliper delivers. It took me a while to figure out that for each revolution of the rotary dial on the inch scale, the metric scale goes around twice. You'll figure it out when you buy it.",Positive,0.5574,Neutral,0.01631944444444445
"Items as described, great for little projects.",5.0,great for little projects,B00DN7MUSM,ARABY5DS0NF6G,Positive,7,46,"great for little projects Items as described, great for little projects.",Positive,0.8481,Positive,0.30625
"Punched holes in mBox and no complaints, thin tin or steel, no problem. Drilled a starter hole first w 1/8th, then nother starter hole w 1/4 then this. Wear eye protection. Will update if not satisfied by job 10.",4.0,Pop Punch Pop,B000FZ2UOY,A2DA8O08OLVH04,Positive,39,212,"Pop Punch Pop Punched holes in mBox and no complaints, thin tin or steel, no problem. Drilled a starter hole first w 1/8th, then nother starter hole w 1/4 then this. Wear eye protection. Will update if not satisfied by job 10.",Positive,0.2924,Negative,-0.13333333333333333
makes cheap tarps last longer.,4.0,Four Stars,B000LNTLNI,A2DE3THQES6UA6,Positive,5,30,Four Stars makes cheap tarps last longer.,Neutral,0.0,Positive,0.2
AAA Works GREAT,5.0,AAA,B0010AQVIE,A1BBBY3W71H3IK,Positive,3,15,AAA AAA Works GREAT,Positive,0.7034,Positive,0.8
freind bought me a manual one - have a hard time reading the manual one.,5.0,works great,B01BEE86II,ARX0KOX5Q01BJ,Positive,15,72,works great freind bought me a manual one - have a hard time reading the manual one.,Positive,0.5719,Positive,0.25416666666666665
Was Expecting soft casing. but this still works good,4.0,Four Stars,B001766LZO,A2IBHYCALDO8L7,Positive,9,52,Four Stars Was Expecting soft casing. but this still works good,Positive,0.5927,Positive,0.39999999999999997
"Three of these are holding up a 3 inch thick work bench that is 84 inches long ans that I clad in a zinc sheet for extra durability of the surface, but conversely more weight. These are performing perfectly",5.0,Work bench support.,B002TII0JY,A2Y17G2VPPFEO1,Positive,39,206,"Work bench support. Three of these are holding up a 3 inch thick work bench that is 84 inches long ans that I clad in a zinc sheet for extra durability of the surface, but conversely more weight. These are performing perfectly",Positive,0.8248,Positive,0.22999999999999998
Maybe we were lucky but I ordered a total of 48 beakers (4 sets of these 12) for my daughter's science party and we did not have any breakage. They washed well in the dishwasher and dried without spots. We used them like parfait dishes. We cut a sheet cake with a round cookie cutter and layered circles of cake with icing in these beakers to make a cupcake parfait. They turned out beautifully and seemed to be a big hit. The kids were happy to get to take their beaker home as well.,5.0,Made a great cupcake parfait dish for a science party!,B003K1KQKK,A1K3P0NVB96B98,Positive,94,484,Made a great cupcake parfait dish for a science party! Maybe we were lucky but I ordered a total of 48 beakers (4 sets of these 12) for my daughter's science party and we did not have any breakage. They washed well in the dishwasher and dried without spots. We used them like parfait dishes. We cut a sheet cake with a round cookie cutter and layered circles of cake with icing in these beakers to make a cupcake parfait. They turned out beautifully and seemed to be a big hit. The kids were happy to get to take their beaker home as well.,Positive,0.978,Positive,0.32291666666666663
"After doing as much research as I could, I settled on this unit and pulled the trigger on Wednesday - two days before Christmas. I paid the extra for two day shipping knowing the holidays would probably screw things up, but lo and behold, the printer showed up THE VERY NEXT DAY to my door. I was stoked! Go Amazon PRIME! Having read all the reviews with bitches, gripes, and complaints I dove into the box of parts on Thursday evening. I went through the inventory checklist and made sure the big items were there, some I couldn't identify because I didn't know what I was looking at, some there were too many (like screws) and I just said ""Screw it! There's enough screws"". I was a little disturbed that I did NOT receive the CD with Cura or the other stuff, but hey.... I'm a progenitor of the Interweb and EVERYTHING is out there to be found, right? With a little searching I found the complete set of manuals, assembly instructions, FAQ, etc. and had them downloaded in nothing at the speed of megabit. There were several times that I would look and look for something and go ""AHA! They screwed me out that piece!"" only to find out I was wrong and it was in another little baggy somewhere. The parts are grouped logically by assembly section and many times there were extras too. Plenty of extra screws and nuts of all the sizes so when one would fly off the table into the black hole that eats small parts, all was not lost. I'm sure my vacuum cleaner will announce their presence very soon. I will have to admit that I'm mystified at what some people call ""misleading"" or ""inaccurate"" instructions. It's a bunch of pictures with a little text to point you in the right direction. How hard can that be? Of course, I know grown men today who are tentative at even changing a flat tire on a car - another thing that has mystified me as much as we are a ""driven"" culture. So with the assembly diagrams in front of me, I pulled out one part at a time and starting putting it together at a leisurely pace. I also wrapped presents, took phone calls, coordinated dinner at the same time so it's not like there weren't distractions. I think total time for assembly with all this going on took maybe 12 hours and it was fun and easy, easy, easy. I had to look at some of the diagrams a few times because I had never built anything like this before and I had to understand what that piece does. Could the instructions be better? Sure, if you wanted to have a document that looked like a War & Peace novel, and even that would probably be so verbose with Chingrish you would end up more confused than ever! I've written a manual or two in my day and there is ALWAYS something that get's lost in the translation, so just take your time and study the drawings and it'll come to you. If you need to take a break from it, go to the InnerTube and watch a video of it in operation, you'll see how it all works. With all that said, did it go together perfect? Nope. There were plenty of times that ignored the few words on the diagrams and grabbed the wrong part - like using the 295mm aluminum pieces when I should have used the 308mm pieces and then the hotbed plate wouldn't fit on the slides. DOH! I had to take it all apart and use the right pieces and it fit perfectly. With everything that was going on, I still managed to do rough calibration and setup and printed my first Ultimaker Robot on the 26th at around noon. Not bad for an old fart! The only real beef I had with the kit is the Y axis idler pulley is actually just a 608 bearing. The belt doesn't center itself well on this flat pulley and will start binding on the bearing bracket/post. This will translate to difficult movement of the ""Y"" axis as the belt tracks from one side to the other and it ""drifts back and forth in full transit. A proper, toothed, timing pulley with a bearing would solve this problem for good and even allow for a little offset if you didn't get it centered exactly. Suggestions - To tbe buyer and the manufacturer Buyer - Invest in a nice set of ball end allen wrenches that are longer than the ones that come with the kit. There are some positions that require a slight angle access after assembly that will make good use of them. Unless you buy a cheap crappy set, they will be much more durable than the ones that come with the kit. Buyer - Everyone seems to have a problem getting the toothed belt locked into the carrier. Use a pair of needle nose pliers to hold one side while starting the short side in the carrier. If you stretch it a bit with the pliers and push in, it will start better. Use the small flat screw driver to push it in the rest of the way. Manufacturer - As above, the allen wrenches are adequate for assembly, but do start rounding off with just one or two slips. A little better set of these would go a long way. You could even lose the little side cutter pliers to offset since you only use those for one step - stripping wire ends. Manufacturer - use a proper toothed pulley on the ""Y"" axis idler. The ""X"" axis idler bearing has a narrow guideway that keeps it centered and it doesn't have the ""drift"" problems that the ""Y"" axis does. Buyer - get a nice small 300mm ruler or scale - comes in handy. Conclusion : If the CD had been in the box, chances are I would have given it a 5 across the board. This unit has the largest print volume available on a kit and the aluminum frame is the way to go vs. acrylic or wood. Once you get the unit trimmed up and calibrated, you can print replacement parts and smooth things up if you so desire. The water jet cut parts are perfect and fit very nicely, and when the protective paper is removed add to the finish of the printer. I have had a ton of the 80/20 aluminum extrusions, linear slides, and some bigger stepper motors kicking around in my shop for years. I'm thinking I could duplicate this unit easily on a much bigger scale and maybe go to an 18"" or even 24"" hot bed with dual extruders. That would be SAWEET!",4.0,"This is a builders kit, great little unit!",B01E8LPNGC,A1SNPZUKS4AVDP,Positive,1139,5974,"This is a builders kit, great little unit! After doing as much research as I could, I settled on this unit and pulled the trigger on Wednesday - two days before Christmas. I paid the extra for two day shipping knowing the holidays would probably screw things up, but lo and behold, the printer showed up THE VERY NEXT DAY to my door. I was stoked! Go Amazon PRIME! Having read all the reviews with bitches, gripes, and complaints I dove into the box of parts on Thursday evening. I went through the inventory checklist and made sure the big items were there, some I couldn't identify because I didn't know what I was looking at, some there were too many (like screws) and I just said ""Screw it! There's enough screws"". I was a little disturbed that I did NOT receive the CD with Cura or the other stuff, but hey.... I'm a progenitor of the Interweb and EVERYTHING is out there to be found, right? With a little searching I found the complete set of manuals, assembly instructions, FAQ, etc. and had them downloaded in nothing at the speed of megabit. There were several times that I would look and look for something and go ""AHA! They screwed me out that piece!"" only to find out I was wrong and it was in another little baggy somewhere. The parts are grouped logically by assembly section and many times there were extras too. Plenty of extra screws and nuts of all the sizes so when one would fly off the table into the black hole that eats small parts, all was not lost. I'm sure my vacuum cleaner will announce their presence very soon. I will have to admit that I'm mystified at what some people call ""misleading"" or ""inaccurate"" instructions. It's a bunch of pictures with a little text to point you in the right direction. How hard can that be? Of course, I know grown men today who are tentative at even changing a flat tire on a car - another thing that has mystified me as much as we are a ""driven"" culture. So with the assembly diagrams in front of me, I pulled out one part at a time and starting putting it together at a leisurely pace. I also wrapped presents, took phone calls, coordinated dinner at the same time so it's not like there weren't distractions. I think total time for assembly with all this going on took maybe 12 hours and it was fun and easy, easy, easy. I had to look at some of the diagrams a few times because I had never built anything like this before and I had to understand what that piece does. Could the instructions be better? Sure, if you wanted to have a document that looked like a War & Peace novel, and even that would probably be so verbose with Chingrish you would end up more confused than ever! I've written a manual or two in my day and there is ALWAYS something that get's lost in the translation, so just take your time and study the drawings and it'll come to you. If you need to take a break from it, go to the InnerTube and watch a video of it in operation, you'll see how it all works. With all that said, did it go together perfect? Nope. There were plenty of times that ignored the few words on the diagrams and grabbed the wrong part - like using the 295mm aluminum pieces when I should have used the 308mm pieces and then the hotbed plate wouldn't fit on the slides. DOH! I had to take it all apart and use the right pieces and it fit perfectly. With everything that was going on, I still managed to do rough calibration and setup and printed my first Ultimaker Robot on the 26th at around noon. Not bad for an old fart! The only real beef I had with the kit is the Y axis idler pulley is actually just a 608 bearing. The belt doesn't center itself well on this flat pulley and will start binding on the bearing bracket/post. This will translate to difficult movement of the ""Y"" axis as the belt tracks from one side to the other and it ""drifts back and forth in full transit. A proper, toothed, timing pulley with a bearing would solve this problem for good and even allow for a little offset if you didn't get it centered exactly. Suggestions - To tbe buyer and the manufacturer Buyer - Invest in a nice set of ball end allen wrenches that are longer than the ones that come with the kit. There are some positions that require a slight angle access after assembly that will make good use of them. Unless you buy a cheap crappy set, they will be much more durable than the ones that come with the kit. Buyer - Everyone seems to have a problem getting the toothed belt locked into the carrier. Use a pair of needle nose pliers to hold one side while starting the short side in the carrier. If you stretch it a bit with the pliers and push in, it will start better. Use the small flat screw driver to push it in the rest of the way. Manufacturer - As above, the allen wrenches are adequate for assembly, but do start rounding off with just one or two slips. A little better set of these would go a long way. You could even lose the little side cutter pliers to offset since you only use those for one step - stripping wire ends. Manufacturer - use a proper toothed pulley on the ""Y"" axis idler. The ""X"" axis idler bearing has a narrow guideway that keeps it centered and it doesn't have the ""drift"" problems that the ""Y"" axis does. Buyer - get a nice small 300mm ruler or scale - comes in handy. Conclusion : If the CD had been in the box, chances are I would have given it a 5 across the board. This unit has the largest print volume available on a kit and the aluminum frame is the way to go vs. acrylic or wood. Once you get the unit trimmed up and calibrated, you can print replacement parts and smooth things up if you so desire. The water jet cut parts are perfect and fit very nicely, and when the protective paper is removed add to the finish of the printer. I have had a ton of the 80/20 aluminum extrusions, linear slides, and some bigger stepper motors kicking around in my shop for years. I'm thinking I could duplicate this unit easily on a much bigger scale and maybe go to an 18"" or even 24"" hot bed with dual extruders. That would be SAWEET!",Positive,0.9879,Positive,0.15997722303206996
Used in an under counter hot water dispensing application that does not place line pressure on the tubing... This product holds up to the near boiling temperature that caused polyethylene tubing to crack and leak after a few months.,5.0,"Excelent for Hot-water, Low-pressure Aplications",B000FN1FLA,A2WQPBT1JGLAMV,Positive,39,232,"Excelent for Hot-water, Low-pressure Aplications Used in an under counter hot water dispensing application that does not place line pressure on the tubing... This product holds up to the near boiling temperature that caused polyethylene tubing to crack and leak after a few months.",Negative,-0.1311,Neutral,0.04999999999999999
PERFECT FOR WHAT I NEEDED TO TEST SPROUT WATER . CLEAN 2 STRIPS ARE PACKED SEPARATELY SO AS NOT TO GET WET,5.0,CLEAN AND WRAPPED SEPARATELY,B008IBOG7G,A2B46SV9H0FIZ4,Positive,22,106,CLEAN AND WRAPPED SEPARATELY PERFECT FOR WHAT I NEEDED TO TEST SPROUT WATER . CLEAN 2 STRIPS ARE PACKED SEPARATELY SO AS NOT TO GET WET,Positive,0.9062,Positive,0.4083333333333333
"This bronze filament prints particularly well and it really does have a metallic, shiny look to it. I was impressed with the results of my first print with this filament. No problems with printing at all. My only regret is the limited amount of filament on the spool, but hey it is a specialty item. If you are looking for that true bronze look without the cost of buying a tumbler, then I would recommend this product. Just keep in mind that it does produce a shiny metallic look. I have already purchased a second spool.",5.0,This was a good investment. The results were great.,B019CZHWW2,A15AE6MJ4CYB0Z,Positive,96,522,"This was a good investment. The results were great. This bronze filament prints particularly well and it really does have a metallic, shiny look to it. I was impressed with the results of my first print with this filament. No problems with printing at all. My only regret is the limited amount of filament on the spool, but hey it is a specialty item. If you are looking for that true bronze look without the cost of buying a tumbler, then I would recommend this product. Just keep in mind that it does produce a shiny metallic look. I have already purchased a second spool.",Positive,0.9095,Positive,0.3395238095238095
"Pretty good sized, good for small containers you want contents to stay dry. I live near the gulf coast so this is a frequent problem with things that are not stored in climate controlled areas. One of these is about just perfect for a 50 cal ammo can, I replace once a month. I cut open packs and save the silica, bake in oven at 200F for 3-4 hours and then use in other applications that I use desiccant. These ship in a heavy duty zip lock bag that keeps them dry so they are ready for use when they've been sitting in the garage for months.",5.0,"Perfect for an ammo can, great packaging for longer storage",B01DJ0J4UO,A36K8HWX9IZ0DN,Positive,107,543,"Perfect for an ammo can, great packaging for longer storage Pretty good sized, good for small containers you want contents to stay dry. I live near the gulf coast so this is a frequent problem with things that are not stored in climate controlled areas. One of these is about just perfect for a 50 cal ammo can, I replace once a month. I cut open packs and save the silica, bake in oven at 200F for 3-4 hours and then use in other applications that I use desiccant. These ship in a heavy duty zip lock bag that keeps them dry so they are ready for use when they've been sitting in the garage for months.",Positive,0.9718,Positive,0.267376893939394
good quality,4.0,Four Stars,B00WTHLR0E,A2W6PG57IA5DX3,Positive,2,12,Four Stars good quality,Positive,0.4404,Positive,0.7
"I think I am addicted to fasteners, hardware, and tools; so naturally when I saw things I clicked add to cart. Good assortment, came sealed and not all mixed up.",5.0,Good assortment,B013ZWM1F6,A3B2X00E1OZYJU,Positive,30,161,"Good assortment I think I am addicted to fasteners, hardware, and tools; so naturally when I saw things I clicked add to cart. Good assortment, came sealed and not all mixed up.",Positive,0.7003,Positive,0.21999999999999997
"These are the locking variety and are a great addition to the first-aid kits. They are stainless and not plated garbage as well they open and close freely without binding. When locked they stay locked even with heavy movement but they do unlock easily when needed to do so. Living where it might take 10-15 minutes for a first responder and even longer for paramedics to arrive it is important to build up a first aid kit that can handle many different situations. The addition of locking hemostats was a must. Having a set that has the various sizes and angles means being able to deal with a variety of issues should they arise and living in the middle of farming country as well on a working orchard, there is always heavy equipment, sharp tools and such being used. I'd rather be prepared and not need something than have something happen and not have the proper tools for the job. If you do not have any first aid training you can check with the local Red Cross, they'll be able to direct you to available training and classes.",5.0,A must have item for a proper first aid kit,B00DR98RPG,A3AZPZTXJWPJGW,Positive,188,1032,"A must have item for a proper first aid kit These are the locking variety and are a great addition to the first-aid kits. They are stainless and not plated garbage as well they open and close freely without binding. When locked they stay locked even with heavy movement but they do unlock easily when needed to do so. Living where it might take 10-15 minutes for a first responder and even longer for paramedics to arrive it is important to build up a first aid kit that can handle many different situations. The addition of locking hemostats was a must. Having a set that has the various sizes and angles means being able to deal with a variety of issues should they arise and living in the middle of farming country as well on a working orchard, there is always heavy equipment, sharp tools and such being used. I'd rather be prepared and not need something than have something happen and not have the proper tools for the job. If you do not have any first aid training you can check with the local Red Cross, they'll be able to direct you to available training and classes.",Positive,0.9239,Positive,0.1743827160493827
good,5.0,Five Stars,B000UTTIW2,AU153BIV1KM0F,Positive,1,4,Five Stars good,Positive,0.4404,Positive,0.7
"As expected, this glue is basically a slightly pricey gel superglue. Having said that, it's got the perfect consistency for not making a mess and the set time seems just about right for getting the grip exactly where you want it. The regular CA glues I have fall on either side of that line.",4.0,"Good, maybe a little pricey",B0012TREK2,A2VLA35C6BAQJP,Positive,54,291,"Good, maybe a little pricey As expected, this glue is basically a slightly pricey gel superglue. Having said that, it's got the perfect consistency for not making a mess and the set time seems just about right for getting the grip exactly where you want it. The regular CA glues I have fall on either side of that line.",Positive,0.8406,Positive,0.178505291005291
This is a good assortment......but get another assortment if you want a silver finish on your screws,5.0,Five Stars,B000I639B8,A3O5WE4RDC0VSC,Positive,17,100,Five Stars This is a good assortment......but get another assortment if you want a silver finish on your screws,Positive,0.296,Positive,0.7
"I have somewhat limited mobility, am chronically clumsy, and have had (still have, actually) several other pick up tools. Of all of them, this is by far the best. One of its advertised attributes, the length, is the least important to me. What I love is the grip end of the tool. It holds on tight to items such as cans but also picks up things like paper (even paper that is lying flat), coins, jelly beans, batteries, even pills. The handle is easy to squeeze, even with mild arthritis and, overall, it's not too heavy. I recently spilled a whole container of pins. I used the grip to hold on to a magnet and swept up the entire box (I hope!) just sweeping back and forth. Another plus is the color. I can spot it easily. The others are all made of neutral metal and black and they blend against the background. Now that I've found one that works exactly as I like, I will get more to keep in different parts of the house.",5.0,The best picker-upper I've ever had.,B0043570IS,A2VWE5SGNDS8HW,Positive,176,924,"The best picker-upper I've ever had. I have somewhat limited mobility, am chronically clumsy, and have had (still have, actually) several other pick up tools. Of all of them, this is by far the best. One of its advertised attributes, the length, is the least important to me. What I love is the grip end of the tool. It holds on tight to items such as cans but also picks up things like paper (even paper that is lying flat), coins, jelly beans, batteries, even pills. The handle is easy to squeeze, even with mild arthritis and, overall, it's not too heavy. I recently spilled a whole container of pins. I used the grip to hold on to a magnet and swept up the entire box (I hope!) just sweeping back and forth. Another plus is the color. I can spot it easily. The others are all made of neutral metal and black and they blend against the background. Now that I've found one that works exactly as I like, I will get more to keep in different parts of the house.",Positive,0.9595,Positive,0.14551282051282052
very good,4.0,Four Stars,B002NG1GWU,A9K1Z9GAL9YT0,Positive,2,9,Four Stars very good,Positive,0.4927,Positive,0.9099999999999999
"This is a fairly good product I've used it for a multitude of repairs. It's great for repairing toys especially. I've glued my daughters 3"" ""Kristof"" figure who's head broke off. I've repairs a 3"" ""Flynn Rider"" who had a leg/hip replacement which required a small steel pin and a touch of gorilla glue. I've also used it on a 3"" ""Dragons"" ""Heather"" figure who's body broke in two, she too required a steel pin and a drop or two of Gorilla Glue. This glue doesnt work particularly well in areas which are continually subjected to moisture however I have successfully repaired my daughters watering can as well... Ill post additional photos as Im able to in updates. TIP: when repairing small figures you will need a heavy/large paper clip, pair of ""dyke"" pliers which also have a wire cutting edge, a drill with a small drill bit almost the same size of the paper clip in circumference. From there you will need to drill each direction creating a cavity in the area which you are repairing to allow the pre-measured/cut paper clip piece you've prepared for the ""steel pin"" used to give extra strength to the figure in the repaired area. Insert a small drop in each piece of the toy to be rejoined and then run the part under water allowing the water to hit the drop of gorilla glue (water activates the glue), insert the piece of paper clip which you've pre-cut/pre-measured into the cavity which you've placed the drop of Gorilla Glue and connect both parts to be joined. You will need a small clamp or a piece of strong packing tape to hold the joined pieces together while drying as the glue does EXPAND. I like to take a wet paper towel after about 5-10 min and when I see the glue expanding outward pack it down with the wet paper towel crushing all the bubbles which start during the activation of the glue as it dries so ther is a smoother area after drying. I'll at times take a matching sharpie and after the glued area is dry, I will color the glued area with the sharpie to mask the area which was repaired. SEE MY PHOTOS OF A RECENT REPAIR DONE EARLIER TODAY. I've also used this glue on floor tiles in a commercial building as a quick repair alternative to adhesive/mortar or mastic etc. see photos, they aren't pretty until the glue is colored with a black/brown sharpie, then they look ok. The tile was shattered into many pieces and was loose until I cleaned the area, added some water for activation and then the glue, using a wet paper towel patting it down as it raised and dried. It was quick and able to be walked on in less than an hour. Threw a mat over it and It worked ok for a quick fix. This glue isn't perfect as it doesn't hold well for all repairs. However it's the best I've used and there are times which a stronger commercial adhesive is best for certain applications. Good luck with whatever your repairing, take your time these things take patients. NOTE: If you appreciated this review please give it a thumbs up/like your helping me to continue to give honest/unbiased insight into products Ive used and you may have questions about. Interested in a product but don't know enough about it and would like it reviewed? Please let me know and I'll see what I can do... Thank you",4.0,Holds well for Toy Repairs.  SEE PHOTOS AND TIPS within this review.,B0000DD5EN,A1S0P16TIUH3RV,Positive,588,3211,"Holds well for Toy Repairs.  SEE PHOTOS AND TIPS within this review. This is a fairly good product I've used it for a multitude of repairs. It's great for repairing toys especially. I've glued my daughters 3"" ""Kristof"" figure who's head broke off. I've repairs a 3"" ""Flynn Rider"" who had a leg/hip replacement which required a small steel pin and a touch of gorilla glue. I've also used it on a 3"" ""Dragons"" ""Heather"" figure who's body broke in two, she too required a steel pin and a drop or two of Gorilla Glue. This glue doesnt work particularly well in areas which are continually subjected to moisture however I have successfully repaired my daughters watering can as well... Ill post additional photos as Im able to in updates. TIP: when repairing small figures you will need a heavy/large paper clip, pair of ""dyke"" pliers which also have a wire cutting edge, a drill with a small drill bit almost the same size of the paper clip in circumference. From there you will need to drill each direction creating a cavity in the area which you are repairing to allow the pre-measured/cut paper clip piece you've prepared for the ""steel pin"" used to give extra strength to the figure in the repaired area. Insert a small drop in each piece of the toy to be rejoined and then run the part under water allowing the water to hit the drop of gorilla glue (water activates the glue), insert the piece of paper clip which you've pre-cut/pre-measured into the cavity which you've placed the drop of Gorilla Glue and connect both parts to be joined. You will need a small clamp or a piece of strong packing tape to hold the joined pieces together while drying as the glue does EXPAND. I like to take a wet paper towel after about 5-10 min and when I see the glue expanding outward pack it down with the wet paper towel crushing all the bubbles which start during the activation of the glue as it dries so ther is a smoother area after drying. I'll at times take a matching sharpie and after the glued area is dry, I will color the glued area with the sharpie to mask the area which was repaired. SEE MY PHOTOS OF A RECENT REPAIR DONE EARLIER TODAY. I've also used this glue on floor tiles in a commercial building as a quick repair alternative to adhesive/mortar or mastic etc. see photos, they aren't pretty until the glue is colored with a black/brown sharpie, then they look ok. The tile was shattered into many pieces and was loose until I cleaned the area, added some water for activation and then the glue, using a wet paper towel patting it down as it raised and dried. It was quick and able to be walked on in less than an hour. Threw a mat over it and It worked ok for a quick fix. This glue isn't perfect as it doesn't hold well for all repairs. However it's the best I've used and there are times which a stronger commercial adhesive is best for certain applications. Good luck with whatever your repairing, take your time these things take patients. NOTE: If you appreciated this review please give it a thumbs up/like your helping me to continue to give honest/unbiased insight into products Ive used and you may have questions about. Interested in a product but don't know enough about it and would like it reviewed? Please let me know and I'll see what I can do... Thank you",Positive,0.9741,Positive,0.17158517810691726
Aluminum - just like you would expect. It's silvery colored and machines pretty well. Alloy 6061 is harder than pure aluminum but still machines fairly well. The surface is smooth but not polished. It can take a good finish.,5.0,Aluminum Rod,B000H9JG7C,A1FV6SJ6Z27O1E,Positive,39,224,Aluminum Rod Aluminum - just like you would expect. It's silvery colored and machines pretty well. Alloy 6061 is harder than pure aluminum but still machines fairly well. The surface is smooth but not polished. It can take a good finish.,Positive,0.8316,Positive,0.36071428571428577
"The only thing I don't like is the price. I use this stuff to attach my equipment to very fast moving quadcopters and other flying RC aircraft. Works very well, much better than normal ""hook and loop"" stuff.",4.0,Much better than other hook and loop fastener tape.,B0141MQRGI,A3S414C6ELX2ZA,Positive,38,207,"Much better than other hook and loop fastener tape. The only thing I don't like is the price. I use this stuff to attach my equipment to very fast moving quadcopters and other flying RC aircraft. Works very well, much better than normal ""hook and loop"" stuff.",Positive,0.7466,Positive,0.16999999999999998
"used it in ruger, hipoint for better grip, aluminum wallet & it does not slip in my pockets and my sony phone & my mom's samsung phones & she has not drop it when it has this tape. will buy again if i will need it.",5.0,"hipoint for better grip, aluminum wallet & it does not slip ...",B00ATH0KEA,A28VZIE28BUZ7V,Positive,46,214,"hipoint for better grip, aluminum wallet & it does not slip ... used it in ruger, hipoint for better grip, aluminum wallet & it does not slip in my pockets and my sony phone & my mom's samsung phones & she has not drop it when it has this tape. will buy again if i will need it.",Positive,0.7659,Positive,0.5
"good price works, i'm a noob but my son help me a lot , it great works can't be price. purchase this in Dec 2016 ,and now its march 2017, made saveral items with this printer. had not had any problems with yet. now printing an old Asian city not completed yet but almost their.",5.0,good price works,B01FL49VZE,AHHKZTUF9XF2V,Positive,55,277,"good price works good price works, i'm a noob but my son help me a lot , it great works can't be price. purchase this in Dec 2016 ,and now its march 2017, made saveral items with this printer. had not had any problems with yet. now printing an old Asian city not completed yet but almost their.",Positive,0.9422,Positive,0.4600000000000001
Great price and great vac! Easy to empty great suction that doesn't get worse as it picks up dirt like the old one we had.,5.0,love it,B00F5DS7J8,A1RL1QHS2VIE8S,Positive,25,122,love it Great price and great vac! Easy to empty great suction that doesn't get worse as it picks up dirt like the old one we had.,Positive,0.9703,Positive,0.3916666666666667
They are staples. They work,5.0,They work,B00004Z2HN,A1J87SYB3JPQWH,Positive,5,27,They work They are staples. They work,Neutral,0.0,Neutral,0.0
What a great product. I bought this for my Qidi Tech I to replace the stock setup that uses a teflon tube. It took me about 30 to 40 minutes to remove the old hotend and replace it with this one. The filament flows so much nicer out of this nozzle than the stock nozzle. I think it's due to the teflon tube in the old hotend deteriorating over time.,5.0,Say goodbye to unreliable teflon tubes forever.,B01C3HEQZC,A3ERS94QZJJ9EP,Positive,70,349,Say goodbye to unreliable teflon tubes forever. What a great product. I bought this for my Qidi Tech I to replace the stock setup that uses a teflon tube. It took me about 30 to 40 minutes to remove the old hotend and replace it with this one. The filament flows so much nicer out of this nozzle than the stock nozzle. I think it's due to the teflon tube in the old hotend deteriorating over time.,Positive,0.8062,Positive,0.21500000000000002
"Great price for the connector, have used them multiple times in my electronic projects with no issues.",5.0,Five Stars,B00H1O0WOM,A3GMYIWDVDE0KA,Positive,17,102,"Five Stars Great price for the connector, have used them multiple times in my electronic projects with no issues.",Positive,0.4404,Positive,0.4
"Great size for mounting tools, knives and scissor.",5.0,Five Stars,B00IYFNT4M,AAWQ8QAJU0Z4V,Positive,8,50,"Five Stars Great size for mounting tools, knives and scissor.",Positive,0.6249,Positive,0.8
Great filament will continue to buy.,5.0,Great filament will continue to buy.,B00LKL2E0W,A38XI1K74WZB07,Positive,6,36,Great filament will continue to buy. Great filament will continue to buy.,Positive,0.8481,Positive,0.8
Bought these to use with various chemicals from isopropyl alcohol to chlorine bleach / water. So far they stand up just fine. I do rinse the one used with bleach as it is so corrosive.,5.0,Good sprayers,B003ZATW42,A20E9YVQL0L64N,Positive,35,184,Good sprayers Bought these to use with various chemicals from isopropyl alcohol to chlorine bleach / water. So far they stand up just fine. I do rinse the one used with bleach as it is so corrosive.,Positive,0.5719,Positive,0.30416666666666664
Exactly as described,5.0,Five Stars,B000FMUGLQ,A38GDD3T51JGBL,Positive,3,20,Five Stars Exactly as described,Neutral,0.0,Positive,0.25
bright white smile! best toothpaste!,5.0,best toothpaste!,B019FGCTJE,A3NFATOONJ1K74,Positive,5,36,best toothpaste! bright white smile! best toothpaste!,Positive,0.9401,Positive,0.615
"Did not fit my door track, look closely. I was able to merge the new one with the broken one and make something that works however.",4.0,"Did not fit my door track, look closely. ...",B004CAN18W,A28LTY484UABE7,Positive,26,131,"Did not fit my door track, look closely. ... Did not fit my door track, look closely. I was able to merge the new one with the broken one and make something that works however.",Negative,-0.7446,Neutral,-0.03272727272727274
They fit perfectly and were just what I was looking for. I used them for my printrbot simple because I had lost some.,5.0,What is pictured comes in the box,B000FN21AO,A32O1XRBGTYNR4,Positive,23,117,What is pictured comes in the box They fit perfectly and were just what I was looking for. I used them for my printrbot simple because I had lost some.,Positive,0.6597,Positive,0.4666666666666666
Good Kit,5.0,Five Stars,B000P765KC,A2631UGJRCYG2Q,Positive,2,8,Five Stars Good Kit,Positive,0.4404,Positive,0.7
"A bit slow on the read out, but for the money it gets the job done..",4.0,Four Stars,B00IRLJTGA,A36FNUC9WFP4MM,Positive,16,68,"Four Stars A bit slow on the read out, but for the money it gets the job done..",Neutral,0.0,Negative,-0.30000000000000004
Very quike response great to work with and would do it all over again,5.0,Five Stars,B00M4D0IPS,A2NBO07JEA3CW6,Positive,14,69,Five Stars Very quike response great to work with and would do it all over again,Positive,0.6557,Positive,0.5
"Some report cracked and broken plastic cases. My case was perfect, a nice plastic case with foam cutout for the caliper, spare battery (provided), and the baby screwdriver to service the battery compartment. To get to the battery, use the baby screwdriver, flip the caliper over and you see 2 tiny screws very close together. Remove the screw in the deepest hole. That lets the front cover fall loose. Careful with the tiny screw, if it hits the ground, you are gonna need some really young eyes to help find it. When re-attaching the battery door, the door has a little lip which slides into a notch. Press closed, drop in the tiny screw, snug it up with the baby screwdriver, done. Takes longer to say than to do. I checked the calipers on some new feeler gauges. It's dead on with all blades on the feeler gauge, and you can zero it before each measurements with the push of a button. I feel more important just by owning it. :)",5.0,Cooool Caliper,B003119EDE,A7Z6OM871YWF2,Positive,171,931,"Cooool Caliper Some report cracked and broken plastic cases. My case was perfect, a nice plastic case with foam cutout for the caliper, spare battery (provided), and the baby screwdriver to service the battery compartment. To get to the battery, use the baby screwdriver, flip the caliper over and you see 2 tiny screws very close together. Remove the screw in the deepest hole. That lets the front cover fall loose. Careful with the tiny screw, if it hits the ground, you are gonna need some really young eyes to help find it. When re-attaching the battery door, the door has a little lip which slides into a notch. Press closed, drop in the tiny screw, snug it up with the baby screwdriver, done. Takes longer to say than to do. I checked the calipers on some new feeler gauges. It's dead on with all blades on the feeler gauge, and you can zero it before each measurements with the push of a button. I feel more important just by owning it. :)",Positive,0.2006,Positive,0.1395259152612094
These test leads are made very well. The lead wires are highly flexible and apparently consist of very fine copper strands. Move about in nice fluid motion without hindrance or hesitation. Very nice leads...made very well. Quality. Impressed and pleased with them. Furthermore the 'Fluke AC175 Threaded Slide-on Alligator Clip Set with Flexible Boots' fit these leads perfectly. The two mate very well and there is no play after installing the alligator clips to the end of the threaded portions of these test leads. Very tight tolerances.,5.0,Quality leads--the Fluke AC175 alligator clips fit these leads perfectly.,B00011Q5QG,A3C25PH9AWIHKO,Positive,87,539,Quality leads--the Fluke AC175 alligator clips fit these leads perfectly. These test leads are made very well. The lead wires are highly flexible and apparently consist of very fine copper strands. Move about in nice fluid motion without hindrance or hesitation. Very nice leads...made very well. Quality. Impressed and pleased with them. Furthermore the 'Fluke AC175 Threaded Slide-on Alligator Clip Set with Flexible Boots' fit these leads perfectly. The two mate very well and there is no play after installing the alligator clips to the end of the threaded portions of these test leads. Very tight tolerances.,Positive,0.9895,Positive,0.42497023809523815
"Worked for what I intended, great stuff.",5.0,great stuff.,B0010AZT3W,ABAPCMMTLEUW8,Positive,7,40,"great stuff. Worked for what I intended, great stuff.",Positive,0.8481,Positive,0.8
Good stuff.,5.0,Five Stars,B0002EQU6C,A2RBV9Y80HK9CO,Positive,2,11,Five Stars Good stuff.,Positive,0.4404,Positive,0.7
"Okay, hands down the best product I have used. CLP was formulated for the Govt who wanted one product in the field to clean, lubricate and protect weapons in the field. This product has performed excellent on guns with many finishes from blue to parkerized. With this lube I don't pick a gun out of my safe and find the oil has dried only to have to clean it again before I go to the range. If you want top notch protection for your investments then this is what you should use. The handy size is great to bring to the range for a little extra lubrication when needed.",5.0,Fits in any range bag.,B0050GWAVG,A1ZBYPITLTCZZN,Positive,109,568,"Fits in any range bag. Okay, hands down the best product I have used. CLP was formulated for the Govt who wanted one product in the field to clean, lubricate and protect weapons in the field. This product has performed excellent on guns with many finishes from blue to parkerized. With this lube I don't pick a gun out of my safe and find the oil has dried only to have to clean it again before I go to the range. If you want top notch protection for your investments then this is what you should use. The handy size is great to bring to the range for a little extra lubrication when needed.",Positive,0.9751,Positive,0.3493923611111111
"I get the best adhesion of any other method I've tried with ABS 3D printing. I use this tape in conjunction with ABS ""Juice"" (dissolved ABS plastic in acetone). Put the tape on the bed, use a paper towel to wipe a thin layer of ABS Juice over the top. I've printed huge parts using this method where before the plastic would warp and curl up off the bed. Where glue sticks and hair spray have failed, this has succeeded. The only problem I've really experienced is that it can work a little too well. It's hard to get the parts free. I always end up tearing the tape, so I have to use a new piece with each print. The tape is a little frustrating to get on the bed with no air bubbles. Worth it to get warp free prints though.",5.0,Best adhesion possible,B00LAJNOXK,A3B4LVDMFWIPG,Positive,143,726,"Best adhesion possible I get the best adhesion of any other method I've tried with ABS 3D printing. I use this tape in conjunction with ABS ""Juice"" (dissolved ABS plastic in acetone). Put the tape on the bed, use a paper towel to wipe a thin layer of ABS Juice over the top. I've printed huge parts using this method where before the plastic would warp and curl up off the bed. Where glue sticks and hair spray have failed, this has succeeded. The only problem I've really experienced is that it can work a little too well. It's hard to get the parts free. I always end up tearing the tape, so I have to use a new piece with each print. The tape is a little frustrating to get on the bed with no air bubbles. Worth it to get warp free prints though.",Positive,0.9248,Positive,0.1580387205387205
"Nice large tube for the price. Smells strong when curing, but the smell goes away after 8-24 hours. Seems to hold very well.",5.0,Works great,B0063U2RWU,A2XOC5NI4G046T,Positive,23,124,"Works great Nice large tube for the price. Smells strong when curing, but the smell goes away after 8-24 hours. Seems to hold very well.",Positive,0.8266,Positive,0.44952380952380955
"Had to shorten it a little for my trailer winch. Works great and should last. My last strap had the stitching die and then after I sewed it again, the hook snap died. This is a strong strap and heavy duty hook. I doubt there will be any issues with it.",5.0,Heavy duty is the proper description - strong and large,B001F0MHV4,A3JIGX4CZZ8GLQ,Positive,51,252,"Heavy duty is the proper description - strong and large Had to shorten it a little for my trailer winch. Works great and should last. My last strap had the stitching die and then after I sewed it again, the hook snap died. This is a strong strap and heavy duty hook. I doubt there will be any issues with it.",Positive,0.1779,Positive,0.1293452380952381
"They are staples...They work... Extra strong... Think staple size of a construction hammer tacker (not an exaggeration, actually that size)....",5.0,They work...,B0000225IO,A2HMQWRE8MRWXF,Positive,20,143,"They work... They are staples...They work... Extra strong... Think staple size of a construction hammer tacker (not an exaggeration, actually that size)....",Positive,0.5106,Positive,0.14444444444444446
4 months later and they still zero out correctly and has been a great aid in making 3D models on my printer.,5.0,... they still zero out correctly and has been a great aid in making 3D models on my printer,B000EJUBBU,A2IT0EPE711651,Positive,22,108,... they still zero out correctly and has been a great aid in making 3D models on my printer 4 months later and they still zero out correctly and has been a great aid in making 3D models on my printer.,Positive,0.8481,Positive,0.5333333333333333
"I used the three to indicate main power, 120VAC -> 12VDC, and when my heater element was active. They were easy to install using a step bit, and wiring is as simple as connecting two wires. They work great!",5.0,Really adds functionality and a little class to my BIAB control box.,B00P1185U0,A3P09GI06CGD3B,Positive,39,206,"Really adds functionality and a little class to my BIAB control box. I used the three to indicate main power, 120VAC -> 12VDC, and when my heater element was active. They were easy to install using a step bit, and wiring is as simple as connecting two wires. They work great!",Positive,0.8748,Positive,0.2113095238095238
"Absorbent, Easily cleaned using the special microfiber cleaner.",4.0,Absorbent and strong.,B00BQYCJN0,A3IO2U3J119OO1,Positive,8,63,"Absorbent and strong. Absorbent, Easily cleaned using the special microfiber cleaner.",Positive,0.8442,Positive,0.407936507936508
"I purchased this recently in order to replace a set screw that came out and was lost in a fixture. This pack gives me probably as many set screws and as many different varieties as I will ever need. The price was very fair and much easier than having to go to a big box home store and buy several different sizes of set screws, hoping to guess the correct one. Then I would have to figure out what to do with the remaining screws. This solves those problems. Very happy.",5.0,Possibly the only collection of set screws you will EVER need - in many different sizes,B000K7IWDK,AAPW5XFQ7BN60,Positive,91,470,"Possibly the only collection of set screws you will EVER need - in many different sizes I purchased this recently in order to replace a set screw that came out and was lost in a fixture. This pack gives me probably as many set screws and as many different varieties as I will ever need. The price was very fair and much easier than having to go to a big box home store and buy several different sizes of set screws, hoping to guess the correct one. Then I would have to figure out what to do with the remaining screws. This solves those problems. Very happy.",Positive,0.4873,Positive,0.2578571428571429
"My dentist told me I was brushing my teeth too hard and to get an electric toothbrush which will help keep my gums from receding. I don't like electric toothbrushes as a rule because they make me dizzy. I don't know why. My ears are a mess and I am hearing impaired so maybe the vibrations do it. I went with this one because it was cheap and, if it did cause me issues, at least I wouldn't be out a lot of money. I actually like it quite a bit. It does the job and doesn't make me dizzy thankfully. The head is not too firm which is good and it cleans my teeth well. My mouth and teeth feel much cleaner after using this Spinbrush than when I use a manual brush and brush my teeth like crazy (which is what resulted n my gums started to recede and the nerves being exposed. OUCH!). My dentist says my teeth look better and my gums are much less inflamed and have not receded anymore. I was going to buy an expensive toothbrush is this one worked out and didn't cause me to get dizzy but why mess with what woks? This is cheap but it does the job well. I'm sticking with it. My adult son won't use any other toothbrush but the Spinbrush and he has great looking teeth. I'm sold!",5.0,Cheap but works really well for me.,B0012E0REM,A331BHAR0TRLWT,Positive,233,1178,"Cheap but works really well for me. My dentist told me I was brushing my teeth too hard and to get an electric toothbrush which will help keep my gums from receding. I don't like electric toothbrushes as a rule because they make me dizzy. I don't know why. My ears are a mess and I am hearing impaired so maybe the vibrations do it. I went with this one because it was cheap and, if it did cause me issues, at least I wouldn't be out a lot of money. I actually like it quite a bit. It does the job and doesn't make me dizzy thankfully. The head is not too firm which is good and it cleans my teeth well. My mouth and teeth feel much cleaner after using this Spinbrush than when I use a manual brush and brush my teeth like crazy (which is what resulted n my gums started to recede and the nerves being exposed. OUCH!). My dentist says my teeth look better and my gums are much less inflamed and have not receded anymore. I was going to buy an expensive toothbrush is this one worked out and didn't cause me to get dizzy but why mess with what woks? This is cheap but it does the job well. I'm sticking with it. My adult son won't use any other toothbrush but the Spinbrush and he has great looking teeth. I'm sold!",Positive,0.963,Neutral,0.06403508771929825
"It does the job ... --- My Criteria: 5-star: does the job well, with extra advantages 4-star: does the job well 3-star: helpful but doesn't accommodate all needs that one would expect 2-star: sketchy performance at best 1-star: they showed up for evaluation and: I have NO connection whatsoever with any mfgr/distributor of this product .. Nor would I EVER accept any compensation in ANY form for ANY of my many reviews!",4.0,sketchy performance at best 1-star: they showed up for evaluation and,B006UKIABA,A1IVL56RZ56U4R,Positive,72,420,"sketchy performance at best 1-star: they showed up for evaluation and It does the job ... --- My Criteria: 5-star: does the job well, with extra advantages 4-star: does the job well 3-star: helpful but doesn't accommodate all needs that one would expect 2-star: sketchy performance at best 1-star: they showed up for evaluation and: I have NO connection whatsoever with any mfgr/distributor of this product .. Nor would I EVER accept any compensation in ANY form for ANY of my many reviews!",Positive,0.8845,Positive,0.65625
"I have very sensitive skin and am latex allergic. A doctor used this on me when I had to have something removed on my face. It sticks well, but does not hurt my skin or break me out. It is the only thing I will use now and I am so happy to have found it here on Amazon.",5.0,Wonderful,B000CDP1I6,A11PK2MO25K5QW,Positive,59,269,"Wonderful I have very sensitive skin and am latex allergic. A doctor used this on me when I had to have something removed on my face. It sticks well, but does not hurt my skin or break me out. It is the only thing I will use now and I am so happy to have found it here on Amazon.",Positive,0.9395,Positive,0.4825
The unit seems to be pretty accurate.,4.0,Acurite 00613,B0013BKDO8,A3JW24ZWXI7WQV,Positive,7,37,Acurite 00613 The unit seems to be pretty accurate.,Positive,0.4939,Positive,0.32500000000000007
very good product,5.0,very good product,B0002YUNRE,A19L69KP85UQE1,Positive,3,17,very good product very good product,Positive,0.7496,Positive,0.9099999999999999
Price for product can't be beat. Thanks Amazon,5.0,Amazon is great,B00DRALJ28,A20BUNSLEKLOK4,Positive,8,46,Amazon is great Price for product can't be beat. Thanks Amazon,Positive,0.6242,Positive,0.5
This multipack was about half the price of my local auto parts store. This is a must have when you don't have the right gasket or are making your own products.,5.0,Good buy,B0002UEONM,A1C6RZG7XQZBUZ,Positive,31,159,Good buy This multipack was about half the price of my local auto parts store. This is a must have when you don't have the right gasket or are making your own products.,Positive,0.4404,Positive,0.2838095238095238
Nice but not as useful as the Shoulder Dolly 2-Person Lifting system.,4.0,Four Stars,B003F76A72,AC85ZV9NTD4K0,Positive,12,69,Four Stars Nice but not as useful as the Shoulder Dolly 2-Person Lifting system.,Negative,-0.298,Positive,0.44999999999999996
It was what was advised.,5.0,Five Stars,B00MGGTZ48,A29W2U9TWXDKUX,Positive,5,24,Five Stars It was what was advised.,Neutral,0.0,Neutral,0.0
Good stuff,5.0,Five Stars,B00V8JRD3E,AZGK78AWYMZN2,Positive,2,10,Five Stars Good stuff,Positive,0.4404,Positive,0.7
worked fine for my needs in dust collection system in wood shop,5.0,works good in my dust collection system,B0000DD23N,A1RZRKFQWJKTQP,Positive,12,63,works good in my dust collection system worked fine for my needs in dust collection system in wood shop,Positive,0.5719,Positive,0.5583333333333333
"I live these, so much so, that I have repeat purchased them. I use them to monitor temperature in my chicken coop, refrigerator, outside at a glance and I the crawl space to keep pipes from freezing. They come wired for PC applications but adapt nicely to others. F or C selectable via rear jumper. One downside is the temp was off from each other by a few degrees F, and they are not adjustable. Not a big deal for my applications.",4.0,Nice little temperature gauge,B00UKQHET4,A1QAELESTQTVQV,Positive,82,432,"Nice little temperature gauge I live these, so much so, that I have repeat purchased them. I use them to monitor temperature in my chicken coop, refrigerator, outside at a glance and I the crawl space to keep pipes from freezing. They come wired for PC applications but adapt nicely to others. F or C selectable via rear jumper. One downside is the temp was off from each other by a few degrees F, and they are not adjustable. Not a big deal for my applications.",Positive,0.4678,Neutral,0.042386363636363625
"As many of you know, silver-based compounds are superior to silicone bases for CPU heat transfer. I can tell you that Arctic Silver 5 proves this to be the case. I read the customer reviews on Radio Shack's site and they all praised the RS silicone compound, but it does not work sufficiently for modern machines in my experience. I have an Intel I5 760 Quadcore processor with the stock intel heat sink. With the RS silicone base, I was getting CPU temps of 99C at 100% load! This is the core max temp and is obviously not good for the processor. I achieved this max temp within 30 seconds of running Prime95 torture test and within about 1 minute of running a heavy TIF file export out of Lightroom3. I needed a different solution. I tried dismounting the heatsink, reapplying the RS compound - same deal. (I applied properly with a thin layer, evenly spread). All to no avail. Ordered this Arctic Silver 5 stuff and immediately at application, the difference was obvious. It's extremely thick and spreads very evenly. I used a guitar pick and got it very thin and very even on the heat sink plate. I installed it and immediately ran the Prime95 torture test... Whereas I got to 99C in seconds before, I have been running the torture test now (it's still going as I write) for about 32 MINUTES and the core temps have not exceeded 85C! I will never use another thermal compound for my CPUs.",5.0,Dropped my CPU Core temps by 14C vs. Radio Shack's silicone compound,B0002EQU6C,A3TWF9DQ6MU87E,Positive,253,1392,"Dropped my CPU Core temps by 14C vs. Radio Shack's silicone compound As many of you know, silver-based compounds are superior to silicone bases for CPU heat transfer. I can tell you that Arctic Silver 5 proves this to be the case. I read the customer reviews on Radio Shack's site and they all praised the RS silicone compound, but it does not work sufficiently for modern machines in my experience. I have an Intel I5 760 Quadcore processor with the stock intel heat sink. With the RS silicone base, I was getting CPU temps of 99C at 100% load! This is the core max temp and is obviously not good for the processor. I achieved this max temp within 30 seconds of running Prime95 torture test and within about 1 minute of running a heavy TIF file export out of Lightroom3. I needed a different solution. I tried dismounting the heatsink, reapplying the RS compound - same deal. (I applied properly with a thin layer, evenly spread). All to no avail. Ordered this Arctic Silver 5 stuff and immediately at application, the difference was obvious. It's extremely thick and spreads very evenly. I used a guitar pick and got it very thin and very even on the heat sink plate. I installed it and immediately ran the Prime95 torture test... Whereas I got to 99C in seconds before, I have been running the torture test now (it's still going as I write) for about 32 MINUTES and the core temps have not exceeded 85C! I will never use another thermal compound for my CPUs.",Negative,-0.9598,Neutral,-0.03875000000000001
Worked well. Place them on all cords as close to the speakers as possible.,5.0,Worked well.  Place them on all cords as close to the speakers as possible.,B009ENG6TI,AWRMRVKPJSZ60,Positive,14,74,Worked well.  Place them on all cords as close to the speakers as possible. Worked well. Place them on all cords as close to the speakers as possible.,Positive,0.4939,Neutral,0.0
"It is a soft stone, but leaves such a beautiful finish it is worth it. I needed to dress it first thing, but after that it ran very true for me.",5.0,Good stone,B001DSZ35K,A1GXPBG6RB7EGC,Positive,31,144,"Good stone It is a soft stone, but leaves such a beautiful finish it is worth it. I needed to dress it first thing, but after that it ran very true for me.",Positive,0.9299,Positive,0.37928571428571434
"This was my second purchase of the IC3D brand and I have found this product to be superior in quality and accuracy. The black PLA prints are clean and less far less glossy than the standard PLA prints I have created in the past. I highly recommend the IC3D high quality black PLA. I printed a black motorcycle cup holder that has been my best PLA print to date with this filament. Printing at medium settings (.2mm, 35 infill at a speed of 50) it produced a great looking product. This is my second filament purchase from IC3D and I am really satisfied that this company produces quality filaments.",5.0,It really is that good.,B00SAEEMHK,A15AE6MJ4CYB0Z,Positive,109,598,"It really is that good. This was my second purchase of the IC3D brand and I have found this product to be superior in quality and accuracy. The black PLA prints are clean and less far less glossy than the standard PLA prints I have created in the past. I highly recommend the IC3D high quality black PLA. I printed a black motorcycle cup holder that has been my best PLA print to date with this filament. Printing at medium settings (.2mm, 35 infill at a speed of 50) it produced a great looking product. This is my second filament purchase from IC3D and I am really satisfied that this company produces quality filaments.",Positive,0.9765,Positive,0.1896491228070175
"dap 12346 drydex spackle interior/exterior very easy to use. just the right amount of dry time. like that it comes in a tube, and is one color when applied, then white when dry.",5.0,good product,B002PMSSC8,A1XEMS1TNMK99N,Positive,33,177,"good product dap 12346 drydex spackle interior/exterior very easy to use. just the right amount of dry time. like that it comes in a tube, and is one color when applied, then white when dry.",Positive,0.8221,Positive,0.2359523809523809
Good price fast shipping,5.0,Works good,B007O6VF52,A3QXH2DBVAHPKW,Positive,4,24,Works good Good price fast shipping,Positive,0.7003,Positive,0.5333333333333333
"Outstanding - It is so light compared to any vacuum with similar performance that I have ever seen. My daughter and friend tried it, and love it too. Now my daughter has one too... The hose does not stay in the clip on the handle very well, but that isn't a big deal. I took the hose and the attachments off the vacuum, since I so seldom use them. I have purchased two, and may buy some for my grandkids too... Christmas is coming, always.",5.0,"I Bought Another One For My Daughter, Since She Loved Mine So Much.",B00CRCZHLQ,A2PLD524ZG1TSE,Positive,85,439,"I Bought Another One For My Daughter, Since She Loved Mine So Much. Outstanding - It is so light compared to any vacuum with similar performance that I have ever seen. My daughter and friend tried it, and love it too. Now my daughter has one too... The hose does not stay in the clip on the handle very well, but that isn't a big deal. I took the hose and the attachments off the vacuum, since I so seldom use them. I have purchased two, and may buy some for my grandkids too... Christmas is coming, always.",Positive,0.876,Positive,0.25370370370370376
Works ok,5.0,Five Stars,B0002T6L5M,A1BQFTITD6JC7F,Positive,2,8,Five Stars Works ok,Positive,0.296,Positive,0.5
"Seems sturdy and works well. However, collapsing it is overly difficult, the release bar is so tightly sprung that the cart ends up flipping up because you have to step down on it so hard.",4.0,"Good, with one issue",B0017TF2XS,A1O3AM1W8HSG7V,Positive,35,188,"Good, with one issue Seems sturdy and works well. However, collapsing it is overly difficult, the release bar is so tightly sprung that the cart ends up flipping up because you have to step down on it so hard.",Negative,-0.1447,Neutral,-0.08515873015873017
Works great on just about everything.,5.0,Works great,B00BCVXUR6,A27RSTA62L1P4S,Positive,6,37,Works great Works great on just about everything.,Positive,0.8481,Positive,0.8
"What can you say about staples. They work well. I bought the 1/2"" so they would go deeper. They are fine",4.0,Good Product,B000BQKBCK,ATX3JL39PHB7M,Positive,21,104,"Good Product What can you say about staples. They work well. I bought the 1/2"" so they would go deeper. They are fine",Positive,0.7003,Positive,0.5583333333333333
Works as it should.,5.0,Five Stars,B00CL588O2,A2NLBU4INSPMRL,Positive,4,19,Five Stars Works as it should.,Neutral,0.0,Neutral,0.0
"Exactly as described, shipped fast!",5.0,Five Stars,B007Y8UX80,A1PY39I4JR89MN,Positive,5,35,"Five Stars Exactly as described, shipped fast!",Neutral,0.0,Positive,0.25
I love The stuff even though I was disappointed at how quickly it melted away when trying to Torchfire it onto a piece of jewelry. My advice would be to be careful how much heat you apply and for how long and less you want the piece to be totally destroyed,5.0,Great product,B00KKUZ6PY,A1H8A0OH58UZD1,Positive,51,256,Great product I love The stuff even though I was disappointed at how quickly it melted away when trying to Torchfire it onto a piece of jewelry. My advice would be to be careful how much heat you apply and for how long and less you want the piece to be totally destroyed,Positive,0.5153,Neutral,0.0851851851851852
Very nice pan for the price. Makes a great all purpose frying pan with easy clean up.,5.0,Pretty and easy to clean.,B00LZKR3G8,APONSAV3M3K2X,Positive,17,85,Pretty and easy to clean. Very nice pan for the price. Makes a great all purpose frying pan with easy clean up.,Positive,0.9665,Positive,0.49000000000000005
heavy duty wheel works great!,5.0,Five Stars,B005DLLVWC,A9WMK10TEUNAY,Positive,5,29,Five Stars heavy duty wheel works great!,Positive,0.6588,Positive,0.4
"Great little set for various uses, for small items, need hex driver sets which I have. Lot of pieces for the money, look forward to using them for various projects.",5.0,Lot of pieces for the money; great for small projects.,B014ONCP88,A22GHD1G3OQTED,Positive,30,164,"Lot of pieces for the money; great for small projects. Great little set for various uses, for small items, need hex driver sets which I have. Lot of pieces for the money, look forward to using them for various projects.",Positive,0.8481,Positive,0.13035714285714287
Exactly what I wanted and great service,5.0,Five Stars,B0001MSC84,A29PL94X7WK0UU,Positive,7,39,Five Stars Exactly what I wanted and great service,Positive,0.6249,Positive,0.525
Works as described.,5.0,Five Stars,B006ROR6JQ,A1WXM7POHYXBFB,Positive,3,19,Five Stars Works as described.,Neutral,0.0,Neutral,0.0
This stuff works great. We routinely use Shaeffer Products in our shop because they make quality products. I used this most recently on an auto repair job on some old stubborn bolts and it worked excellent on them. Sprayed it on and waited about 5-10 minutes and they came right out.,5.0,Great product,B00JF2LI28,A26LD9FQHTM8ZH,Positive,51,283,Great product This stuff works great. We routinely use Shaeffer Products in our shop because they make quality products. I used this most recently on an auto repair job on some old stubborn bolts and it worked excellent on them. Sprayed it on and waited about 5-10 minutes and they came right out.,Positive,0.8807,Positive,0.4979591836734694
Great PVC cement. Industry standard.,4.0,Industry Standard,B000BLIC5S,A16N5DQWZG8H1Y,Positive,5,36,Industry Standard Great PVC cement. Industry standard.,Positive,0.6249,Positive,0.26666666666666666
Durable quality,5.0,Five Stars,B000RB5LP6,A2E2D43J0Y814A,Positive,2,15,Five Stars Durable quality,Neutral,0.0,Neutral,0.0
great product,5.0,Five Stars,B00K2DQV1M,A7ZNV0W6J8ZP6,Positive,2,13,Five Stars great product,Positive,0.6249,Positive,0.8
"Have not checked the accuracy,but is working fine. Nice to have.",4.0,but is working fine. Nice to have,B00DRALJ28,A23FGR8VEPJ3TM,Positive,11,64,"but is working fine. Nice to have Have not checked the accuracy,but is working fine. Nice to have.",Positive,0.8957,Positive,0.5083333333333333
Perfect for shrimping. I use an protected assembly. Works like a champ.,4.0,Bubba Gump,B00QSSHFCO,A1MFAPVBW9BEGD,Positive,12,71,Bubba Gump Perfect for shrimping. I use an protected assembly. Works like a champ.,Positive,0.9042,Positive,1.0
"I received this in the mail today and it is a ""very"" nice unit. Is is smooth but a bit seemd little stiff (not jerky) out of the box. It does not have a ""thumb"" wheel like the Starret which I also have in this size. I tried the Starret without using the thumb wheel and it was identical to the this unit in effort required. So a thumb wheel will reduce effort to move. I tried both the Starret and this unit on a known object and got exactlly the same readings as one would expect. The Silver numerals on the black back ground are as easy to read as the black on white numerals on the Starret even in dim light. This unit has a solid metal dial case (Starret has plastic) which I really like and seems to be a touch smaller in over all dimensions than the Starret. The unit comes in an attractive dark grey plastic case with a positive slide latch mechanism. The Starret comes in a red plastic box wih a simple ""pop"" type latch. Additionally this unit has space in the standard plastic case that is supplied for a T-Bar depth base. You must upgrade to the optional case if you want that for the Starret. All in all it is really hard to choose between the two as both are qulity instruments. Note if you get the T-Bar depth base you need to order part no. 5.60013. It is finished in silver and sized in mm and is approximatley 3 inches long and will fit in the supplied box. Do not order part 5.60086. It is finsihed in black. It will fit the caliper but is too big at 3.35"" long to fit in the cuttout in the supplied case!",5.0,Nice Caliper!,B0002FTZOA,A39LR8YOU5KQON,Positive,299,1522,"Nice Caliper! I received this in the mail today and it is a ""very"" nice unit. Is is smooth but a bit seemd little stiff (not jerky) out of the box. It does not have a ""thumb"" wheel like the Starret which I also have in this size. I tried the Starret without using the thumb wheel and it was identical to the this unit in effort required. So a thumb wheel will reduce effort to move. I tried both the Starret and this unit on a known object and got exactlly the same readings as one would expect. The Silver numerals on the black back ground are as easy to read as the black on white numerals on the Starret even in dim light. This unit has a solid metal dial case (Starret has plastic) which I really like and seems to be a touch smaller in over all dimensions than the Starret. The unit comes in an attractive dark grey plastic case with a positive slide latch mechanism. The Starret comes in a red plastic box wih a simple ""pop"" type latch. Additionally this unit has space in the standard plastic case that is supplied for a T-Bar depth base. You must upgrade to the optional case if you want that for the Starret. All in all it is really hard to choose between the two as both are qulity instruments. Note if you get the T-Bar depth base you need to order part no. 5.60013. It is finished in silver and sized in mm and is approximatley 3 inches long and will fit in the supplied box. Do not order part 5.60086. It is finsihed in black. It will fit the caliper but is too big at 3.35"" long to fit in the cuttout in the supplied case!",Positive,0.9877,Neutral,0.06961071756526302
"I was very impressed with this product. They look to be the same quality of the ones used in classrooms. I bought these to make cool volcano projects for my kids. Works great, and they are fairly thick glass so they won't crack as easy. They are glass so be careful!",5.0,High quality thick glass....high clarity,B006UKICMW,A36H2LRLF1EHMK,Positive,51,266,"High quality thick glass....high clarity I was very impressed with this product. They look to be the same quality of the ones used in classrooms. I bought these to make cool volcano projects for my kids. Works great, and they are fairly thick glass so they won't crack as easy. They are glass so be careful!",Positive,0.9054,Positive,0.22425925925925924
"My husband bought this as he hasn't been pleased with the quality of his sonicare brush heads lately and decided to give another brand a try. He said he likes it enough to not regret purchasing it, but not enough to commit to giving up his sonicare quite yet. He said he would not order one for me though as the brush head feels significantly larger than the sonicare brush head and I have a tiny mouth, so he wouldn't recommend it for small mouths! He likes that this brush you just replace the top part and don't have to worry about getting new heads that have faulty magnets in them and don't vibrate properly (his issue with sonicare).",4.0,My husband bought this as he hasn't been pleased with the quality of his sonicare brush heads lately ...,B00GM4G5ZM,A1OT9UJU5J5SCZ,Positive,119,639,"My husband bought this as he hasn't been pleased with the quality of his sonicare brush heads lately ... My husband bought this as he hasn't been pleased with the quality of his sonicare brush heads lately and decided to give another brand a try. He said he likes it enough to not regret purchasing it, but not enough to commit to giving up his sonicare quite yet. He said he would not order one for me though as the brush head feels significantly larger than the sonicare brush head and I have a tiny mouth, so he wouldn't recommend it for small mouths! He likes that this brush you just replace the top part and don't have to worry about getting new heads that have faulty magnets in them and don't vibrate properly (his issue with sonicare).",Positive,0.6391,Neutral,0.060321969696969686
Useful,5.0,Five Stars,B00002NC3K,A33HT4SBZPY65U,Positive,1,6,Five Stars Useful,Positive,0.4404,Positive,0.3
The toothpaste is soft and melts as you brush your teeth. Very gentle. The mint is not overpowering to the point that it stings.,5.0,Great Mint Taste,B00935OGW6,A25WJCAP606YMP,Positive,24,128,Great Mint Taste The toothpaste is soft and melts as you brush your teeth. Very gentle. The mint is not overpowering to the point that it stings.,Positive,0.807,Positive,0.3866666666666667
"Great little drivers. Far better than the Pololu A4988s that I replaced. They work really well without producing any motor chatter, and the included heatsinks have really good adhesive on them, so they attach securely. Very pleased with these drivers.",5.0,Great little drivers,B0166QZ5HO,A2ASKZL7QAL66M,Positive,40,251,"Great little drivers Great little drivers. Far better than the Pololu A4988s that I replaced. They work really well without producing any motor chatter, and the included heatsinks have really good adhesive on them, so they attach securely. Very pleased with these drivers.",Positive,0.9682,Positive,0.37500000000000006
Bought this adaptor to attach our aluminum downspout to the flexdrain. It does the job of keep the water away from our house and even made it through Hurricane Irene. That surely was the acid test for any outdoor product.,5.0,Diverts the water away from our house,B002TN1NMK,A1IH42TUIZ2XJL,Positive,40,221,Diverts the water away from our house Bought this adaptor to attach our aluminum downspout to the flexdrain. It does the job of keep the water away from our house and even made it through Hurricane Irene. That surely was the acid test for any outdoor product.,Positive,0.4404,Positive,0.5
"The only filament that prints great, and is affordable.",5.0,Five Stars,B00MEZEEJ2,A108SIKD3FKAIF,Positive,9,55,"Five Stars The only filament that prints great, and is affordable.",Positive,0.6249,Positive,0.4
"Great product line, Gorilla glue does an awesome job adhering broken ceramic figurines to bonding wood and plastic easily. Many uses, Solid and proven fixer for those ""oops"" times when the feather duster knocks items off the shelf and you don't want to score the wrath of your spouse. Gorilla glue saves relationships!",5.0,"Original Gorilla glue, good stuff",B0001GAYRC,A177EE11AYO4XW,Positive,53,318,"Original Gorilla glue, good stuff Great product line, Gorilla glue does an awesome job adhering broken ceramic figurines to bonding wood and plastic easily. Many uses, Solid and proven fixer for those ""oops"" times when the feather duster knocks items off the shelf and you don't want to score the wrath of your spouse. Gorilla glue saves relationships!",Positive,0.9242,Positive,0.425
"I would love to tell you that it'll never break & that this is a 1 time buy , but stuff happens. It's heat resistant not break proof , but it's so nice to use over the cheapness of the others out there. Spend the extra money & enjoy and if it happens to slip out of your fingers during a whiskey proof , or whatever -- maybe don't be quite as drunk on your own concocted beverage while using the Pyrex -- get the plastic one out for those nights. Personally I have 3 -- I will risk breaking just to get to use them. Fortunately no breaks & just hard knocks & a few slips thru the fingers to glass table so far , but nothing has broke either.",5.0,Pyrex - decent quality,B004DGIJF0,A36HX91HE4Y4VS,Positive,131,641,"Pyrex - decent quality I would love to tell you that it'll never break & that this is a 1 time buy , but stuff happens. It's heat resistant not break proof , but it's so nice to use over the cheapness of the others out there. Spend the extra money & enjoy and if it happens to slip out of your fingers during a whiskey proof , or whatever -- maybe don't be quite as drunk on your own concocted beverage while using the Pyrex -- get the plastic one out for those nights. Personally I have 3 -- I will risk breaking just to get to use them. Fortunately no breaks & just hard knocks & a few slips thru the fingers to glass table so far , but nothing has broke either.",Positive,0.7395,Neutral,0.09791666666666667
Perfect for my Camp Nurse clinic.,5.0,Five Stars,B000WHPVC8,A3B50DYGU0IEIN,Positive,6,33,Five Stars Perfect for my Camp Nurse clinic.,Positive,0.5719,Positive,1.0
"This blue is a lovely shade, represented well on the computer screen. However, the pleasant surprise for me was the iridescent sheen it also has. We were printing small dolphins for the Elementary School and was pleasantly surprised with the effect. It was easy to install and arrived super quick. We will continue to buy Dremel brand filament.",5.0,Surprising Sheen!,B00NA00GJW,AHRNDSKWH1YBT,Positive,58,344,"Surprising Sheen! This blue is a lovely shade, represented well on the computer screen. However, the pleasant surprise for me was the iridescent sheen it also has. We were printing small dolphins for the Elementary School and was pleasantly surprised with the effect. It was easy to install and arrived super quick. We will continue to buy Dremel brand filament.",Positive,0.9735,Positive,0.3358333333333333
You really need to get this if you have a tens device. For those that have one already you already know you need this. For those that don't and are just getting into using a tens device you will quickly see this stuff is needed.,5.0,gel or shock !!,B00AMGUZ70,A2LFR2GPEK3WQI,Positive,45,228,gel or shock !! You really need to get this if you have a tens device. For those that have one already you already know you need this. For those that don't and are just getting into using a tens device you will quickly see this stuff is needed.,Negative,-0.4912,Positive,0.26666666666666666
I had one of these a long time ago and lost it when I loaned it out to a buddy who never brought it back. Just bought a new to me used vehicle and have been working on it to repair some of the small faults that come with an older vehicle. I found myself needing to see where I could not see conventionally so I bought this. It has helped me three times already make repairs in tight places. Glad I bought it.,5.0,It works for me.,B000GTJJ5W,AQJUBIWM5GPEZ,Positive,84,408,It works for me. I had one of these a long time ago and lost it when I loaned it out to a buddy who never brought it back. Just bought a new to me used vehicle and have been working on it to repair some of the small faults that come with an older vehicle. I found myself needing to see where I could not see conventionally so I bought this. It has helped me three times already make repairs in tight places. Glad I bought it.,Negative,-0.34,Neutral,0.02270021645021645
Looks great!,5.0,Just what i needed.,B00ME7YUIU,A10T6G5Z2T8TVI,Positive,2,12,Just what i needed. Looks great!,Positive,0.6588,Positive,1.0
I was very happy with this item. It meet my expectations and work as described.,5.0,Five Stars,B008DS266M,AR7IBWK9O139H,Positive,15,79,Five Stars I was very happy with this item. It meet my expectations and work as described.,Positive,0.6115,Positive,1.0
"These are great magnets. They have a very strong hold. I used one to hang a partially-full backpack from a metal ceiling. I have not conducted a formal experiment to see if they will really hold 40 lbs, but when stuck on a horizontal surface, I can definitely say they at least come close.",5.0,Powerful hold!,B01F866W7U,AQAT7HWPDXACL,Positive,54,289,"Powerful hold! These are great magnets. They have a very strong hold. I used one to hang a partially-full backpack from a metal ceiling. I have not conducted a formal experiment to see if they will really hold 40 lbs, but when stuck on a horizontal surface, I can definitely say they at least come close.",Positive,0.7957,Positive,0.27305555555555555
great product. we used them for pressing and wrapping sausage and worked like a charm,4.0,Four Stars,B001CDTZYQ,A1SHWO3I1DO06T,Positive,15,85,Four Stars great product. we used them for pressing and wrapping sausage and worked like a charm,Positive,0.8519,Positive,0.8
"clear picture, very nice for the price",5.0,very nice for the,B00KJ5TE7G,AHONA9NRSRI3L,Positive,7,38,"very nice for the clear picture, very nice for the price",Positive,0.831,Positive,0.5533333333333333
It came out really good.,5.0,:-),B007IW07PQ,A3W4601J7UCE6M,Positive,5,24,:-) It came out really good.,Positive,0.6697,Positive,0.6
Great value. These would have cost a fortune at radioshack or any local parts store. The box has more than I probably need but I am glad to have them and I am sure I will get my money's worth from the ones I do use.,5.0,Great value. These would have cost a fortune at ...,B006XGK05A,A4IM0ZAMQS34Y,Positive,46,215,Great value. These would have cost a fortune at ... Great value. These would have cost a fortune at radioshack or any local parts store. The box has more than I probably need but I am glad to have them and I am sure I will get my money's worth from the ones I do use.,Positive,0.9413,Positive,0.4857142857142857
Perfect for fishgeeks great size for doing water changes rolls up and fits in a bucket really well expensive for a small peace of hose,4.0,FishGeeks,B000FMWU42,A2FCGDCV199Q7S,Positive,25,134,FishGeeks Perfect for fishgeeks great size for doing water changes rolls up and fits in a bucket really well expensive for a small peace of hose,Positive,0.9286,Positive,0.25
as advertised,5.0,Five Stars,B00E8JPEMS,A33EKJ9PJNV82M,Positive,2,13,Five Stars as advertised,Neutral,0.0,Neutral,0.0
Shipped quickly and was just as described.,5.0,Five Stars,B0007LDJ9Q,A14BTWTPGBT857,Positive,7,42,Five Stars Shipped quickly and was just as described.,Neutral,0.0,Positive,0.3333333333333333
I LOVE DUCT TAPE; this type can be used in any application where you don't want to see the tape.,5.0,TRANSPARENT DUCT TAPE,B0000DH8I8,A2TYI71R8SB69K,Positive,20,96,TRANSPARENT DUCT TAPE I LOVE DUCT TAPE; this type can be used in any application where you don't want to see the tape.,Positive,0.6918,Positive,0.5
good clamps for a good price would be better rod and the part with two prongs were one solid piece but you get what you pay for and it dose what it should. No complaints,4.0,good clamps for a good price would be better rod ...,B0018MGRQU,A1CJDHRGQ6SN6H,Positive,35,169,good clamps for a good price would be better rod ... good clamps for a good price would be better rod and the part with two prongs were one solid piece but you get what you pay for and it dose what it should. No complaints,Positive,0.883,Positive,0.5428571428571428
best tape ever,5.0,Five Stars,B000087KUA,AR3JSFFDPPV15,Positive,3,14,Five Stars best tape ever,Positive,0.6369,Positive,1.0
great product,5.0,Five Stars,B0013BKDO8,AQWIXWMMY5SSY,Positive,2,13,Five Stars great product,Positive,0.6249,Positive,0.8
Work as expected.,5.0,Work as expected,B01E913IJK,AYHBDHK10YJTB,Positive,3,17,Work as expected Work as expected.,Neutral,0.0,Neutral,-0.1
"Works Great, would Buy Again!!",5.0,Five Stars,B003PDNEBQ,A2RDXPT09B407T,Positive,5,30,"Five Stars Works Great, would Buy Again!!",Positive,0.6892,Positive,1.0
"This one still going strong after almost a year of use. Not perfectly flat, but decent.",5.0,good glass.,B00QQ5Q3BI,AUCJOKM6N5ORU,Positive,16,87,"good glass. This one still going strong after almost a year of use. Not perfectly flat, but decent.",Positive,0.2302,Positive,0.328125
"My handtruck has the wheels retained on the axles with these. I had to remove a tire to repair it, and the original retainer broke as it was being removed. I searched the internet, including Amazon, for a replacement, but could not find one of the appropriate size. Two days later, on Amazon again, there it was, on the ribbon part way down the page I happened to be on. Thank you Amazon, for finding this for me. They are high quality, stainless steel, and fit perfectly. When I first received them, I thought the count was wrong, as they were packaged in a plastic bag, and I could only see 3. But upon opening the bag, I found that several were nested, and impossible to discern as being nested, without first opening the bag.",5.0,Perfect fit for my hand truck.,B0062O6K3Y,A3MS1YV9MAUR0S,Positive,135,729,"Perfect fit for my hand truck. My handtruck has the wheels retained on the axles with these. I had to remove a tire to repair it, and the original retainer broke as it was being removed. I searched the internet, including Amazon, for a replacement, but could not find one of the appropriate size. Two days later, on Amazon again, there it was, on the ribbon part way down the page I happened to be on. Thank you Amazon, for finding this for me. They are high quality, stainless steel, and fit perfectly. When I first received them, I thought the count was wrong, as they were packaged in a plastic bag, and I could only see 3. But upon opening the bag, I found that several were nested, and impossible to discern as being nested, without first opening the bag.",Positive,0.9485,Positive,0.20079861111111116
This Stuff is AMAZING!,5.0,Five Stars,B00PQD7GRQ,A31816PL6J9JZ3,Positive,4,22,Five Stars This Stuff is AMAZING!,Positive,0.7027,Positive,0.7500000000000001
"I used this primarily for color coding our luggage for easy identification. It is thin, stretchy, and very sticky, so I was also able to use it to protect the outside edge of my 3 and 5 wood golf clubs which were getting chipped.",5.0,Adheres well. Excellent on rounded surfaces and corners.,B001NNRWPY,A2C0QJVID4W3N9,Positive,44,229,"Adheres well. Excellent on rounded surfaces and corners. I used this primarily for color coding our luggage for easy identification. It is thin, stretchy, and very sticky, so I was also able to use it to protect the outside edge of my 3 and 5 wood golf clubs which were getting chipped.",Positive,0.8834,Positive,0.3047619047619047
"What I like: It's small, which means it fits in a small apartment closet. It's lightweight. It does a very good job. The power button is foot activated. It does a much better job that would be expected, given the low price. What I dislike: It's small, which means it doesn't clean a very wide section at a time. There is no handle release. You just sort of add counter-force and pull it down. There are very few attachments, and you need to turn a knob to turn from cleaning the floor to using the attachment, which is a little inconvenient. Overall, for apartments, the combination of size, price, and power is perfect.",5.0,Good for an apartment,B00CRCZHLQ,AGJRUK27RBVYS,Positive,113,620,"Good for an apartment What I like: It's small, which means it fits in a small apartment closet. It's lightweight. It does a very good job. The power button is foot activated. It does a much better job that would be expected, given the low price. What I dislike: It's small, which means it doesn't clean a very wide section at a time. There is no handle release. You just sort of add counter-force and pull it down. There are very few attachments, and you need to turn a knob to turn from cleaning the floor to using the attachment, which is a little inconvenient. Overall, for apartments, the combination of size, price, and power is perfect.",Positive,0.8593,Neutral,0.08085069444444445
Thank you!,5.0,Five Stars,B00AU6XZWO,A1NEUDINVDNP9Z,Positive,2,10,Five Stars Thank you!,Positive,0.4199,Neutral,0.0
These gloves work great and don't tear as easily as the thinner ones.,5.0,Five Stars,B00ANYYY5U,A14V5S42XCL7IB,Positive,13,69,Five Stars These gloves work great and don't tear as easily as the thinner ones.,Positive,0.4703,Positive,0.6166666666666667
"Great filament- I never have any problems with 3DS. I do wish they would add just a bit more color- many of their filaments are not as opaque as I would like. The navy is a good, solid color.",5.0,3DS filaments always print well in my machine.,B00PF7NU7S,A3RPHCX9THYA9Y,Positive,39,191,"3DS filaments always print well in my machine. Great filament- I never have any problems with 3DS. I do wish they would add just a bit more color- many of their filaments are not as opaque as I would like. The navy is a good, solid color.",Positive,0.9447,Positive,0.5
Works excellent..it is the industry standard.,5.0,Arctic Silver is the best,B0002EQU6C,AWTSF7OQL8QM8,Positive,6,45,Arctic Silver is the best Works excellent..it is the industry standard.,Positive,0.6369,Positive,0.5
Does the Job.,5.0,Does the Job.,B0018ACR6G,A13SIMPN41RFMV,Positive,3,13,Does the Job. Does the Job.,Neutral,0.0,Neutral,0.0
Used to use for hot tub - now use for canning (to make sure food product is acidic enough for water bath). Love them.,5.0,pH paper,B008IBOG7G,AL2DRD3J2Z4EQ,Positive,24,117,pH paper Used to use for hot tub - now use for canning (to make sure food product is acidic enough for water bath). Love them.,Positive,0.7579,Positive,0.3125
"The glass is a little thicker some places around the mouth, so it is made a bit unevenly. I plan to use it to heat oil on a little plate stove so I am afraid it may burst. I will have to report back. The price is right, if you plan to use cold I think you may be pleased. UPDATE: After a comment I received and a little research I feel it safe to heat. I am not sure if anything changed since I purchased this but the page seems to show a little more complete description than I remember. The little one is still unused, I may just use it to make a mini hookah pipe. Or a shot glass.",4.0,Price is right.  Time for science.,B008VIHFSI,A1FCMWIRX04X5B,Positive,122,583,"Price is right.  Time for science. The glass is a little thicker some places around the mouth, so it is made a bit unevenly. I plan to use it to heat oil on a little plate stove so I am afraid it may burst. I will have to report back. The price is right, if you plan to use cold I think you may be pleased. UPDATE: After a comment I received and a little research I feel it safe to heat. I am not sure if anything changed since I purchased this but the page seems to show a little more complete description than I remember. The little one is still unused, I may just use it to make a mini hookah pipe. Or a shot glass.",Positive,0.344,Neutral,-0.026004464285714284
Really nice O-Scope for this price.,5.0,Everything I need and more. Great Value.,B012938E76,A1AQZL6GGFNZYC,Positive,6,35,Everything I need and more. Great Value. Really nice O-Scope for this price.,Positive,0.8797,Positive,0.6333333333333333
great product ..my goto filament,5.0,Five Stars,B00M0CS1BQ,A292SLUXZE1IPH,Positive,5,32,Five Stars great product ..my goto filament,Positive,0.6249,Positive,0.8
Works great!,5.0,Works Great  Good buy.,B001I9UMQ4,A36QVU856PYQLU,Positive,2,12,Works Great  Good buy. Works great!,Positive,0.908,Positive,0.8333333333333334
good for all small radio/ audio wire installation I will buy more and the future kit good quality and price,5.0,quality price,B000EIO86A,A2AW00QO4GB8Y5,Positive,20,107,quality price good for all small radio/ audio wire installation I will buy more and the future kit good quality and price,Positive,0.7003,Positive,0.32999999999999996
One good smooth sanding for my grinder! Price is unbeatable.,5.0,Sanding Pro,B000WGHZYG,A35G349TH8JL5D,Positive,10,60,Sanding Pro One good smooth sanding for my grinder! Price is unbeatable.,Positive,0.4926,Positive,0.6
"This is a nice set which includes two different color coded power toothbrushes with batteries, plus two extra brudh heads, plus a tube of toothpaste. Everyone in the family uses power toothbrushes. At home we use OralB and Sonicare, but I took Spinbrush to work to use after lunch. I think it works as well as more expensive brushed we use at home. The handle is comfortable,vand I like the dual action brush heads - one spins,can other reciprocates. It is a bit loud, but not much more than my OralB 4000 at home and not so much that you cannot tolerate it for two minutes. The clean feeling in my mouth is worth it. The toothpaste is fine. It didn't whiten my teeth, but it could be because I have been using whitening toothpastes for years. Nice set overall",4.0,A great set for two,B010XPSWGA,A3G5MOHY1U635N,Positive,140,760,"A great set for two This is a nice set which includes two different color coded power toothbrushes with batteries, plus two extra brudh heads, plus a tube of toothpaste. Everyone in the family uses power toothbrushes. At home we use OralB and Sonicare, but I took Spinbrush to work to use after lunch. I think it works as well as more expensive brushed we use at home. The handle is comfortable,vand I like the dual action brush heads - one spins,can other reciprocates. It is a bit loud, but not much more than my OralB 4000 at home and not so much that you cannot tolerate it for two minutes. The clean feeling in my mouth is worth it. The toothpaste is fine. It didn't whiten my teeth, but it could be because I have been using whitening toothpastes for years. Nice set overall",Positive,0.9638,Positive,0.18284313725490198
I bought this to repair to the family star ship. Allows me to enter warp drive by holding the bobit in the receiver socket. No longer pops out when I enter wrap drive. (It is just tape.....good ol scotch electrical tape....it is sticky).,5.0,Allows me to stay in wrap drive.,B001ULCB1O,A1LJP7U42R7X91,Positive,43,237,Allows me to stay in wrap drive. I bought this to repair to the family star ship. Allows me to enter warp drive by holding the bobit in the receiver socket. No longer pops out when I enter wrap drive. (It is just tape.....good ol scotch electrical tape....it is sticky).,Negative,-0.296,Neutral,0.0
Arrived in great shape. I like them for carrying around a small amount of essential oils.,5.0,Five Stars,B00ILCCUN4,A1A776D5DH3A12,Positive,16,89,Five Stars Arrived in great shape. I like them for carrying around a small amount of essential oils.,Positive,0.765,Positive,0.18333333333333335
these are excellent,4.0,best over many competitive products,B003Y49R7G,A2QCV09RS094YU,Positive,3,19,best over many competitive products these are excellent,Positive,0.8625,Positive,0.8333333333333334
Better files cannot be purchased! Nicholson is the top of the line!,5.0,"I've bought Nicholson files for more than 30 years, would not have another name brand",B001T4K1O6,A387SF464HL3C,Positive,12,67,"I've bought Nicholson files for more than 30 years, would not have another name brand Better files cannot be purchased! Nicholson is the top of the line!",Positive,0.6467,Positive,0.5833333333333334
"Very easy to use, is just what an sphygmomanometer should be. As a critical care nurse, I highly recommend this. Cuff appears to have a pretty wide range of arm sizing, from say Medium to Large, but may not work as well on a pedi or a XL/XXL cuff if needed. Great for an average-ish spectrum of people.",5.0,Great price for a great Sphyg!,B00ACBKNS6,A1XGNH18THSJOB,Positive,58,302,"Great price for a great Sphyg! Very easy to use, is just what an sphygmomanometer should be. As a critical care nurse, I highly recommend this. Cuff appears to have a pretty wide range of arm sizing, from say Medium to Large, but may not work as well on a pedi or a XL/XXL cuff if needed. Great for an average-ish spectrum of people.",Positive,0.9367,Positive,0.4097354497354498
A perfect bake and toss non-stick pan that you can cook a nice size salmon without having to clean up a bunch of cookware. This is nice because I am the only one in my family that really likes salmon and I usually will bake a modest amount of fish at one time so I can eat it over a few days.,5.0,Bake and toss. Non-stick goodness. Brilliant!,B014UN3AE0,A226VGZWOEBPGL,Positive,62,292,Bake and toss. Non-stick goodness. Brilliant! A perfect bake and toss non-stick pan that you can cook a nice size salmon without having to clean up a bunch of cookware. This is nice because I am the only one in my family that really likes salmon and I usually will bake a modest amount of fish at one time so I can eat it over a few days.,Positive,0.9533,Positive,0.3416666666666667
"As a contractor, I tend to buy a lot of tools knowing that someday I'm going to need them and in THAT ONE TIME, they will pay for themselves. I recently installed a large volume of prefinished hardwood flooring for a client and wished that I had bought these when I needed to move their Grandfather clock back into the room. Glass on three sides. People complain about the harnesses, but for a mere $10 extra you give yourself another aid that may make the original product adapt to an unusual situation. At $30 for the whole set, you will thank yourself the one time you save a valuable piece of furniture.",5.0,"As a contractor, I tend to buy a lot ...",B011RZDAKS,A3LYHE9R7LDZO3,Positive,112,607,"As a contractor, I tend to buy a lot ... As a contractor, I tend to buy a lot of tools knowing that someday I'm going to need them and in THAT ONE TIME, they will pay for themselves. I recently installed a large volume of prefinished hardwood flooring for a client and wished that I had bought these when I needed to move their Grandfather clock back into the room. Glass on three sides. People complain about the harnesses, but for a mere $10 extra you give yourself another aid that may make the original product adapt to an unusual situation. At $30 for the whole set, you will thank yourself the one time you save a valuable piece of furniture.",Positive,0.9287,Neutral,0.06116071428571429
"Two packs of litmus paper, perfect for home school chem lab",5.0,1-14 full range for chem lab,B008IBOG7G,A13G1TKIKHGV3F,Positive,11,59,"1-14 full range for chem lab Two packs of litmus paper, perfect for home school chem lab",Positive,0.5719,Positive,0.675
Love gorilla glue They are strong and it holds well Got it for work to fix some fall out parts and it holds very well,5.0,Gorilla is the one to go,B001Z3C3AG,A3AHXJ3F5Q0R81,Positive,25,117,Gorilla is the one to go Love gorilla glue They are strong and it holds well Got it for work to fix some fall out parts and it holds very well,Positive,0.8999,Positive,0.37777777777777777
"Never have problems with inland filament. Lays down smooth, great layer adhesion.",5.0,"Good price, great quality",B00YQBAFX6,A1SC6RT732PJTG,Positive,12,81,"Good price, great quality Never have problems with inland filament. Lays down smooth, great layer adhesion.",Positive,0.924,Positive,0.5088888888888888
Now they can't say they weren't warned :-),5.0,Be a good neighbor,B00EQEY1UG,A2QLAZJQ85TCPT,Positive,8,42,Be a good neighbor Now they can't say they weren't warned :-),Positive,0.4122,Positive,0.6
EXCELENT PRODUCT,5.0,Five Stars,B001766LZO,A1QKBKYZZRQNEN,Positive,2,16,Five Stars EXCELENT PRODUCT,Neutral,0.0,Neutral,0.0
"The Sawyer Water Filter ! Both Ends ! 5/16 "" ID Fits So Perfectly ! A Perfect Grip ! On Or Off ! Prying ? Optional ! Cut As Needed ! Inside The Bottle Or Out ! Food Grade Soft Silicone ! And The 1/2"" OD ? Impressive ! Snow White ? Almost ! And So Soft And Rubbery ! Thanks Amazon ! All Good ! 10 Feet !",5.0,A Sawyer Perfect Fit !!,B000FN1FLA,A3SPRSLV03DT6Y,Positive,69,302,"A Sawyer Perfect Fit !! The Sawyer Water Filter ! Both Ends ! 5/16 "" ID Fits So Perfectly ! A Perfect Grip ! On Or Off ! Prying ? Optional ! Cut As Needed ! Inside The Bottle Or Out ! Food Grade Soft Silicone ! And The 1/2"" OD ? Impressive ! Snow White ? Almost ! And So Soft And Rubbery ! Thanks Amazon ! All Good ! 10 Feet !",Positive,0.9792,Positive,0.6085069444444444
"I love the quality and the price of this filament and its the only brand i use since i start in 3d printing, i really recommend it",5.0,the excellent quality,B00ME7CV7C,A2QNQ9QH8SGUTR,Positive,27,130,"the excellent quality I love the quality and the price of this filament and its the only brand i use since i start in 3d printing, i really recommend it",Positive,0.8932,Positive,0.425
Excellent product!,5.0,Excellent product!,B001CDTZYQ,A222QQ0Z5DDHWZ,Positive,2,18,Excellent product! Excellent product!,Positive,0.8395,Positive,1.0
I use these for growing cannabis in. They are tough containers.,5.0,I use these for growing cannabis in.  They are tough containers.,B0001MSC84,AY9CK4ZJGCZEC,Positive,11,63,I use these for growing cannabis in.  They are tough containers. I use these for growing cannabis in. They are tough containers.,Positive,0.1027,Negative,-0.3888888888888889
Fast shipping good price.,5.0,Five Stars,B009EU5ZM0,A3JV7WN9344IXT,Positive,4,25,Five Stars Fast shipping good price.,Positive,0.4404,Positive,0.44999999999999996
"I purchased the wrong thing so I was a little disappointing when it didn't work. However, I set it up the right direction on another device and it works great.",5.0,I set it up the right direction on another device and it works great.,B005F20756,ARP8LSQ93Y09,Positive,30,159,"I set it up the right direction on another device and it works great. I purchased the wrong thing so I was a little disappointing when it didn't work. However, I set it up the right direction on another device and it works great.",Positive,0.4927,Positive,0.12627551020408165
Good,5.0,Five Stars,B002T44RI6,A1JU8GN9ZBXRIV,Positive,1,4,Five Stars Good,Positive,0.4404,Positive,0.7
It's a chain and it's safe!!!,5.0,Five Stars,B001445JZ2,AAU5M4X3I03RD,Positive,6,29,Five Stars It's a chain and it's safe!!!,Positive,0.5826,Positive,0.9765625
"I see a lot of fuss about how bad the ""cheap"" v6 hot ends are and I don't understand it. This is a nice item and performs well. I had to clean up the machining where the filament enters but that's a small price to pay for such a low priced item.",4.0,Works great!,B010MSTVZO,A2BIKJK1NF86HK,Positive,52,245,"Works great! I see a lot of fuss about how bad the ""cheap"" v6 hot ends are and I don't understand it. This is a nice item and performs well. I had to clean up the machining where the filament enters but that's a small price to pay for such a low priced item.",Positive,0.1635,Positive,0.18518518518518523
nice,5.0,Five Stars,B000EJ332O,AN4Z57WWKC8Y2,Positive,1,4,Five Stars nice,Positive,0.4215,Positive,0.6
Works OK but not very loud on 5v.,4.0,Four Stars,B00B0Q4KKO,A18LPI90SVQ072,Positive,8,33,Four Stars Works OK but not very loud on 5v.,Positive,0.2421,Positive,0.23076923076923078
Easy to install and use. Works great with my Arduino projects.,5.0,Five Stars,B00EZ89A54,AWK0BPMWTT67Q,Positive,11,62,Five Stars Easy to install and use. Works great with my Arduino projects.,Positive,0.7906,Positive,0.6166666666666667
Great deal,5.0,Five Stars,B0051IB63Q,A2D1PTMMCA93BV,Positive,2,10,Five Stars Great deal,Positive,0.6249,Positive,0.8
See title ~~~~ much cheaper at local store,5.0,nice product but cheaper at your local store,B00631GQGW,A1VBC58LBURZXN,Positive,8,42,nice product but cheaper at your local store See title ~~~~ much cheaper at local store,Positive,0.2263,Positive,0.2
I wish more places had this flavor. It's perfect for just freshening your mouth in between meals.,5.0,Wonderful taste,B001EJOPUC,A3977ZXB1G0H08,Positive,17,97,Wonderful taste I wish more places had this flavor. It's perfect for just freshening your mouth in between meals.,Positive,0.8779,Positive,0.8333333333333334
"as described, works fine",5.0,good plant sprayer,B0105QCNOO,A1XEMS1TNMK99N,Positive,4,24,"good plant sprayer as described, works fine",Positive,0.5719,Positive,0.5583333333333333
This stuff is fantastic sued in places were its to small for shrink tube.,5.0,Just Amazing,B000FPAN2K,A3VFRG9YVQCUWO,Positive,14,73,Just Amazing This stuff is fantastic sued in places were its to small for shrink tube.,Positive,0.8126,Positive,0.25
Works great,5.0,Five Stars,B0143LD8QY,A22T203MYVGUDE,Positive,2,11,Five Stars Works great,Positive,0.6249,Positive,0.8
Wonderful vice for my watchmaker/clockmakers bench. The swivel head really comes in handy!! I'll be ordering another one for my electronics bench.,5.0,"A must have for any hobbyist, or craftsman who work with small or delicate parts.",B0013E2AQY,A7Q36UX8C39IC,Positive,22,146,"A must have for any hobbyist, or craftsman who work with small or delicate parts. Wonderful vice for my watchmaker/clockmakers bench. The swivel head really comes in handy!! I'll be ordering another one for my electronics bench.",Positive,0.6688,Positive,0.3175
Nice terminals for my low voltage distribution.,4.0,Four Stars,B01AQ94ERY,A1WS6CY7WJACIT,Positive,7,47,Four Stars Nice terminals for my low voltage distribution.,Positive,0.1779,Positive,0.3
"It arrived, it has all contents and should be fun to use.",5.0,it has all contents and should be fun to use,B00JZ18KNY,A10CP7XAHJTEB5,Positive,12,57,"it has all contents and should be fun to use It arrived, it has all contents and should be fun to use.",Positive,0.765,Positive,0.3
Best filament I have used in my Robo R1+. After 20+ rolls I have had only 2 jams and one filament break.,5.0,Best filament I have used in my Robo R1+,B00ME7FA7U,A36EY3KBQDNNU2,Positive,22,104,Best filament I have used in my Robo R1+ Best filament I have used in my Robo R1+. After 20+ rolls I have had only 2 jams and one filament break.,Positive,0.8555,Positive,0.6666666666666666
"Nice meter and functions. Tracks highs and lows. Great for setting up your humidifier/dehumidifier and monitoring accuracy, checking various rooms in the house/basement.",5.0,This is the one to get,B00DRALJ28,A3DDPX2SPJ332B,Positive,23,169,"This is the one to get Nice meter and functions. Tracks highs and lows. Great for setting up your humidifier/dehumidifier and monitoring accuracy, checking various rooms in the house/basement.",Positive,0.7269,Positive,0.4666666666666666
YES!!,5.0,YES!  GET SOME!,B001E5ZWT4,A1NIBE2WEWDQN3,Positive,1,5,YES!  GET SOME! YES!!,Positive,0.7627,Neutral,0.0
Great quality did the job and no defects.,5.0,Great quality,B01D83GZ7C,A1X8WLQ9D9PS93,Positive,8,41,Great quality Great quality did the job and no defects.,Positive,0.8875,Positive,0.8
I use mine for rehydrating dry yeast for brewing - these flasks are great to heat directly on my gas stove and going directly into an ice bath without any signs of stress. The flask arrived clean and without any visible defects. Thanks for a great product.,5.0,Great for Yeast Starters/Hydrating Dry Brewer Yeast,B001BLMC1M,A2HNJ783U7XD8I,Positive,47,256,Great for Yeast Starters/Hydrating Dry Brewer Yeast I use mine for rehydrating dry yeast for brewing - these flasks are great to heat directly on my gas stove and going directly into an ice bath without any signs of stress. The flask arrived clean and without any visible defects. Thanks for a great product.,Positive,0.9542,Positive,0.33703703703703713
works great,5.0,works great,B00XTYN85S,ARX0KOX5Q01BJ,Positive,2,11,works great works great,Positive,0.8481,Positive,0.8
"Good restock price. My parts drawer was getting low on this very handy IC. Note, these are not wide voltage range models. Look at data sheet to see P package specs.",5.0,Good value for restock.,B01BVATI82,A1CB1PVKD7X7YY,Positive,31,164,"Good value for restock. Good restock price. My parts drawer was getting low on this very handy IC. Note, these are not wide voltage range models. Look at data sheet to see P package specs.",Positive,0.7269,Positive,0.4459999999999999
"This will Hold any thing....One Thing, Let it Dry for 24 Hours, and Your Good to Go!!!! TWO THUMBS-UP!",5.0,BEST GLUE IN THE WORLD!!!!!!!,B00178MO58,A3NUXNA1BMUTKT,Positive,19,102,"BEST GLUE IN THE WORLD!!!!!!! This will Hold any thing....One Thing, Let it Dry for 24 Hours, and Your Good to Go!!!! TWO THUMBS-UP!",Positive,0.875,Positive,0.6444444444444445
"I like these bottles alot, they don't leak,I will get more of them as needed",5.0,Nice Bottles!,B007Y8UX80,A7XLQUTH8N2T5,Positive,15,76,"Nice Bottles! I like these bottles alot, they don't leak,I will get more of them as needed",Positive,0.68,Positive,0.625
"I finally tracked down this package of three carpets and another smaller package after one and one-half days of looking, emailing, Amazon and UPS telling me my package had been delivered to my porch at 5:06 PM the day before etc., at a house number 586 while my house number is 566. I think this was a different UPS driver than the woman who usually delivers to me. At my suggestion, we cut a handle hole in the side of the box as I planned on dragging it home. However, my neighbor's son carried the awkward 37 pound package to my house two houses away. How nice is that? These are only people I usually just wave to in passing. Nice neighbors. This is the first goof up from UPS for me - ever! I absolutely LOVE these 3' x 5' indoor/outdoor carpets. One at my front entrance, one at the back french doors on the inside and one on the outside deck, where my husband stands to smoke. The inside one replaced a beautiful throw carpet which wrinkled when the door was opened and closed too often. I had previously order a smaller 2' x 3' carpet, the same as these, so that I already knew this was what I wanted. I placed the smaller carpet at the top of the deck stairs. I really like the ""teeth"" on the back that grab the carpet inside the house so that the 3' x 5' won't move. I particularly like the heavy rubber backing helping hold the carpets in place on the deck and the front porch entry. These are very substantial and look like they will last several years. The colors are as shown and I would describe the color as camel rather than medium brown.",5.0,Where is my package???,B0026L0WOA,A9J5SLYXUCWO1,Positive,297,1555,"Where is my package??? I finally tracked down this package of three carpets and another smaller package after one and one-half days of looking, emailing, Amazon and UPS telling me my package had been delivered to my porch at 5:06 PM the day before etc., at a house number 586 while my house number is 566. I think this was a different UPS driver than the woman who usually delivers to me. At my suggestion, we cut a handle hole in the side of the box as I planned on dragging it home. However, my neighbor's son carried the awkward 37 pound package to my house two houses away. How nice is that? These are only people I usually just wave to in passing. Nice neighbors. This is the first goof up from UPS for me - ever! I absolutely LOVE these 3' x 5' indoor/outdoor carpets. One at my front entrance, one at the back french doors on the inside and one on the outside deck, where my husband stands to smoke. The inside one replaced a beautiful throw carpet which wrinkled when the door was opened and closed too often. I had previously order a smaller 2' x 3' carpet, the same as these, so that I already knew this was what I wanted. I placed the smaller carpet at the top of the deck stairs. I really like the ""teeth"" on the back that grab the carpet inside the house so that the 3' x 5' won't move. I particularly like the heavy rubber backing helping hold the carpets in place on the deck and the front porch entry. These are very substantial and look like they will last several years. The colors are as shown and I would describe the color as camel rather than medium brown.",Positive,0.9815,Neutral,0.0761015325670498
"Excellent product. I thought it was a gimmick but I got it because my wife wanted one. I can't believe how much of a difference it makes in keeping the doghair and dirt off the floor. It goes over thresholds, between floor types, over the dog bed, you name it and doesn't seem to get stuck. The one thing that will get it stuck in a heartbeat is shoelaces. I've never owned the competitor brand but I am very happy with how this thing finds it way around the house. Get one and cut out %99 of your vacuuming.",5.0,I was skeptical.  I will never go without one now.,B007JOJ9QQ,A3KJQ5BA7AVOCN,Positive,99,508,"I was skeptical.  I will never go without one now. Excellent product. I thought it was a gimmick but I got it because my wife wanted one. I can't believe how much of a difference it makes in keeping the doghair and dirt off the floor. It goes over thresholds, between floor types, over the dog bed, you name it and doesn't seem to get stuck. The one thing that will get it stuck in a heartbeat is shoelaces. I've never owned the competitor brand but I am very happy with how this thing finds it way around the house. Get one and cut out %99 of your vacuuming.",Negative,-0.7104,Positive,0.425
DOES THE JOB,5.0,Five Stars,B0006O1ICE,A2IUTQGMCLC3LT,Positive,3,12,Five Stars DOES THE JOB,Neutral,0.0,Neutral,0.0
Hatchbox is the only way to go!,5.0,Five Stars,B00J0H6NNM,AIQHCNORCSM45,Positive,7,31,Five Stars Hatchbox is the only way to go!,Neutral,0.0,Neutral,0.0
"While this will not replace our current household vacuum,&nbsp; Dyson Ball Compact Animal Canister Vacuum Cleaner &nbsp;- it is up to the task. We prefer the versatility of our canister vacuum over this upright...mainly due to mobility, size and weight. This is also louder than most vacuums we have owned...but also not the loudest - middle of the road. Favorite thing is the EXTRA long bright orange cord - can vacuum almost the entire carpeted area of our home without moving the plug (everything but the laundry room). The width was surprising, fits under most of our furniture - reducing the time spent on this, often dreaded, task. The last commercial/industrial upright vacuum we owned, an ORECK, had a magnetic bar which was amazing for my sewing/craft room.",4.0,Gets the Job Done,B00CO9VLLW,A71W7G4TCTH3T,Positive,128,766,"Gets the Job Done While this will not replace our current household vacuum,&nbsp; Dyson Ball Compact Animal Canister Vacuum Cleaner &nbsp;- it is up to the task. We prefer the versatility of our canister vacuum over this upright...mainly due to mobility, size and weight. This is also louder than most vacuums we have owned...but also not the loudest - middle of the road. Favorite thing is the EXTRA long bright orange cord - can vacuum almost the entire carpeted area of our home without moving the plug (everything but the laundry room). The width was surprising, fits under most of our furniture - reducing the time spent on this, often dreaded, task. The last commercial/industrial upright vacuum we owned, an ORECK, had a magnetic bar which was amazing for my sewing/craft room.",Positive,0.7269,Positive,0.17731481481481481
Used a drop at a time this should last you about five years!,5.0,Five Stars,B00111V9NO,A20HKXJ6HOUJ91,Positive,13,60,Five Stars Used a drop at a time this should last you about five years!,Negative,-0.3382,Neutral,0.0
We bought this for our fun ghost hunting and just to see what the meter would read around the multiple computers and wireless devices in our home. Really fun and seems accurate for the price. Would recommend to others.,5.0,Works as stated!,B0015ENO6W,A161VXZIMWWYT4,Positive,39,218,Works as stated! We bought this for our fun ghost hunting and just to see what the meter would read around the multiple computers and wireless devices in our home. Really fun and seems accurate for the price. Would recommend to others.,Positive,0.8118,Positive,0.25
Superior to every other door bumper I have purchased. The difference in noise is significant. I put two on each door and four on each drawer (all of the corners that touch the frame). My kitchen and bathrooms are much quieter now.,5.0,Excellent noise dampening,B0075E9T2Y,A6RCJJ1HCN84R,Positive,42,230,Excellent noise dampening Superior to every other door bumper I have purchased. The difference in noise is significant. I put two on each door and four on each drawer (all of the corners that touch the frame). My kitchen and bathrooms are much quieter now.,Positive,0.8402,Positive,0.43
I use this for headphones from the TV. Works great if you understand how to use it. Recommended to (2) friends and helped them put it in and they love it.,5.0,Worth getting.,B005K2TXMO,A2GFLLEVEX6YTB,Positive,31,154,Worth getting. I use this for headphones from the TV. Works great if you understand how to use it. Recommended to (2) friends and helped them put it in and they love it.,Positive,0.9337,Positive,0.5333333333333333
Unique and excellent tape for reinforcing bike cable connections on handcycle.,5.0,Excellent tape,B001HETINI,A1BBMO9DJRNJPE,Positive,11,78,Excellent tape Unique and excellent tape for reinforcing bike cable connections on handcycle.,Positive,0.8126,Positive,0.7916666666666666
"I needed to drill out a hole in an aluminum fuel tank to 1.25"" size. With this bit I was done in 20 seconds.",5.0,I needed to drill out a hole in an aluminum ...,B000FZ2UOY,A1G7U91WV4M78H,Positive,24,108,"I needed to drill out a hole in an aluminum ... I needed to drill out a hole in an aluminum fuel tank to 1.25"" size. With this bit I was done in 20 seconds.",Neutral,0.0,Neutral,0.0
"I know...they're squirt bottles. But hey, if you're here looking at them you were like me and probably needed some sprayers. In the past, I've used Rubbermaid, ZEP and a few other brands of sprayers. I won't say they were terrible, but I'm here purchasing more for one reason or another. First, these hold 32 ounces of fluid which may be more than you actually need or want. When fully, they are a little heavy. What I really like about them is they are clear, so I can see if whatever solution I have in them is, well, no longer in solution! A visual inspection is nice and it's easy to do with these unlike opaque or colored bottles. Second, the sprayer head itself has a very long trigger on it which makes it possible to wrap all your fingers on the trigger. This may not sound like much, but when you have a lot of spraying to do, it really lessens fatigue. Lastly, the pump is very stout and moves a high volume of fluid. The fine mist is saturating and the stream is more like a super soaker than a spray bottle! My two year old LOVES this setting. All in all, they are great to have on hand and they seem like they will last. I hope you found my review helpful and if so, please click the yes button below. Thanks!",5.0,Very durable with high volume output nozzles,B01G6EMOKW,A119RHPP5AS0FM,Positive,235,1222,"Very durable with high volume output nozzles I know...they're squirt bottles. But hey, if you're here looking at them you were like me and probably needed some sprayers. In the past, I've used Rubbermaid, ZEP and a few other brands of sprayers. I won't say they were terrible, but I'm here purchasing more for one reason or another. First, these hold 32 ounces of fluid which may be more than you actually need or want. When fully, they are a little heavy. What I really like about them is they are clear, so I can see if whatever solution I have in them is, well, no longer in solution! A visual inspection is nice and it's easy to do with these unlike opaque or colored bottles. Second, the sprayer head itself has a very long trigger on it which makes it possible to wrap all your fingers on the trigger. This may not sound like much, but when you have a lot of spraying to do, it really lessens fatigue. Lastly, the pump is very stout and moves a high volume of fluid. The fine mist is saturating and the stream is more like a super soaker than a spray bottle! My two year old LOVES this setting. All in all, they are great to have on hand and they seem like they will last. I hope you found my review helpful and if so, please click the yes button below. Thanks!",Positive,0.997,Positive,0.11383333333333334
Only shows celsius.,4.0,Four Stars,B00551ND12,A3T84YB60ZXHVE,Positive,3,19,Four Stars Only shows celsius.,Neutral,0.0,Neutral,0.0
"The HHIP 8401-0448 20"" LED Waterproof Bolt on Work Light is an awesome work light. I'm wondering if some work needs to be done on the product name...HHIP 8401-0448. Hmm...sure the whole thing isn't bad ""HHIP 8401-0448 20"" LED Waterproof Bolt on Work Light"". But anyway, on to the actual physical light. When I chose this to test, I thought it was just a regular clamp on style work light. Well when I got this I was impressed by the initial weight, which was quite hefty. Then I opened the box and was impressed by how industrial this work light appeared. The gooseneck is like a full finger width, which is quite substantial. The actual product gooseneck is more subtle than what you see in the product shots though but still a very robust gooseneck. Now because I love this work light, I'm not going to be dipping it in water to test the accuracy of the waterproof quality, I'll leave that up to happenstance. The lumens count at 330 is very adequate for what I am testing it with. It lights a room quite well with the ambient reflection but concentrates the beam nicely too. The on/off switch is located at the head or led array end.",5.0,Awesome work light,B01ADBM4C2,A3EXW4HNYX7HF5,Positive,208,1136,"Awesome work light The HHIP 8401-0448 20"" LED Waterproof Bolt on Work Light is an awesome work light. I'm wondering if some work needs to be done on the product name...HHIP 8401-0448. Hmm...sure the whole thing isn't bad ""HHIP 8401-0448 20"" LED Waterproof Bolt on Work Light"". But anyway, on to the actual physical light. When I chose this to test, I thought it was just a regular clamp on style work light. Well when I got this I was impressed by the initial weight, which was quite hefty. Then I opened the box and was impressed by how industrial this work light appeared. The gooseneck is like a full finger width, which is quite substantial. The actual product gooseneck is more subtle than what you see in the product shots though but still a very robust gooseneck. Now because I love this work light, I'm not going to be dipping it in water to test the accuracy of the waterproof quality, I'll leave that up to happenstance. The lumens count at 330 is very adequate for what I am testing it with. It lights a room quite well with the ambient reflection but concentrates the beam nicely too. The on/off switch is located at the head or led array end.",Positive,0.9916,Positive,0.3442307692307693
"lasted about a year an a half till it went spam crazy, the knob was not responsive and went wack.",4.0,good for some time.,B010MZ8S6A,A1377ODHYUZIDN,Positive,20,97,"good for some time. lasted about a year an a half till it went spam crazy, the knob was not responsive and went wack.",Negative,-0.4784,Neutral,-0.022222222222222216
ok,5.0,Five Stars,B000BQ85NC,A1F5XVPFVDLI1U,Positive,1,2,Five Stars ok,Positive,0.296,Positive,0.5
Works well so far.,4.0,Four Stars,B00DRALJ28,AI9ISIZFP5L5I,Positive,4,18,Four Stars Works well so far.,Positive,0.2732,Neutral,0.1
Nice Tweezers.,5.0,Nice Tweezers.,B00DVIEJ14,AK6I2FBN8402X,Positive,2,14,Nice Tweezers. Nice Tweezers.,Positive,0.6808,Positive,0.6
I use it and it great,5.0,Five Stars,B00FF4UXM6,A8EOGVVXNIJS5,Positive,6,21,Five Stars I use it and it great,Positive,0.6249,Positive,0.8
I was skeptical that these could be as good as the others were saying when I ordered mine. They arrived today. I am skeptical NO LONGER. I WILL order more!,5.0,I was skeptical that these could be as good as the others were saying when I ordered mine,B01AH17FE0,A2EAX554QBNBF0,Positive,30,155,I was skeptical that these could be as good as the others were saying when I ordered mine I was skeptical that these could be as good as the others were saying when I ordered mine. They arrived today. I am skeptical NO LONGER. I WILL order more!,Negative,-0.5147,Neutral,0.08749999999999998
Im going to use this to store my wool futon mattress in when Im gone travel'in.,5.0,Its a monster trash can!!!,B0001MSC84,A2GWNZLVEWMZDU,Positive,16,79,Its a monster trash can!!! Im going to use this to store my wool futon mattress in when Im gone travel'in.,Neutral,0.0,Neutral,0.0
"I think many who are buying this are looking for a Prusa Orange. Well it is close, but Prusa orange is a bit more intense / day glow and this is a bit more whiter. But if you want a good PETG that is close to Prusa Orange it will work, Prints good. Typical results of a good PETG.",5.0,Not quite Prusa Orange.,B014VM9ALM,AN9N7GADZ7NBU,Positive,59,280,"Not quite Prusa Orange. I think many who are buying this are looking for a Prusa Orange. Well it is close, but Prusa orange is a bit more intense / day glow and this is a bit more whiter. But if you want a good PETG that is close to Prusa Orange it will work, Prints good. Typical results of a good PETG.",Positive,0.9376,Positive,0.4541666666666666
"Excellent transaction, quick, complete and exactly as described.",5.0,Good way to stay well centered.... LOL,B000KKVWF2,A2GNL3PTKEY6CD,Positive,8,64,"Good way to stay well centered.... LOL Excellent transaction, quick, complete and exactly as described.",Positive,0.9049,Positive,0.5305555555555556
I ordered this to give to my niece with her 3D pen as a gift. The plastic worked well with the pen (which eventually broke).,5.0,Worked well with the 3D pen..,B00MEZDLXM,AS2J43GY4X3GY,Positive,25,124,Worked well with the 3D pen.. I ordered this to give to my niece with her 3D pen as a gift. The plastic worked well with the pen (which eventually broke).,Positive,0.5106,Neutral,0.0
Fantastic product and delivered right to my door. FANTASTIC!,5.0,Five Stars,B00B3OMHJY,A3DBR1O5GGNAE2,Positive,9,60,Five Stars Fantastic product and delivered right to my door. FANTASTIC!,Positive,0.8491,Positive,0.3952380952380952
"Looks good, reasonable size. the first one I had lasted about 3 years in the Phoenix sun. Just got another one to replace it. In a normal environment, it would probably hold up 10 years. Just not here!",5.0,looks good,B000YT5Y7G,A16RULIGE8YHTK,Positive,38,201,"looks good Looks good, reasonable size. the first one I had lasted about 3 years in the Phoenix sun. Just got another one to replace it. In a normal environment, it would probably hold up 10 years. Just not here!",Positive,0.7263,Positive,0.4074999999999999
"I'm pleasantly surprised with this new PVC glue. For many years I've used the older type (the kind that really stinks) but this stuff is virtually odorless. However, instead of telling you to still use the old fashioned cleaner before applying the glue, they say to apply the glue twice - once to sort of clean the pipe followed by a second application. This is just silliness. Use the regular old cleaner first and then the Gorilla glue and the rest is per the instructions on the can.",4.0,Not smelly,B00HSO1APU,A2E6AHFDJ3JBAZ,Positive,88,486,"Not smelly I'm pleasantly surprised with this new PVC glue. For many years I've used the older type (the kind that really stinks) but this stuff is virtually odorless. However, instead of telling you to still use the old fashioned cleaner before applying the glue, they say to apply the glue twice - once to sort of clean the pipe followed by a second application. This is just silliness. Use the regular old cleaner first and then the Gorilla glue and the rest is per the instructions on the can.",Positive,0.6233,Positive,0.1433080808080808
works great,4.0,Four Stars,B000BN33FU,A1RBDT7KVH8II8,Positive,2,11,Four Stars works great,Positive,0.6249,Positive,0.8
Solid Dewalt product. The unit is incredibly strong and rigid making it impossible to believe it would not apply pressure evenly. It is top quality as I expect and the Dewalt genuine name is unquestionable. Love these Dewalt products. I buy them whenever I get the chance.,5.0,Top quality and great price...,B00004RH8I,A1M9126YPQPS3L,Positive,47,272,Top quality and great price... Solid Dewalt product. The unit is incredibly strong and rigid making it impossible to believe it would not apply pressure evenly. It is top quality as I expect and the Dewalt genuine name is unquestionable. Love these Dewalt products. I buy them whenever I get the chance.,Positive,0.9532,Positive,0.30833333333333335
"Awesome assortment. Bought one kit and I have built with it nearly a dozen projects. Tables, chairs, cabinets, a bed, and more. Great flexibility with the different threads and lengths for use with many types of materials.",5.0,Awesome assortment. Bought one kit and I have built ...,B001DC9USC,A1ML7W2IMHR5VP,Positive,37,222,"Awesome assortment. Bought one kit and I have built ... Awesome assortment. Bought one kit and I have built with it nearly a dozen projects. Tables, chairs, cabinets, a bed, and more. Great flexibility with the different threads and lengths for use with many types of materials.",Positive,0.9457,Positive,0.5571428571428572
It didn't quite make 7kv but it did make about 5kv so not to bad.,4.0,... but it did make about 5kv so not to bad.,B00XDTB03G,A2YZPJANWHI2HB,Positive,15,65,... but it did make about 5kv so not to bad. It didn't quite make 7kv but it did make about 5kv so not to bad.,Positive,0.8534,Negative,-0.6999999999999998
"Professional quality, well made, light, and easy to put in your first aid bag or trauma bag. It is well designed and comes with a one way valve to protect you from who knows what might come back at you. Best price I could find in a thorough search of the Internet. I liked it so much I bought two.",5.0,Quality Recusitator for CPR,B000WHPVC8,AELDM3W03HSY,Positive,60,297,"Quality Recusitator for CPR Professional quality, well made, light, and easy to put in your first aid bag or trauma bag. It is well designed and comes with a one way valve to protect you from who knows what might come back at you. Best price I could find in a thorough search of the Internet. I liked it so much I bought two.",Positive,0.9169,Positive,0.37291666666666673
"Finally a spill proof, old school, metal gas can. Easy to fill, and pour no mess and no hassle.",5.0,great gas can,B000BQO15I,A9YJXELBNNHM,Positive,19,95,"great gas can Finally a spill proof, old school, metal gas can. Easy to fill, and pour no mess and no hassle.",Positive,0.7851,Positive,0.2841666666666667
Super easy to use - push button and watch changes. Had no way to calibrate but picked a couple rooms in current home for comparison to prospective new home. Helpful.,5.0,Super easy to use - push button and watch changes,B00ECCZWWI,A1OCTJYUHQZXAC,Positive,30,165,Super easy to use - push button and watch changes Super easy to use - push button and watch changes. Had no way to calibrate but picked a couple rooms in current home for comparison to prospective new home. Helpful.,Positive,0.872,Positive,0.27828282828282824
above average quality. Still a bit pricey but it's a plug and play solution!,5.0,good stuff,B00H7VEU06,AE4BHE5QWUA9N,Positive,14,76,good stuff above average quality. Still a bit pricey but it's a plug and play solution!,Positive,0.807,Positive,0.1708333333333333
Very pleased,5.0,Five Stars,B00FOUYGUQ,A1Z9GDCT642QUY,Positive,2,12,Five Stars Very pleased,Positive,0.4927,Positive,0.65
Great Product.,5.0,Great Product.,B010BWOOXA,AED7QYJP68WRZ,Positive,2,14,Great Product. Great Product.,Positive,0.8481,Positive,0.8
Seems to work well and easy to install.,4.0,Four Stars,B007Y7IFA4,A38S9JMD55F5LM,Positive,8,39,Four Stars Seems to work well and easy to install.,Positive,0.6124,Positive,0.43333333333333335
"Didn't realize I ordered these, but I definitely recommend getting the circuit-spacer-pcb-connector-things to go with these. That way, you can remove these chips by tugging them off instead of resoldering. I had one of these overheat and fail on a 5v circuit that involved powering a guitar and outputting to headphones. I wish I had heat wells for these too(because they need them).",5.0,Overheat,B00I6ID8XE,A1TIXHJ7SKQH5,Positive,63,383,"Overheat Didn't realize I ordered these, but I definitely recommend getting the circuit-spacer-pcb-connector-things to go with these. That way, you can remove these chips by tugging them off instead of resoldering. I had one of these overheat and fail on a 5v circuit that involved powering a guitar and outputting to headphones. I wish I had heat wells for these too(because they need them).",Positive,0.7964,Negative,-0.25
"Actually I haven't used them yet, so I really cannot comment on longevity, however they are precisely traced, doesn't appear as though any pads will lift, I would buy them again.",4.0,Paper? Nah..,B00COGPZFS,A2GOPRCPQFIET7,Positive,31,178,"Paper? Nah.. Actually I haven't used them yet, so I really cannot comment on longevity, however they are precisely traced, doesn't appear as though any pads will lift, I would buy them again.",Negative,-0.1027,Positive,0.20000000000000004
good screws for security. Mounted my car amp with these.,5.0,good security screws.,B00SBYYQ7K,A8BM0DPFBVGNJ,Positive,10,56,good security screws. good screws for security. Mounted my car amp with these.,Positive,0.765,Positive,0.7
"love paslode products and guns, saves so much time and work",5.0,finish nailer,B0007UQKY8,A3A0UW5TNMAJ6P,Positive,11,59,"finish nailer love paslode products and guns, saves so much time and work",Positive,0.6369,Positive,0.35
OK,4.0,Four Stars,B001766LZO,AFBE60A83SYZ5,Positive,1,2,Four Stars OK,Positive,0.4466,Positive,0.5
"Fast shipping, great product.",5.0,great product.,B00004WCCL,A1HORUIZN0IW1S,Positive,4,29,"great product. Fast shipping, great product.",Positive,0.8481,Positive,0.6
"Whether you plan to use this for cleaning, gardening or crafts, this cart provides you with plenty of room and mobility. The wheels and handle mechanism remind me of luggage. The wheels operate smoothly over both carpets and hard floors. I used it to transport items to our greenhouse. It did well on paved surfaces, dragged a little bit on grass but arrived at the location without toppling or requiring much effort. It comes with a handy caddy and plenty of removable dividers that allow individual organization. The fabric is coated with teflon and resists stains, oil and water. Even when loaded it is easy to maneuver and still relatively light. This cart is sturdy and versatile. I have a friend who does hair and makeup for weddings and special occasions. She uses this version to tote her makeup and hair products to different venues. It is solidly constructed and should last for years.",5.0,Versatile and Sturdy,B00M411692,A2OCDK0BOW6UCY,Positive,154,895,"Versatile and Sturdy Whether you plan to use this for cleaning, gardening or crafts, this cart provides you with plenty of room and mobility. The wheels and handle mechanism remind me of luggage. The wheels operate smoothly over both carpets and hard floors. I used it to transport items to our greenhouse. It did well on paved surfaces, dragged a little bit on grass but arrived at the location without toppling or requiring much effort. It comes with a handy caddy and plenty of removable dividers that allow individual organization. The fabric is coated with teflon and resists stains, oil and water. Even when loaded it is easy to maneuver and still relatively light. This cart is sturdy and versatile. I have a friend who does hair and makeup for weddings and special occasions. She uses this version to tote her makeup and hair products to different venues. It is solidly constructed and should last for years.",Positive,0.936,Positive,0.15927579365079367
work fine,5.0,Five Stars,B00B0Q5ZW6,A1HEY3JIXB39V1,Positive,2,9,Five Stars work fine,Positive,0.2023,Positive,0.4166666666666667
"Great connectors, leak free so far. Just wish they were brass.",5.0,Five Stars,B003O5B5LG,A1VDY9PP39WQPY,Positive,11,62,"Five Stars Great connectors, leak free so far. Just wish they were brass.",Positive,0.8387,Positive,0.4333333333333334
"Truly amazing lubricant product. I used it on an old vise, some tools and other metal parts. Seems to really work so far. The ""wet"" evaporates quickly. After reading some comments, I was dreading removal of spill or mis-application. However, cleanup is not too bad (use washes of first acetone / then 90% alcohol /acetone /alcohol).",5.0,Amazing product.,B00K6ZSOS4,AS46NRQV97DC1,Positive,56,332,"Amazing product. Truly amazing lubricant product. I used it on an old vise, some tools and other metal parts. Seems to really work so far. The ""wet"" evaporates quickly. After reading some comments, I was dreading removal of spill or mis-application. However, cleanup is not too bad (use washes of first acetone / then 90% alcohol /acetone /alcohol).",Positive,0.8735,Positive,0.12583333333333338
"One of the best Colloidal Silver gel products available anywhere. FDA approved, 55 PPM (parts per million), antimicrobial. Water soluble, anti staining, and if applied and allowed to air dry without covering, provides a clear / non-shiny protective small wound covering. Works excellent as an under bandage anti-bacterial. This product has replaced and provides better protection than the greasy neo-what-ever ointments we previously used. Package says: Lasts up to 3 days, kills bacteria, fungus, and yeast. I even used it to heal a very irritated gum in my mouth with gauze backing. Odorless / tasteless / non-stinging. Wish they sold this in larger tubes. I always buy extra to give to family & friends. We have this in our travel case. Even my MD was impressed & is OK with it. Do you own research; Colloidal Silver works.",5.0,Excellent product ... have purchased more for us and family.  Colloidal Silver works.,B004W6U58U,AB3WE680OFLZM,Positive,138,826,"Excellent product ... have purchased more for us and family.  Colloidal Silver works. One of the best Colloidal Silver gel products available anywhere. FDA approved, 55 PPM (parts per million), antimicrobial. Water soluble, anti staining, and if applied and allowed to air dry without covering, provides a clear / non-shiny protective small wound covering. Works excellent as an under bandage anti-bacterial. This product has replaced and provides better protection than the greasy neo-what-ever ointments we previously used. Package says: Lasts up to 3 days, kills bacteria, fungus, and yeast. I even used it to heal a very irritated gum in my mouth with gauze backing. Odorless / tasteless / non-stinging. Wish they sold this in larger tubes. I always buy extra to give to family & friends. We have this in our travel case. Even my MD was impressed & is OK with it. Do you own research; Colloidal Silver works.",Positive,0.971,Positive,0.3362745098039216
Fast shipping great price on hard to find/get materials,5.0,Five Stars,B004TUEAVM,A3LU5QN4V4NBAE,Positive,9,55,Five Stars Fast shipping great price on hard to find/get materials,Positive,0.5719,Positive,0.23611111111111108
Good quality switches for the price. Timely delivery. A good buy.,5.0,Five Stars,B00IIDY49E,A1D5URREX8Z5IP,Positive,11,65,Five Stars Good quality switches for the price. Timely delivery. A good buy.,Positive,0.7003,Positive,0.7
Great purchase. Very handy for integrating new circuits designs to existing designs.,4.0,Very handy for integrating new designs to existing circuits.,B0166GCD42,A3VZ6J6F7Q4MLE,Positive,12,84,Very handy for integrating new designs to existing circuits. Great purchase. Very handy for integrating new circuits designs to existing designs.,Positive,0.6249,Positive,0.5265454545454544
Good product,4.0,Good product,B001V9UQU8,A1HLOCSNXHASOT,Positive,2,12,Good product Good product,Positive,0.7003,Positive,0.7
"I am very happy with this gauge. It is super accurate and the reading is reliable. It shows 2 types of reading. One is a representationn of a bubble level. This shows absolute level. That is the level that derived from a perpendicular line to a line right down through the center of the earth. The other representation show a degree reading relative to the bubble level. This is all very useful stuff. For example, in setting up a drill press or a table saw blade. Unfortunately, my first one had a broken movement inside and would not read reliably. The replacement is perfect. This is a very useful tool if you often need to work with relative angles or to find level.",5.0,First one was broken but the second one was fine,B0054RJ7VC,AW07NZ2EGA8PP,Positive,123,670,"First one was broken but the second one was fine I am very happy with this gauge. It is super accurate and the reading is reliable. It shows 2 types of reading. One is a representationn of a bubble level. This shows absolute level. That is the level that derived from a perpendicular line to a line right down through the center of the earth. The other representation show a degree reading relative to the bubble level. This is all very useful stuff. For example, in setting up a drill press or a table saw blade. Unfortunately, my first one had a broken movement inside and would not read reliably. The replacement is perfect. This is a very useful tool if you often need to work with relative angles or to find level.",Positive,0.9655,Positive,0.19658730158730162
Rapid Air Tee Fitting: Must have fitting when designing your Rapider system,5.0,Rapid Air Tee fitting,B0015GA102,A7SVLX7YSPIBC,Positive,12,75,Rapid Air Tee fitting Rapid Air Tee Fitting: Must have fitting when designing your Rapider system,Neutral,0.0,Positive,0.5
Easy way to untwist your fuel hose. Nice solid construction.,5.0,"Works great with Apache 3/4"" Auto shutoff nozzle and Apache 3/4"" hose.",B001AH8GNU,A2N5VSJKMVUJLW,Positive,10,60,"Works great with Apache 3/4"" Auto shutoff nozzle and Apache 3/4"" hose. Easy way to untwist your fuel hose. Nice solid construction.",Positive,0.886,Positive,0.45833333333333337
"Exactly what I needed! Clear, odorless, very effective. Use only a very little, it is quite adhesive and overly large amounts will be hard to remove. It takes a drop the size of a pea, and provides plenty of hold with only that little. Don't overuse. I ordered three and at the rate I am using it, these will last a very long time! I am very satisfied with this product, Great value for the money!",5.0,"adhesive gel, works well, clear and odorless.",B0011YY9YM,A314BNDUWIMMEI,Positive,76,397,"adhesive gel, works well, clear and odorless. Exactly what I needed! Clear, odorless, very effective. Use only a very little, it is quite adhesive and overly large amounts will be hard to remove. It takes a drop the size of a pea, and provides plenty of hold with only that little. Don't overuse. I ordered three and at the rate I am using it, these will last a very long time! I am very satisfied with this product, Great value for the money!",Positive,0.9563,Positive,0.16804421768707484
Works well and is priced right. Would buy again!!,4.0,Four Stars,B000XETXWE,A1M06PAGKKK6LU,Positive,9,49,Four Stars Works well and is priced right. Would buy again!!,Positive,0.3987,Positive,0.4464285714285714
OK,5.0,Five Stars,B001IGDF7A,A24E1TR7NOOBB8,Positive,1,2,Five Stars OK,Positive,0.4466,Positive,0.5
"Filter aid works, personally I'd like it better if it was a bit more flexible. It does work fine and as long as it does not harden with age should out last me.",4.0,Rubber filter aid for filtration flask,B0018S0WBK,A3956OMV6M3YUQ,Positive,33,159,"Rubber filter aid for filtration flask Filter aid works, personally I'd like it better if it was a bit more flexible. It does work fine and as long as it does not harden with age should out last me.",Positive,0.8122,Positive,0.22777777777777777
"I USE THESE FOR DIY E JUICE. THEY ARE LISTED AS FOR INDUSTRIAL USE. WORK JUST FINE. IF YOU SPEND EXTRA MONEY ON STERILE ONES, THEY ARE NOT STERILE AFTER YOU USE IT THE FIRST TIME. I KEEP ALL MY STUFF CLEAN, AND CLEAN AS I GO. MAKE SURE TO DOUBLE CHECK THE LUER LOCK NEEDLE BEFORE YOU USE IT. MINE ON THE FIRST ONE I OPENED, FELL IN A BOTTLE. NO PROBLEM, JUST POURED THE LIQUID INTO A BEAKER AND CAUGHT IT ON THE WAY OUT. ONE NOTE, IF YOU ARE DOING MENTHOL, MENTHOL COMES FROM EUCALYPTUS. MENTHOL FLAVORING CRYSTALIZES ON CERTAIN PLASTICS, NOT ALL. IT DOES CRYSTALIZE ON THESE, SO YOU CAN NOT USE THE SYRINGE OVER AND OVER EVEN IF YOU WASH THE HECK OUT OF IT. YOU JUST HAVE TO FIND A GOOD SYRINGE BY TRIAL AND ERROR FOR MENTHOL. I FOUND ONE IN THE KITCHEN DRAWER THAT WORKS. IT WAS FROM THE PHARMACY, ONE THEY GIVE OUT FOR KIDS MEDS. WORKS GREAT. JUST WANTED TO SHARE WITH ANY FELLOW E JUICE DIY'ERS. THESE ARE GREAT SYRINGES, AND THE QUALITY HAS NOTHING TO DO WITH THE MENTHOL ISSUE.",5.0,WORK JUST FINE. IF YOU SPEND EXTRA MONEY ON STERILE ONES,B00DXPRTHG,AWFRP56DMDAP2,Positive,192,983,"WORK JUST FINE. IF YOU SPEND EXTRA MONEY ON STERILE ONES I USE THESE FOR DIY E JUICE. THEY ARE LISTED AS FOR INDUSTRIAL USE. WORK JUST FINE. IF YOU SPEND EXTRA MONEY ON STERILE ONES, THEY ARE NOT STERILE AFTER YOU USE IT THE FIRST TIME. I KEEP ALL MY STUFF CLEAN, AND CLEAN AS I GO. MAKE SURE TO DOUBLE CHECK THE LUER LOCK NEEDLE BEFORE YOU USE IT. MINE ON THE FIRST ONE I OPENED, FELL IN A BOTTLE. NO PROBLEM, JUST POURED THE LIQUID INTO A BEAKER AND CAUGHT IT ON THE WAY OUT. ONE NOTE, IF YOU ARE DOING MENTHOL, MENTHOL COMES FROM EUCALYPTUS. MENTHOL FLAVORING CRYSTALIZES ON CERTAIN PLASTICS, NOT ALL. IT DOES CRYSTALIZE ON THESE, SO YOU CAN NOT USE THE SYRINGE OVER AND OVER EVEN IF YOU WASH THE HECK OUT OF IT. YOU JUST HAVE TO FIND A GOOD SYRINGE BY TRIAL AND ERROR FOR MENTHOL. I FOUND ONE IN THE KITCHEN DRAWER THAT WORKS. IT WAS FROM THE PHARMACY, ONE THEY GIVE OUT FOR KIDS MEDS. WORKS GREAT. JUST WANTED TO SHARE WITH ANY FELLOW E JUICE DIY'ERS. THESE ARE GREAT SYRINGES, AND THE QUALITY HAS NOTHING TO DO WITH THE MENTHOL ISSUE.",Positive,0.9728,Positive,0.3629251700680272
I would have huge problems in my projects if I did not have this wonder tool. So worth the money.,5.0,I would have huge problems in my projects if I ...,B002LL0BIC,AEVIVT8SACH32,Positive,20,97,I would have huge problems in my projects if I ... I would have huge problems in my projects if I did not have this wonder tool. So worth the money.,Positive,0.1757,Positive,0.36666666666666664
"This filament is awesome, layer adhesion is great, prints really smooth. Must buy again..",5.0,Great color.,B00ME76OHA,ANJAY1L7SGLVT,Positive,14,89,"Great color. This filament is awesome, layer adhesion is great, prints really smooth. Must buy again..",Positive,0.9231,Positive,0.75
buen producto,5.0,Five Stars,B003NRF052,AJKGD52I9DGCN,Positive,2,13,Five Stars buen producto,Neutral,0.0,Neutral,0.0
High quality stuff. 5 stars.,5.0,Five Stars,B00J0H6NNM,A3PNPZXK40KBVA,Positive,5,28,Five Stars High quality stuff. 5 stars.,Neutral,0.0,Positive,0.16
Typical DeWalt high quality. Works very well,5.0,Great quality,B00004RH8J,A2HAW2PYNOU5XT,Positive,7,44,Great quality Typical DeWalt high quality. Works very well,Positive,0.7574,Positive,0.24833333333333335
"Absolutely blew my mind. I'm designing whatever I can dream up, and then I can hold it in my hand! Get this! This is worth it, thingverse.com is going to be your best friend.",5.0,use painters tape!,B016R9E7J2,A1IJXXW5T2LM8T,Positive,34,174,"use painters tape! Absolutely blew my mind. I'm designing whatever I can dream up, and then I can hold it in my hand! Get this! This is worth it, thingverse.com is going to be your best friend.",Positive,0.9369,Positive,0.5375
"So far, so great! Working just as expected. It was a bit annoying to have to splice wires, I am not sure why that is necessary, but it worked out fine.",5.0,A bit more work than expected.,B0015NV5BE,A113I2Q8C9EC7I,Positive,31,151,"A bit more work than expected. So far, so great! Working just as expected. It was a bit annoying to have to splice wires, I am not sure why that is necessary, but it worked out fine.",Positive,0.534,Neutral,0.08518518518518518
"Great buy and it can be used in a variety of creative ways. I had received a garden hose to try out, so I purchased this nozzle to use with it since the one I owned was very old and leaky. I love this nozzle! It has so many different settings that I was amazed. Any task you could possibly want to do . . . there's a setting for it. A very high quality piece of workmanship, this nozzle looks like it will last for a very long time.",5.0,Works Great!,B00LH7FEE2,ADOC0854TIOU7,Positive,90,432,"Works Great! Great buy and it can be used in a variety of creative ways. I had received a garden hose to try out, so I purchased this nozzle to use with it since the one I owned was very old and leaky. I love this nozzle! It has so many different settings that I was amazed. Any task you could possibly want to do . . . there's a setting for it. A very high quality piece of workmanship, this nozzle looks like it will last for a very long time.",Positive,0.9715,Positive,0.3361818181818182
I ordered clips as needed for the panels. These work just great. Will probably order more in the near future.,5.0,THEY DO WHAT THEY ARE MADE FOR.,B0028TW2IE,A3S93POT0ZDIVD,Positive,20,109,THEY DO WHAT THEY ARE MADE FOR. I ordered clips as needed for the panels. These work just great. Will probably order more in the near future.,Positive,0.6249,Positive,0.35000000000000003
"This sheet is exactly what it says it is, and I found it to be in good condition when it arrived. By that, I mean it was pliable, not dehydrated, and its edges and surfaces were clean. I would have given it 5 stars except for the way it was labeled: the tag was stapled through one edge, about 1/2 in! If you intend to use this in strips, or you require a circle whose circumference approximates the full size of this sheet, you should know you will find the stapled area punctured and unable to seal.",4.0,"Good product, poorly labeled",B0074II2K6,A40VNOGQOTKE4,Positive,97,501,"Good product, poorly labeled This sheet is exactly what it says it is, and I found it to be in good condition when it arrived. By that, I mean it was pliable, not dehydrated, and its edges and surfaces were clean. I would have given it 5 stars except for the way it was labeled: the tag was stapled through one edge, about 1/2 in! If you intend to use this in strips, or you require a circle whose circumference approximates the full size of this sheet, you should know you will find the stapled area punctured and unable to seal.",Positive,0.8313,Positive,0.1557291666666667
"I had to increase the temp to 215C when printing, I found using a brim is best on this to get adhesion to my heated bed with glass cover. I would get it again when needing to print neon green models again. Printer used: Flsun mini klossel",4.0,fair buy,B01B5KO0D6,A10BQAVP22V9DG,Positive,47,238,"fair buy I had to increase the temp to 215C when printing, I found using a brim is best on this to get adhesion to my heated bed with glass cover. I would get it again when needing to print neon green models again. Printer used: Flsun mini klossel",Positive,0.8316,Positive,0.5
"Okay quality. Won't burn too easily. A little thin, but plenty of them in all different sizes. Good value.",4.0,Won't burn too easily. A little thin,B00WG2K3O8,A1NIXHRGNZ5KR9,Positive,19,106,"Won't burn too easily. A little thin Okay quality. Won't burn too easily. A little thin, but plenty of them in all different sizes. Good value.",Positive,0.7371,Neutral,0.0035714285714285587
"Have 2 on my 180 Gallon overflows, tight fit, no leaks, ordered these just in case, and found a use for them for the 55 gallon water barrel",5.0,they work great,B001EUG9PU,A1X7EJBHNST253,Positive,28,139,"they work great Have 2 on my 180 Gallon overflows, tight fit, no leaks, ordered these just in case, and found a use for them for the 55 gallon water barrel",Positive,0.6597,Positive,0.34047619047619043
This is our second Oreck Vac. First one is 15+ years old and workin great. These vacumes are light and easy to use. This one works well on wood floors. Seems fine on carpet.,4.0,Works very well,B001NDNV18,A6ZYJD905L4SH,Positive,34,173,Works very well This is our second Oreck Vac. First one is 15+ years old and workin great. These vacumes are light and easy to use. This one works well on wood floors. Seems fine on carpet.,Positive,0.9061,Positive,0.325
I use this with yeast nutrient to give fermentation a good kickstart and raise the ABV in store bought juices to make country wine.,5.0,Works well,B0064H0LRU,AAK5NV2FS0E8,Positive,24,131,Works well I use this with yeast nutrient to give fermentation a good kickstart and raise the ABV in store bought juices to make country wine.,Positive,0.6124,Positive,0.7
"The Dual Lock fastener is superb. It will hold anything that you can make the sticky back side adhere to. The locking strips will not separate accidentally, but use care in trying to attach the tape to a rough or wet surface.",5.0,What a great product!,B0141MQRGI,A1TS45JWJVOSSW,Positive,42,225,"What a great product! The Dual Lock fastener is superb. It will hold anything that you can make the sticky back side adhere to. The locking strips will not separate accidentally, but use care in trying to attach the tape to a rough or wet surface.",Positive,0.8809,Positive,0.36
ok,5.0,Five Stars,B01DQBP8BA,A2D62Q0YL8EVZK,Positive,1,2,Five Stars ok,Positive,0.296,Positive,0.5
Loctite has been around for years and always performs as it should. I trust the name. I use this on the small screws on hand guns and rifles which have a tendency to come loose from the shock of firing the gun.,5.0,Loctite has been around for years and always performs as ...,B006GOL5CQ,A3ULKL1YZ6CXM8,Positive,42,210,Loctite has been around for years and always performs as ... Loctite has been around for years and always performs as it should. I trust the name. I use this on the small screws on hand guns and rifles which have a tendency to come loose from the shock of firing the gun.,Negative,-0.4939,Negative,-0.16346153846153846
"This is such a good value. It displays more that just the current temperature, but also gives you the High and Low temperatures of the day. The humidity percentage works great also. I always keep it on my desk.",5.0,Excellent Value. Works Great.,B0013BKDO8,A3BZX66OF6ZYJK,Positive,39,210,"Excellent Value. Works Great. This is such a good value. It displays more that just the current temperature, but also gives you the High and Low temperatures of the day. The humidity percentage works great also. I always keep it on my desk.",Positive,0.9052,Positive,0.44
great deal,5.0,Five Stars,B007C5IH4C,APPH26IVJJ4ER,Positive,2,10,Five Stars great deal,Positive,0.6249,Positive,0.8
Decent tape for holding models.,4.0,Four Stars,B00DPEXKSW,A3QFNN826E09K1,Positive,5,31,Four Stars Decent tape for holding models.,Neutral,0.0,Positive,0.16666666666666666
Works as advertised,5.0,Five Stars,B000UVMKO8,AV6PMM5WWPJJK,Positive,3,19,Five Stars Works as advertised,Neutral,0.0,Neutral,0.0
ok i use it for soldering clean up mostly,4.0,Four Stars,B005DNQX3C,A1O3FYVHHWC8CJ,Positive,9,41,Four Stars ok i use it for soldering clean up mostly,Positive,0.5994,Positive,0.45555555555555555
Absolutely what I wanted and expected. Very professional service with timely delivery. Would Highly recommend!,5.0,Would Highly recommend!,B00004YSW8,A3LRDIKB1MRLST,Positive,15,110,Would Highly recommend! Absolutely what I wanted and expected. Very professional service with timely delivery. Would Highly recommend!,Positive,0.7327,Positive,0.12600000000000003
good,5.0,Five Stars,B006ROR6JQ,AJNPZ9K6QZ83C,Positive,1,4,Five Stars good,Positive,0.4404,Positive,0.7
"One of the most painful things to do for your 3D printer is clear a clog in the print head. Unfortunately these are a fact of life. I've used this eSUN cleaning filament many times (although the 1.75mm size), and it works well to get rid of stubborn jams. It basically cleans the bore of the nozzle of hardened plastic material, which is half the battle in getting things moving again. I recommend it. A little goes a long way.",5.0,A necessity of life for 3D printing...,B00O92RW92,AID41VA4JFLKA,Positive,80,427,"A necessity of life for 3D printing... One of the most painful things to do for your 3D printer is clear a clog in the print head. Unfortunately these are a fact of life. I've used this eSUN cleaning filament many times (although the 1.75mm size), and it works well to get rid of stubborn jams. It basically cleans the bore of the nozzle of hardened plastic material, which is half the battle in getting things moving again. I recommend it. A little goes a long way.",Negative,-0.6901,Neutral,-0.06302083333333333
"If you are moving/packing, this is a great buy! We found ourselves wrapping many more items that originally planned because putting wrap on was faster that boxing, and worked just as well, if not better! The only change I would suggest is getting handles that spin as it makes wrapping a little slower not having this feature.",5.0,This Plastic Wrap is a Must Have When Moving,B01BY3DW9W,A28TBINJYUBJTS,Positive,57,326,"This Plastic Wrap is a Must Have When Moving If you are moving/packing, this is a great buy! We found ourselves wrapping many more items that originally planned because putting wrap on was faster that boxing, and worked just as well, if not better! The only change I would suggest is getting handles that spin as it makes wrapping a little slower not having this feature.",Positive,0.6573,Positive,0.26785714285714285
perfect for my small pcb for my lantern from soda bottles thank,5.0,10Pcs 5 x 7 cm DIY Prototype Paper PCB...,B00ARTP1J4,A2I5QZXS0YTC1F,Positive,12,63,10Pcs 5 x 7 cm DIY Prototype Paper PCB... perfect for my small pcb for my lantern from soda bottles thank,Positive,0.7351,Positive,0.375
"I cannot imaging ever being without a roll of this stuff. I use it where most folks would use Duct Tape. When I really want fix that is permanent, I always pick this super adhesive metal tape.",5.0,"3M, of course!",B00DY9IXFI,A1OK2HVJ5ZJPE3,Positive,37,192,"3M, of course! I cannot imaging ever being without a roll of this stuff. I use it where most folks would use Duct Tape. When I really want fix that is permanent, I always pick this super adhesive metal tape.",Positive,0.7587,Positive,0.3444444444444444
VERY GOOD,4.0,Four Stars,B000H5OXPQ,A2M5BJT4R8FD3N,Positive,2,9,Four Stars VERY GOOD,Positive,0.6867,Positive,0.9099999999999999
these work graet,5.0,Five Stars,B00CVZ4134,A10H7R87ZA5CHT,Positive,3,16,Five Stars these work graet,Neutral,0.0,Neutral,0.0
I really do like these recloseable fasteners. They work outside as well as inside. I have several on my plastic mailbox so that I can put my UVA flag on the mailbox during basketball season. I also use them to hold my doorbell and my thermometer. I am always finding different uses for these fasteners.,5.0,So many different ways to use these fasteners,B001LTTNOI,A2KMV056844YV2,Positive,55,302,So many different ways to use these fasteners I really do like these recloseable fasteners. They work outside as well as inside. I have several on my plastic mailbox so that I can put my UVA flag on the mailbox during basketball season. I also use them to hold my doorbell and my thermometer. I am always finding different uses for these fasteners.,Positive,0.5965,Positive,0.11666666666666665
Not bad pink when is wet and white when is dry Does the job and dry pretty quick Easy to sand down,4.0,Not bad pink when is wet and white when is dry,B002PMSSC8,A3AHXJ3F5Q0R81,Positive,22,98,Not bad pink when is wet and white when is dry Not bad pink when is wet and white when is dry Does the job and dry pretty quick Easy to sand down,Positive,0.8957,Neutral,0.06407407407407406
Good product for camping and general use,5.0,Good product,B001E5ZWT4,A3S6R98M0JF8M8,Positive,7,40,Good product Good product for camping and general use,Positive,0.7003,Positive,0.48333333333333334
"Works great. Being a novice to Arduino I had trouble modifying Marlin from watching YouTube videos and other commentary and reviews because of different versions of the library's and the Marlin program. I used Marlin-1.1.x and library item U8glib-1.19.1 on the Ramps 1.4 shield and Arduino MEGA 2560. When modifying Marlin in Arduino IDE, go to tab ""Configuration.h"", ignore line numbers and search (Ctrl+F) for ""REPRAP_DISCOUNT_FULL_GRAPHIC_SMART_CONTROLLER"", and remove the comment marks (//) in front of it. Also search for ""REPRAP_DISCOUNT_SMART_CONTROLLER"" and comment it out by adding ""//"" on the left side. Compile and load the code to your Arduino MEGA 2560 and Ramps 1.4. Power down and then power up again with the display attached, and be delighted with a functioning visual interface. Additionally, you have to enable SD Card support by searching for ""SDSUPPORT"" and removing the comment ""//"" on the left side. The SD Card now works great.",5.0,Setup of the display ends up easier than I thought.,B00J1X4MFQ,A1TSV6IZ9PZRQW,Positive,150,951,"Setup of the display ends up easier than I thought. Works great. Being a novice to Arduino I had trouble modifying Marlin from watching YouTube videos and other commentary and reviews because of different versions of the library's and the Marlin program. I used Marlin-1.1.x and library item U8glib-1.19.1 on the Ramps 1.4 shield and Arduino MEGA 2560. When modifying Marlin in Arduino IDE, go to tab ""Configuration.h"", ignore line numbers and search (Ctrl+F) for ""REPRAP_DISCOUNT_FULL_GRAPHIC_SMART_CONTROLLER"", and remove the comment marks (//) in front of it. Also search for ""REPRAP_DISCOUNT_SMART_CONTROLLER"" and comment it out by adding ""//"" on the left side. Compile and load the code to your Arduino MEGA 2560 and Ramps 1.4. Power down and then power up again with the display attached, and be delighted with a functioning visual interface. Additionally, you have to enable SD Card support by searching for ""SDSUPPORT"" and removing the comment ""//"" on the left side. The SD Card now works great.",Positive,0.9153,Positive,0.18194444444444444
"Amazing filament that just works with the default S3D settings. Was able to print my favorite things, in my favorite color.",5.0,Amazing filament that just works with the default S3D settings,B00J0EE1D4,A2JQB990YP3QPX,Positive,21,123,"Amazing filament that just works with the default S3D settings Amazing filament that just works with the default S3D settings. Was able to print my favorite things, in my favorite color.",Positive,0.9274,Positive,0.54
"Didn't know anything like these existed and was skeptical at first. But I decided to give them a shot and was very happy. They work very well in many applications. Another positive to them is that in most situations before melting the tube the wires will stay put inside on their own, so you have two hands free during melting. When using crimp connectors usually I am fighting trying to get everything to stay in place while crimping. These solve that problem.",5.0,Didn't know anything like these existed and was skeptical at first,B01DPS8DPM,AR7X83FM9JU2S,Positive,82,461,"Didn't know anything like these existed and was skeptical at first Didn't know anything like these existed and was skeptical at first. But I decided to give them a shot and was very happy. They work very well in many applications. Another positive to them is that in most situations before melting the tube the wires will stay put inside on their own, so you have two hands free during melting. When using crimp connectors usually I am fighting trying to get everything to stay in place while crimping. These solve that problem.",Positive,0.8983,Positive,0.2231060606060606
This stuff never fails me. Hatchbox Black ABS.,5.0,Five Stars,B00J0H8EWA,A3NSI4110HENH1,Positive,8,46,Five Stars This stuff never fails me. Hatchbox Black ABS.,Positive,0.3252,Neutral,0.04166666666666667
I use colloidal silver and it is cheaper to buy it in quantity and put in smaller bottles for using. These work great and are colored which the product needs to preserve it. Sprayers give a fine mist. Price was very good.,5.0,Good Buy,B013SJ41AE,A1UGKTZ5611JHQ,Positive,42,221,Good Buy I use colloidal silver and it is cheaper to buy it in quantity and put in smaller bottles for using. These work great and are colored which the product needs to preserve it. Sprayers give a fine mist. Price was very good.,Positive,0.8999,Positive,0.5653333333333334
It is duct tape...what is not to like. I have never had a poor 3m product,5.0,Great 3m duct tape,B001HT720O,A1FYVH7OKSVZE2,Positive,16,73,Great 3m duct tape It is duct tape...what is not to like. I have never had a poor 3m product,Positive,0.6751,Positive,0.2
"Good cork board sheet, nice color and plenty thick enough for pins. We used it for the back on a wall shadow box. Looks great.",5.0,As Advertised,B001ACIGOO,A1TXHNHO7YNXAN,Positive,25,126,"As Advertised Good cork board sheet, nice color and plenty thick enough for pins. We used it for the back on a wall shadow box. Looks great.",Positive,0.8689,Positive,0.3
These worked great. My lip balms looked professional! Very happy with the final results.,5.0,Five Stars,B00PVI46P6,A36DZ38UJYSLEB,Positive,14,88,Five Stars These worked great. My lip balms looked professional! Very happy with the final results.,Positive,0.855,Positive,0.48125
I was looking for a multi-function voltage tester. This one fit the bill perfectly. I enjoy the clamp that shows current as well as all the other built in test options. I have another tester and they show equivalent readings so I assume they are both reliable. I do recommend this tester.,5.0,Great multi function tester,B00O1Q2HOQ,A1L6I2EKTUQBX6,Positive,52,288,Great multi function tester I was looking for a multi-function voltage tester. This one fit the bill perfectly. I enjoy the clamp that shows current as well as all the other built in test options. I have another tester and they show equivalent readings so I assume they are both reliable. I do recommend this tester.,Positive,0.9559,Positive,0.29500000000000004
good,5.0,Five Stars,B0051QUOO0,A16KTYV908RXS8,Positive,1,4,Five Stars good,Positive,0.4404,Positive,0.7
This is such a great Tape Art Kit. My daughter and I have had a lot of fun creating things and trying all the different pieces out. The kit comes with LOTS of supplies and provides hours of fun. One of the best things about it is that the tape strips are pre-cut and make it very easy for young artists to use.,5.0,So Much Fun!,B004VRZ6CA,A3E9WG5BEAFF3T,Positive,63,310,So Much Fun! This is such a great Tape Art Kit. My daughter and I have had a lot of fun creating things and trying all the different pieces out. The kit comes with LOTS of supplies and provides hours of fun. One of the best things about it is that the tape strips are pre-cut and make it very easy for young artists to use.,Positive,0.9755,Positive,0.3820370370370371
The price is fair and the staples work great.,5.0,good deal,B000RAWD4E,A1QA8NCXCJ0CVK,Positive,9,45,good deal The price is fair and the staples work great.,Positive,0.8519,Positive,0.7333333333333334
Great product.,5.0,Five Stars,B0010VOJHS,AVWSWBIXPNC4X,Positive,2,14,Five Stars Great product.,Positive,0.6249,Positive,0.8
"Paddle seems to be decent quality, especially for being the least expensive one I could find. I didn't see any pitting that someone had mentioned in a previous review. Overall I am happy with it so far. I have only used it for one batch of beer though.",4.0,Decent paddle for the price,B001PZF7J8,A2SXLPB7V1QHJV,Positive,48,252,"Decent paddle for the price Paddle seems to be decent quality, especially for being the least expensive one I could find. I didn't see any pitting that someone had mentioned in a previous review. Overall I am happy with it so far. I have only used it for one batch of beer though.",Positive,0.5719,Neutral,0.026666666666666672
"Wow, heavy duty, will never brake, using it for my sprinkler pump inlet piping.",5.0,Five Stars,B00835RHUK,A1WD8OCYPER4ZK,Positive,14,79,"Five Stars Wow, heavy duty, will never brake, using it for my sprinkler pump inlet piping.",Positive,0.5859,Neutral,-0.05
"I've used this for everything from providing an anti-static drain on the underside of an electric guitar pick guard to contact pads for home made ribbon mic ribbons. Perfect weight, not too thin, very high quality, easy to solder to and the conductive adhesive works (at least for the anti-static application)",5.0,Doesn't get any better - great quality,B018RDZ3HG,A2UU3TQD379THD,Positive,51,309,"Doesn't get any better - great quality I've used this for everything from providing an anti-static drain on the underside of an electric guitar pick guard to contact pads for home made ribbon mic ribbons. Perfect weight, not too thin, very high quality, easy to solder to and the conductive adhesive works (at least for the anti-static application)",Positive,0.861,Positive,0.3201904761904762
This little temperature and humidity monitor has acceptable accuracy. I bough two of them. Both are accurate within 1 degree Fahrenheit (as compared to a lab thermometer) and theit humidity readings differ by no more than 4%.,5.0,Acceptable accuracy.,B00DRALJ28,A10AH1EXGYEO6N,Positive,37,225,Acceptable accuracy. This little temperature and humidity monitor has acceptable accuracy. I bough two of them. Both are accurate within 1 degree Fahrenheit (as compared to a lab thermometer) and theit humidity readings differ by no more than 4%.,Positive,0.34,Neutral,-0.012499999999999975
This works great!!! It has adhesive on one side and the Velcro on the other. You can just use the sticky side or you can also stick it on and sew it in place for double security. The one inch width seems to be the way to go and fits most everything. I used this in my car to secure a phone holder for hands free use.,5.0,High Quality!,B007OXK3YY,A2PU80LCKRMC9X,Positive,67,316,High Quality! This works great!!! It has adhesive on one side and the Velcro on the other. You can just use the sticky side or you can also stick it on and sew it in place for double security. The one inch width seems to be the way to go and fits most everything. I used this in my car to secure a phone holder for hands free use.,Positive,0.9241,Positive,0.3392857142857143
Works great if you have heavy pictures or placks to mount on wall.,5.0,Works great for heavy mountings,B002YLV9OY,A15GXOQH56RQ0X,Positive,13,66,Works great for heavy mountings Works great if you have heavy pictures or placks to mount on wall.,Positive,0.8481,Positive,0.30000000000000004
Never had a problem with this stuff. Will run well at any temp but ive had the best results at about 210. I have been using this to make large diamater wheels for a robot and have gone through 4 rolls back to back on 8 30hr prints with no issues whatsoever. Great stuff and the best you can get for the price.,5.0,Will run well at any temp but ive had the best results at about 210,B00ME7CV7C,A20RZRV9KV6AWB,Positive,63,309,Will run well at any temp but ive had the best results at about 210 Never had a problem with this stuff. Will run well at any temp but ive had the best results at about 210. I have been using this to make large diamater wheels for a robot and have gone through 4 rolls back to back on 8 30hr prints with no issues whatsoever. Great stuff and the best you can get for the price.,Positive,0.9839,Positive,0.573469387755102
"I tried Hot Stuff Super T Instant CA Glue along with the Insta-set accelerator pump 2oz Bob Smith Ind. and was simply amazed on the INSTANT ADHESIVENESS provided. I used this in a wood-on-wood application where I was gluing very small drawer pulls on jewelry ""band saw boxes"". I apply a drop of Hot Stuff to the drawer pull, spray some Accelerator to the drawer front, place the pull and it instantly adheres. I couldn't believe it. And there is no left over evidence of the accelerator applied to the drawer front. I just used this combo to re-apply a Honda H decal to the back door of my Pilot and voila...worked that same with metal on plastic. You will NOT be disappointed.",5.0,Amazing Adhesive,B0006O3TNK,AKX9EQ37PAYMY,Positive,123,677,"Amazing Adhesive I tried Hot Stuff Super T Instant CA Glue along with the Insta-set accelerator pump 2oz Bob Smith Ind. and was simply amazed on the INSTANT ADHESIVENESS provided. I used this in a wood-on-wood application where I was gluing very small drawer pulls on jewelry ""band saw boxes"". I apply a drop of Hot Stuff to the drawer pull, spray some Accelerator to the drawer front, place the pull and it instantly adheres. I couldn't believe it. And there is no left over evidence of the accelerator applied to the drawer front. I just used this combo to re-apply a Honda H decal to the back door of my Pilot and voila...worked that same with metal on plastic. You will NOT be disappointed.",Positive,0.8794,Neutral,0.02756410256410257
good,5.0,Five Stars,B01EN0Y1KC,A38AKFONE0WOZ8,Positive,1,4,Five Stars good,Positive,0.4404,Positive,0.7
works.,4.0,hex nuts,B00GYS1SXU,A7V2VGPSKWH4W,Positive,1,6,hex nuts works.,Negative,-0.3182,Neutral,0.0
"Good quality duct tape. Gray in color and very sticky! Yes it smells funny. If that bothers you put some of your moms perfume on it! You get sixty yards, 180 feet in a roll. As you should know Red Green (show) is a true believer in duct tape! Never leave home without it... Good stuff. The big box stores only have cheap Chinese now. Sad.",5.0,Standard issue duct tape.,B0013B1XLA,A1SX9PHJWTDMF9,Positive,66,338,"Standard issue duct tape. Good quality duct tape. Gray in color and very sticky! Yes it smells funny. If that bothers you put some of your moms perfume on it! You get sixty yards, 180 feet in a roll. As you should know Red Green (show) is a true believer in duct tape! Never leave home without it... Good stuff. The big box stores only have cheap Chinese now. Sad.",Positive,0.7428,Positive,0.16153846153846155
Works well for small circuits,5.0,Five Stars,B00G3EHATG,A33QHL5VKR6NB2,Positive,5,29,Five Stars Works well for small circuits,Positive,0.2732,Negative,-0.25
"I do work in the retail packaging industry and need to determine the thickness of items often to make sure they fit into boxes. It work well for quick checking. It's a cheap affordable caliper, same quality as you would fine at Habor freight for nearly the same price. I have had no issues wiht it and found it to be accurate. My needs to require a NASA quality device, but this one seems decently built. Pros: - cheap price - carry case - easy to use - auto on - easy to read - easy to zero - Metal frame seems sturdy Cons: - roller has a weird grip surface - roller adjuster could be tighter tolerance maybe even dampened a little - printed numbers on scale are a sticker, but I don't use those anyway and rely on the screen.",4.0,"Decent device for my needs, does what it says.",B017KUC6XQ,A2HGD9YMCLR19F,Positive,142,727,"Decent device for my needs, does what it says. I do work in the retail packaging industry and need to determine the thickness of items often to make sure they fit into boxes. It work well for quick checking. It's a cheap affordable caliper, same quality as you would fine at Habor freight for nearly the same price. I have had no issues wiht it and found it to be accurate. My needs to require a NASA quality device, but this one seems decently built. Pros: - cheap price - carry case - easy to use - auto on - easy to read - easy to zero - Metal frame seems sturdy Cons: - roller has a weird grip surface - roller adjuster could be tighter tolerance maybe even dampened a little - printed numbers on scale are a sticker, but I don't use those anyway and rely on the screen.",Positive,0.9437,Positive,0.22916666666666666
Excellent!,5.0,Five Stars,B0013U75B8,A294N8YW6BUGHO,Positive,1,10,Five Stars Excellent!,Positive,0.6114,Positive,1.0
"Some reviewers have noted poor packaging and damaged pieces; FYI, that wasn't my experience. These are OK quality, but at least they all showed up intact and undamaged for me.",4.0,Packaging was OK for me,B007Q94CZM,ACR2T9Z0JG43K,Positive,30,175,"Packaging was OK for me Some reviewers have noted poor packaging and damaged pieces; FYI, that wasn't my experience. These are OK quality, but at least they all showed up intact and undamaged for me.",Positive,0.4403,Neutral,0.075
Great quality product.,5.0,Five Stars,B000BVXW9E,A3HXTKTCI5VPXQ,Positive,3,22,Five Stars Great quality product.,Positive,0.6249,Positive,0.8
Working well so far after a few months.,5.0,Five Stars,B0013BKDO8,A3FWGQLMG1AAXG,Positive,8,39,Five Stars Working well so far after a few months.,Positive,0.2732,Neutral,-0.05
"The Pyrex brand made its name for heat-resistant, tough glassware based on borosilicate glass. They use a different, less-expensive formula now and breakage rates due to thermal stress fractures are up. I wanted 'something better/safer' and this is it. The crystal clear glass and easily read measurements are also a plus. The rolled rim is wide enough to serve as a hand grip for pouring. I use this for mixing liquids in the kitchen--eggs for omelets and batters. The high straight sides also work well with an immersion blender but the diameter is too small to use a standard egg beater for whipping heavy cream or egg whites. Don't use a heavy spoon with this--hitting the side of the beaker abruptly can cause breakage. Buy a laboratory stirrer instead or use plastic stirrers. I bought two of these and one is still going strong; my wife broke the other by vigorously whacking a spoon against the sides while making pancake batter. Outside dimensions are 5 1/4 inches tall and 4 inches across(including the nicely rolled rim.) The product is stable on a countertop. It is just the thing for mixing small batches of batter...and about as large a size as one would want for kitchen use.",5.0,Stronger Than Pyrex; Good For Kitchen Use,B00AU6XZWO,A3S4YVPGHSD5I8,Positive,206,1190,"Stronger Than Pyrex; Good For Kitchen Use The Pyrex brand made its name for heat-resistant, tough glassware based on borosilicate glass. They use a different, less-expensive formula now and breakage rates due to thermal stress fractures are up. I wanted 'something better/safer' and this is it. The crystal clear glass and easily read measurements are also a plus. The rolled rim is wide enough to serve as a hand grip for pouring. I use this for mixing liquids in the kitchen--eggs for omelets and batters. The high straight sides also work well with an immersion blender but the diameter is too small to use a standard egg beater for whipping heavy cream or egg whites. Don't use a heavy spoon with this--hitting the side of the beaker abruptly can cause breakage. Buy a laboratory stirrer instead or use plastic stirrers. I bought two of these and one is still going strong; my wife broke the other by vigorously whacking a spoon against the sides while making pancake batter. Outside dimensions are 5 1/4 inches tall and 4 inches across(including the nicely rolled rim.) The product is stable on a countertop. It is just the thing for mixing small batches of batter...and about as large a size as one would want for kitchen use.",Positive,0.9413,Neutral,0.05128873771730914
works great at work,4.0,Four Stars,B00011Q5QG,A1Y9T39X9XJK0Q,Positive,4,19,Four Stars works great at work,Positive,0.6249,Positive,0.8
Sturdy.,5.0,Five Stars,B006IOZ46W,A1508AVKVR035Q,Positive,1,7,Five Stars Sturdy.,Neutral,0.0,Neutral,0.0
Good.,4.0,Four Stars,B011VGASLW,A3UBJJ2IV0NAVE,Positive,1,5,Four Stars Good.,Positive,0.4404,Positive,0.7
"Heavy duty, the big dog!",5.0,Heavy duty,B000GAZ7IO,AZHSGQLALW0QN,Positive,5,24,"Heavy duty Heavy duty, the big dog!",Neutral,0.0,Negative,-0.13333333333333333
"Great product and price, have ordered 3 times",5.0,Five Stars,B000EIO86A,AEAW0DFEEB6HP,Positive,8,45,"Five Stars Great product and price, have ordered 3 times",Positive,0.6249,Positive,0.8
"Sure - this is a nice deep gloss finish. Not high gloss, but a great, classic wet wood finish. Just like you will see on any Gibson or Fender today. A single can will easily cover a LP style guitar from rough wood to finished product and this is multiple coats with sand downs between coats. Just make sure you use a wood sealer first and Deft makes a great sealer as well. But the absolute best feature of this product is the spray nozzle; the best I have ever used in an off the shelf spray can. Good consistent results, no spits, no clogs. All the way down to empty. Just remember to always invert and clean between applications and you will get a consistent 3"" fan. Same results with multiple cans now.",5.0,"Awesome, deep gloss",B001005IWE,A306NASGVUDFKF,Positive,134,706,"Awesome, deep gloss Sure - this is a nice deep gloss finish. Not high gloss, but a great, classic wet wood finish. Just like you will see on any Gibson or Fender today. A single can will easily cover a LP style guitar from rough wood to finished product and this is multiple coats with sand downs between coats. Just make sure you use a wood sealer first and Deft makes a great sealer as well. But the absolute best feature of this product is the spray nozzle; the best I have ever used in an off the shelf spray can. Good consistent results, no spits, no clogs. All the way down to empty. Just remember to always invert and clean between applications and you will get a consistent 3"" fan. Same results with multiple cans now.",Positive,0.9941,Positive,0.31463151927437644
A must have for any diagnostic work. Well made priced right.,5.0,Nobody's hearing is perfect. Be sure with this tool.,B0015DLMOO,A2TUTMIW7WWGNI,Positive,11,60,Nobody's hearing is perfect. Be sure with this tool. A must have for any diagnostic work. Well made priced right.,Positive,0.7964,Positive,0.5952380952380952
Awesome zip bags. Many uses & applications. Great quality. Very durable material. I would recommend to a friend,5.0,Five Stars,B003ZZUJSK,A1NS8FKEO93U3D,Positive,18,111,Five Stars Awesome zip bags. Many uses & applications. Great quality. Very durable material. I would recommend to a friend,Positive,0.9313,Positive,0.625
"Stout but still bendable, it worked perfectly for my use which was to build a VHF antenna (ham radio).",5.0,Top Notch Product,B000H9FXEM,A1T3EHZB3IFMS5,Positive,19,102,"Top Notch Product Stout but still bendable, it worked perfectly for my use which was to build a VHF antenna (ham radio).",Positive,0.8201,Positive,0.75
"I'm an epoxy fan. I use this epoxy for numerous home projects and repairs. This is the stuff to use when the repair must be strong. I like the quick ""5 minute"" speed which is just right for most repairs.",5.0,My go-to glue,B0044F59N0,A1XIWKZI2Y2XTG,Positive,40,203,"My go-to glue I'm an epoxy fan. I use this epoxy for numerous home projects and repairs. This is the stuff to use when the repair must be strong. I like the quick ""5 minute"" speed which is just right for most repairs.",Positive,0.7964,Positive,0.31047619047619046
none,5.0,Five Stars,B00LVFDLUO,A12PI73DRQBQ0D,Positive,1,4,Five Stars none,Neutral,0.0,Neutral,0.0
"Not much to say about this stuff's appearance when printed. It makes your printed objects glow in the dark. Definite boost in it's ""cool factor"" It's easy enough to print with, my Flashforge Finder handles it just fine. With regards to problems like curling and layer adhesion, I haven't had much of an issue but when it does happen the symptoms are identical to standard PLA so it's easy to troubleshoot and rectify. Prints turn out nice, almost too nice....? A friend at work recently told me his wife is angry at me because of this filament. I 3D printed a turtle from a .STL file from Thingiverse and showed it to him. He asked me to print one for him using this filament which I did. For whatever reason, he decided to place the turtle I printed for him in his bathroom. His poor wife got up late in the middle of the night to use the restroom and almost didn't make it to the toilet; When she walked into the bathroom she was horrified to see a glowing reptile looking at her. So..... I guess you could use this to print objects for mild pranks? Or if you prefer not to disturb people, just bear in mind what your print might do to someone if they see it in the dark and aren't expecting it.",5.0,Good stuff!  Just keep something in mind....,B00ME7NHJ8,A18ZYBZLR66IWK,Positive,227,1197,"Good stuff!  Just keep something in mind.... Not much to say about this stuff's appearance when printed. It makes your printed objects glow in the dark. Definite boost in it's ""cool factor"" It's easy enough to print with, my Flashforge Finder handles it just fine. With regards to problems like curling and layer adhesion, I haven't had much of an issue but when it does happen the symptoms are identical to standard PLA so it's easy to troubleshoot and rectify. Prints turn out nice, almost too nice....? A friend at work recently told me his wife is angry at me because of this filament. I 3D printed a turtle from a .STL file from Thingiverse and showed it to him. He asked me to print one for him using this filament which I did. For whatever reason, he decided to place the turtle I printed for him in his bathroom. His poor wife got up late in the middle of the night to use the restroom and almost didn't make it to the toilet; When she walked into the bathroom she was horrified to see a glowing reptile looking at her. So..... I guess you could use this to print objects for mild pranks? Or if you prefer not to disturb people, just bear in mind what your print might do to someone if they see it in the dark and aren't expecting it.",Positive,0.9215,Positive,0.12420634920634924
Really nice caster. I can move my little RV around the driveway without hooking it up to my truck. Sure makes things a lot easier for me.,5.0,Good accessory to have if you have a trailer.,B0050NGB6O,AM0H3DGRVXXJ4,Positive,27,137,Good accessory to have if you have a trailer. Really nice caster. I can move my little RV around the driveway without hooking it up to my truck. Sure makes things a lot easier for me.,Positive,0.8777,Positive,0.40312499999999996
"Alright, So after looking at when seemed to be endless types, sizes and lengths of heat shrink, I thought to by some thing that kept them all together so not to get lost and a quantity large enough to last me a few years. The length of these are perfect for my RC stuff and what not projects. Size range covers just about anything you can come up with. The few I used so far seem to be a better quality than ones I used in the past. Just a note, the case looks better than it is. Don't get me wrong, it does the job, but is very cheaply made. Then again, I keep this on a shelf in my shop - it does not get pounded on like my tools do, so it fits. Then again, for the price you can hardly find a case, so I figure it was a freebe and the price of the tube was well with in reason. Good value, I would buy it again.",5.0,Great quality product - not the best quality case,B00NPBUWRC,A11875GIYDPPWV,Positive,172,814,"Great quality product - not the best quality case Alright, So after looking at when seemed to be endless types, sizes and lengths of heat shrink, I thought to by some thing that kept them all together so not to get lost and a quantity large enough to last me a few years. The length of these are perfect for my RC stuff and what not projects. Size range covers just about anything you can come up with. The few I used so far seem to be a better quality than ones I used in the past. Just a note, the case looks better than it is. Don't get me wrong, it does the job, but is very cheaply made. Then again, I keep this on a shelf in my shop - it does not get pounded on like my tools do, so it fits. Then again, for the price you can hardly find a case, so I figure it was a freebe and the price of the tube was well with in reason. Good value, I would buy it again.",Positive,0.9649,Positive,0.22162464985994396
Nice cheap product bought for son to test equipment for school . But it's not what was expected only does 100 hz,4.0,Owon oscilloscope,B007T6XNCA,AKKBY9VWLMP6E,Positive,22,112,Owon oscilloscope Nice cheap product bought for son to test equipment for school . But it's not what was expected only does 100 hz,Positive,0.2263,Positive,0.225
Nice sign,5.0,Five Stars,B00176D49U,A3JJWRBGFZRI3K,Positive,2,9,Five Stars Nice sign,Positive,0.4215,Positive,0.6
Nice solid pipe. Going to use on my RV to T my propane line for a BBQ. Could not find this size of black pipe at Home Depot or Lowes.,4.0,good pipe,B0058DGECW,A2ASHRZNO9DMLP,Positive,30,133,good pipe Nice solid pipe. Going to use on my RV to T my propane line for a BBQ. Could not find this size of black pipe at Home Depot or Lowes.,Positive,0.743,Positive,0.28333333333333327
It worked great. Very accurate and well made,5.0,Five Stars,B009CTP3YS,A34S6L16OK5JZB,Positive,8,44,Five Stars It worked great. Very accurate and well made,Positive,0.7553,Positive,0.6600000000000001
"Good dimensions, easy weight to manage. Easy to wash off, and it'll never rust or rot. Assembly is a snap, wheels are great, very sturdy, and I'm glad I have it. I did not wish to use my metal ""service cart"" for potting work",5.0,Glad I got it!,B0012NAQX0,A2O7JE7YC0FNUH,Positive,44,224,"Glad I got it! Good dimensions, easy weight to manage. Easy to wash off, and it'll never rust or rot. Assembly is a snap, wheels are great, very sturdy, and I'm glad I have it. I did not wish to use my metal ""service cart"" for potting work",Positive,0.9504,Positive,0.5273809523809524
A+,5.0,Five Stars,B0195V3682,A367806VYBB8KS,Positive,1,2,Five Stars A+,Neutral,0.0,Neutral,0.0
received as described,4.0,seems of good quality,B00PUX9A4Y,A3RNSPXZURY2DH,Positive,3,21,seems of good quality received as described,Positive,0.4404,Positive,0.7
perfect measurements,5.0,Five Stars,B00DXPQIFU,A2W9KIP529OI4T,Positive,2,20,Five Stars perfect measurements,Positive,0.5719,Positive,1.0
"These are *perfect* for what I use them for - which is for scooping cat food out of the can. To be honest, I learned this from my daughter, who is a professional in the animal rescue and care field, so I guess that lots of people and facilities use these for that purpose. I get the little single serving cans of cat food (we have just one cat now), and I keep a stack of those cans and the box of these tongue depressors right by where I feed him at night, and they are *so* convenient and perfect for this! As to why they are called 'senior' tongue depressors (which I had wondered ever since seeing a box at my daughter's house), after doing some research (yeah, I need to get a life! :~) ), I believe that the reason they are called 'senior' tongue depressors is to distinguish them from 'junior' tongue depressors, which are pediatric tongue depressors (for children), and so considerably smaller (see, for example,&nbsp; Puritan Junior Tongue Depressor, Grape Flavored, 50/Box ).",5.0,"These are GREAT for Scooping Cat Food Out of the Can - and Here's Why They are Called ""Senior""!",B0011Z82YO,A4IQXCCXDEAKW,Positive,178,985,"These are GREAT for Scooping Cat Food Out of the Can - and Here's Why They are Called ""Senior""! These are *perfect* for what I use them for - which is for scooping cat food out of the can. To be honest, I learned this from my daughter, who is a professional in the animal rescue and care field, so I guess that lots of people and facilities use these for that purpose. I get the little single serving cans of cat food (we have just one cat now), and I keep a stack of those cans and the box of these tongue depressors right by where I feed him at night, and they are *so* convenient and perfect for this! As to why they are called 'senior' tongue depressors (which I had wondered ever since seeing a box at my daughter's house), after doing some research (yeah, I need to get a life! :~) ), I believe that the reason they are called 'senior' tongue depressors is to distinguish them from 'junior' tongue depressors, which are pediatric tongue depressors (for children), and so considerably smaller (see, for example,&nbsp; Puritan Junior Tongue Depressor, Grape Flavored, 50/Box ).",Positive,0.8959,Positive,0.41408730158730156
The listing calls these economy grade terminals but these are very sturdy and high quality. The only thing economy about these is the price. They crimp nicely and the shielding is thick and durable. This is the best price around and most definitely a sturdy as nd reliable product.,5.0,Great quality terminal,B01823Y0CK,AV48V8QSA1Z2M,Positive,49,281,Great quality terminal The listing calls these economy grade terminals but these are very sturdy and high quality. The only thing economy about these is the price. They crimp nicely and the shielding is thick and durable. This is the best price around and most definitely a sturdy as nd reliable product.,Positive,0.953,Positive,0.3288888888888889
"Great item, works as described.",5.0,Would buy again,B01GB7J8C6,A2VVUQ36CWOOQE,Positive,5,31,"Would buy again Great item, works as described.",Positive,0.6249,Positive,0.8
These are a less expensive solution to other screw shields and require no assembly,5.0,Five Stars,B00ENEXREA,A37Y358SF7OAJ,Positive,14,82,Five Stars These are a less expensive solution to other screw shields and require no assembly,Negative,-0.1477,Negative,-0.2638888888888889
great,5.0,Five Stars,B009AZ0TXE,A1LLEHFE4NS1C3,Positive,1,5,Five Stars great,Positive,0.6249,Positive,0.8
works great,5.0,can't beat loctite,B004Y960MU,A2VY8UTLXQ5TIQ,Positive,2,11,can't beat loctite works great,Positive,0.6249,Positive,0.8
"Pretty nice, made a pen holder with it. It looks really smooth, 3D Solutech PLA is perfect and I will recommend it to my friends.",5.0,Gold,B00MF03VLS,A1UTQN8C0KI5GE,Positive,25,129,"Gold Pretty nice, made a pen holder with it. It looks really smooth, 3D Solutech PLA is perfect and I will recommend it to my friends.",Positive,0.936,Positive,0.5625
"Easy to work once you get first blade fit , shipping was fast .",5.0,Five Stars,B0008G1Z32,APKHB04NTUOBX,Positive,14,63,"Five Stars Easy to work once you get first blade fit , shipping was fast .",Positive,0.6597,Positive,0.32083333333333336
Nice and sturdy. Perfect to protect wood pcs in the garage from a cat who sprays. Seriously considering getting several more.,4.0,Nice,B0001MSC84,A2V3THN58CDZLC,Positive,21,125,Nice Nice and sturdy. Perfect to protect wood pcs in the garage from a cat who sprays. Seriously considering getting several more.,Positive,0.8807,Positive,0.39444444444444454
"NO PROBLEM..THE BEST I HAVE EVER USED AND MADE IN USA.I WOULD HAVE GIVEN 5 STARS EXCEPT FOR THE PRICE.IT IS CHEAPER AT LOCAL HVAC SUPPLIER,BUT AMAZON IS MORE CONVIENT.",4.0,THE BEST I HAVE EVER USED AND MADE IN USA,B000WEPG5S,AK8LJUR3PHOJS,Positive,30,167,"THE BEST I HAVE EVER USED AND MADE IN USA NO PROBLEM..THE BEST I HAVE EVER USED AND MADE IN USA.I WOULD HAVE GIVEN 5 STARS EXCEPT FOR THE PRICE.IT IS CHEAPER AT LOCAL HVAC SUPPLIER,BUT AMAZON IS MORE CONVIENT.",Positive,0.0854,Positive,0.625
Good product,5.0,Swiss hotend,B01E1HANLS,A25F0JH2M6U6TS,Positive,2,12,Swiss hotend Good product,Positive,0.4404,Positive,0.7
This stuff prints beautifully at 200c with a 70c bed!,5.0,Five Stars,B00J0GMMP6,A3DAAOMZRPLB9N,Positive,10,53,Five Stars This stuff prints beautifully at 200c with a 70c bed!,Positive,0.6114,Positive,1.0
Satisfactory performance at a very good price Less than 1/2 price compared top the big boxes,5.0,Satisfactory performance at a very good price,B0024NKKHO,A1RVP1IZNUNEP3,Positive,16,92,Satisfactory performance at a very good price Satisfactory performance at a very good price Less than 1/2 price compared top the big boxes,Positive,0.9091,Positive,0.43066666666666664
Decent quality for the price. I am using these to modify a trigger for a Nikon camera to do layer by layer time lapse of my 3D printer.,5.0,Decent quality for the price. I am using these ...,B00MFRZ2SG,A36U9JBHUMIU1J,Positive,28,135,Decent quality for the price. I am using these ... Decent quality for the price. I am using these to modify a trigger for a Nikon camera to do layer by layer time lapse of my 3D printer.,Neutral,0.0,Positive,0.16666666666666666
"This is a great little kit with clear labeling and a pretty decent organizer. I bought this with a nut and screw set, all of them were delivered promptly and in good condition. A couple notes on all three. No, the organizer it won't keep everything separated if you toss it around or turn it on its side. Keep it flat and it will be fine and, yes, you have to do a little work because UPS/FedEx has thrown it around and some nuts will have migrated. Pleased with the selection and price",4.0,Great kit for around the house,B00C7XAJMW,A1D9OYCVQC7A2Z,Positive,93,486,"Great kit for around the house This is a great little kit with clear labeling and a pretty decent organizer. I bought this with a nut and screw set, all of them were delivered promptly and in good condition. A couple notes on all three. No, the organizer it won't keep everything separated if you toss it around or turn it on its side. Keep it flat and it will be fine and, yes, you have to do a little work because UPS/FedEx has thrown it around and some nuts will have migrated. Pleased with the selection and price",Positive,0.9654,Positive,0.30303030303030304
great rod for making brackets and easy to thread and bend and non magnetic for mounting a compass to on a phantom drone.,5.0,great rod for making brackets and easy to thread and ...,B000H9FW16,A3LTBJV4QPSRCB,Positive,23,120,great rod for making brackets and easy to thread and ... great rod for making brackets and easy to thread and bend and non magnetic for mounting a compass to on a phantom drone.,Positive,0.9325,Positive,0.6166666666666667
Nice and thick and they even protect my wrist a little. Good for acetone and other chemicals that would dissolve latex.,5.0,Nice and thick and they even protect my wrist a ...,B00ANYYY5U,A35MH4WEUGF0G1,Positive,21,119,Nice and thick and they even protect my wrist a ... Nice and thick and they even protect my wrist a little. Good for acetone and other chemicals that would dissolve latex.,Positive,0.9083,Positive,0.14107142857142854
I love this stuff.,5.0,Five Stars,B015VGJGPW,ACRAQ1X4QYUWV,Positive,4,18,Five Stars I love this stuff.,Positive,0.6369,Positive,0.5
"Great Pla, no issues with using it in my robo 3D.",5.0,Great pla,B00J0EE1D4,A3DID22ECCG3WD,Positive,11,49,"Great pla Great Pla, no issues with using it in my robo 3D.",Positive,0.7906,Positive,0.8
"There is nothing like a good cut off wheel to cut steel parts, and this is a good one. Very thin, but also seems pretty strong, so it isn't removing much material. Does throw some sparks! You should expect that from a cutoff wheel. I used it to cut 3/4"" black pipe and it worked really well.",5.0,Fast efficient cutting of steel parts.,B00DHLRO1C,A12O5SEIF162P8,Positive,57,291,"Fast efficient cutting of steel parts. There is nothing like a good cut off wheel to cut steel parts, and this is a good one. Very thin, but also seems pretty strong, so it isn't removing much material. Does throw some sparks! You should expect that from a cutoff wheel. I used it to cut 3/4"" black pipe and it worked really well.",Positive,0.8665,Positive,0.14466666666666667
"This thing is GREAT. To start off, this is the first rechargeable toothbrush I have had with a reasonably sized base; not occupying a big footprint on my counter. The toothbrush itself is quiet, yet performs excellent. The various sweeping actions of the different bristles really seems to work well; and the bristels on the tip move in the right way to actually clean behind my wisdom teeth, which is a failure of most toothbrushes. The brush head is replaceable, with a 'fading bristles' method of determining when the head needs to be replaced. This toothbrush works well, is less expensive than comparable models, and has a properly sized base unit. Its a toothbrush, I don't need a lot, but what I do need this one has.",5.0,I love this toothbrush,B00ARTK9FA,ANRXH0BVEAR6B,Positive,127,724,"I love this toothbrush This thing is GREAT. To start off, this is the first rechargeable toothbrush I have had with a reasonably sized base; not occupying a big footprint on my counter. The toothbrush itself is quiet, yet performs excellent. The various sweeping actions of the different bristles really seems to work well; and the bristels on the tip move in the right way to actually clean behind my wisdom teeth, which is a failure of most toothbrushes. The brush head is replaceable, with a 'fading bristles' method of determining when the head needs to be replaced. This toothbrush works well, is less expensive than comparable models, and has a properly sized base unit. Its a toothbrush, I don't need a lot, but what I do need this one has.",Positive,0.871,Neutral,0.05595238095238094
"good quality, came in with a box, nice",5.0,Five Stars,B000NBKLM8,A3ADIDVA945PD7,Positive,8,38,"Five Stars good quality, came in with a box, nice",Positive,0.6908,Positive,0.6499999999999999
The five-stars are for product and customer-service.,5.0,Stick with this and be satisfied,B001I9UMQ4,A1NLZU0PN1B9MI,Positive,7,52,Stick with this and be satisfied The five-stars are for product and customer-service.,Positive,0.4215,Positive,0.5
"Nice soft rubber, fits the Accu-gage perfectly. A wise investment to protect the gage.",5.0,Five Stars,B0012TYTH8,A3271SSPMV1O5W,Positive,14,86,"Five Stars Nice soft rubber, fits the Accu-gage perfectly. A wise investment to protect the gage.",Positive,0.9136,Positive,0.4666666666666666
took it out of the box and started printing. No muss no fuss. I want to spend my time designing not messing with the printer. Mission accomplished! The huge print bed is VERY handy!,5.0,Mo muss no fuss!,B01DLU3M3M,AHSOP6L4COG4U,Positive,34,181,Mo muss no fuss! took it out of the box and started printing. No muss no fuss. I want to spend my time designing not messing with the printer. Mission accomplished! The huge print bed is VERY handy!,Positive,0.5946,Positive,0.5416666666666666
"These LEDs are really bright, with vivid colors. I plan to use these for decorating, so they should be perfect.",5.0,Bright & colorful,B01AUI4VVA,A3NXPPWUQ0WWGL,Positive,20,111,"Bright & colorful These LEDs are really bright, with vivid colors. I plan to use these for decorating, so they should be perfect.",Positive,0.8687,Positive,0.5650000000000001
"Quick shipment. Outside is exactly 3"" x 5"". One 3 x 5 index card will fit in, but as it's exactly 3"" x 5"" a small stack of cards will not fit. They are definitely see-through but not quite clear.",4.0,Good quality bag.,B003ZZS4BO,A22HUL3LAFTETB,Positive,40,195,"Good quality bag. Quick shipment. Outside is exactly 3"" x 5"". One 3 x 5 index card will fit in, but as it's exactly 3"" x 5"" a small stack of cards will not fit. They are definitely see-through but not quite clear.",Positive,0.1239,Positive,0.14814814814814814
Works well,5.0,Five Stars,B0013J41KW,A2G1FJAIPUFPZK,Positive,2,10,Five Stars Works well,Positive,0.2732,Neutral,0.0
"Im not sure why everyone is saying the sizes are everywhere with these dowels. I people just got a bad batch or what, but I found the size of the dowels to be quite consistent. Used them to build the doors for my cabinets. Went through 3 boxes of these dowels and they all fit snugly into a 3/8 hole. Required a little light tapping with my wood mallet, but thats about it. The product worked great for my needs.",5.0,I people just got a bad batch or what,B0055HPPSA,A2ZISB0WXO6DG,Positive,80,412,"I people just got a bad batch or what Im not sure why everyone is saying the sizes are everywhere with these dowels. I people just got a bad batch or what, but I found the size of the dowels to be quite consistent. Used them to build the doors for my cabinets. Went through 3 boxes of these dowels and they all fit snugly into a 3/8 hole. Required a little light tapping with my wood mallet, but thats about it. The product worked great for my needs.",Positive,0.7113,Neutral,0.0015625000000000638
"Item arrived on time. DAP is a trusted name in the construction field. This stuff has so many useful purposes and hides a multitude of sins (i.e. uneven gaps between molding and ceiling or wall, nail holes in sheetrock, around tub and tile for a professional finished look, attaching any type of backsplash, hiding hairline fractures in older homes where the sheetrock has separated) Extremely useful and highly recommended.",5.0,DIPPITY DAP,B0002YVMVK,A2IS2CYVKQD3DO,Positive,69,424,"DIPPITY DAP Item arrived on time. DAP is a trusted name in the construction field. This stuff has so many useful purposes and hides a multitude of sins (i.e. uneven gaps between molding and ceiling or wall, nail holes in sheetrock, around tub and tile for a professional finished look, attaching any type of backsplash, hiding hairline fractures in older homes where the sheetrock has separated) Extremely useful and highly recommended.",Positive,0.6873,Positive,0.1895238095238095
"Awesome product, Awesome savings",5.0,Five Stars,B001766LZO,A1LLQICFHI4WO7,Positive,4,32,"Five Stars Awesome product, Awesome savings",Positive,0.8481,Positive,1.0
"I am gonna use this for a subwoofer box. It seems like it will work just fine! nice and strong, but it only measures 11 3/4 inches not 12x12""",5.0,"looks good and solid, and of course clear! lol",B000FP83PE,A3NYBI5VMVEEIK,Positive,29,141,"looks good and solid, and of course clear! lol I am gonna use this for a subwoofer box. It seems like it will work just fine! nice and strong, but it only measures 11 3/4 inches not 12x12""",Positive,0.8669,Positive,0.3973958333333334
Well made and works with the AprilAire 760 model.,5.0,Nice and simple,B00HPNFD5C,A1B7NHDRHNOZB,Positive,9,49,Nice and simple Well made and works with the AprilAire 760 model.,Positive,0.5994,Positive,0.3
"What can you say about a garbage can lid. It works, lol.",5.0,Lid Review,B00002NC3K,A2IZ8MTP4WKB7C,Positive,12,56,"Lid Review What can you say about a garbage can lid. It works, lol.",Positive,0.4215,Positive,0.8
Looks good and solid construction. Should do just fine!,5.0,Five Stars,B000VK5VM6,A1XE1B6EWSE39A,Positive,9,55,Five Stars Looks good and solid construction. Should do just fine!,Positive,0.68,Positive,0.4069444444444444
"this is a good item gave it 5 starts , it works well i would buy this again as needed",5.0,great item,B001768788,A2XY7BJVSETBDF,Positive,20,85,"great item this is a good item gave it 5 starts , it works well i would buy this again as needed",Positive,0.8442,Positive,0.75
"Our the box it had a charge but suggested a few hours of charge before use. Very easy to use, picks up great and I especially like the swivel head. Much better than our first bagless battery operated broom.",5.0,Very easy to use,B00C351GBC,A3M2U2803IED3X,Positive,39,206,"Very easy to use Our the box it had a charge but suggested a few hours of charge before use. Very easy to use, picks up great and I especially like the swivel head. Much better than our first bagless battery operated broom.",Positive,0.9665,Positive,0.3538095238095238
As expected,5.0,Five Stars,B0015T0LZO,A2JPK5ZJN0IPIL,Positive,2,11,Five Stars As expected,Neutral,0.0,Neutral,-0.1
"This is a fairly thin walled aluminum tubing - exactly as described. the 6061-T6 is a harder, stronger alloy of aluminum than pure aluminum . But it is still light weight and relatively easy to work. The good: Exactly as described Inexpensive and light weight Room for improvement: a little buffing beforehand would be nice.",4.0,Seamless Aluminum Tubing,B000H9NDW6,A1FV6SJ6Z27O1E,Positive,55,324,"Seamless Aluminum Tubing This is a fairly thin walled aluminum tubing - exactly as described. the 6061-T6 is a harder, stronger alloy of aluminum than pure aluminum . But it is still light weight and relatively easy to work. The good: Exactly as described Inexpensive and light weight Room for improvement: a little buffing beforehand would be nice.",Positive,0.9531,Positive,0.22167658730158732
Good product.,5.0,Five Stars,B0015GA102,A3L57F73H55QYX,Positive,2,13,Five Stars Good product.,Positive,0.4404,Positive,0.7
great,5.0,Five Stars,B00LXW06R6,A282788S83CH02,Positive,1,5,Five Stars great,Positive,0.6249,Positive,0.8
as advertised,5.0,Five Stars,B001DC9USC,A1XUCOM7JWFY99,Positive,2,13,Five Stars as advertised,Neutral,0.0,Neutral,0.0
"Not bad for the price, fan died pretty quick however.",4.0,Four Stars,B01GDAZZ0A,AN04HN42C0JK6,Positive,10,53,"Four Stars Not bad for the price, fan died pretty quick however.",Positive,0.5789,Positive,0.31111111111111106
Their good I guess. Nothing to compare it too. Their is the usual disclaimer.,4.0,H20 test,B00028PDO8,A17GXG2I38M1YW,Positive,14,77,H20 test Their good I guess. Nothing to compare it too. Their is the usual disclaimer.,Positive,0.4404,Positive,0.22499999999999998
"I personally like this filament, don't think transparent black is correct though, almost like a grey tint to it. Hotend 215c HBP 95c Rep2x",5.0,Another Good filament from hatchbox,B00M0CS472,A1U9EZWRU89D5Z,Positive,24,138,"Another Good filament from hatchbox I personally like this filament, don't think transparent black is correct though, almost like a grey tint to it. Hotend 215c HBP 95c Rep2x",Positive,0.761,Positive,0.12083333333333333
good,5.0,good,B0064GZQ2G,A2YRVD8BKAFX6K,Positive,1,4,good good,Positive,0.7003,Positive,0.7
I bought this to sharpen the blades on my reel lawn mower. It works great and gets the job done.,5.0,Great for my Reel Lawn Mower,B000HBM80M,A2NJNK9CWO9PSZ,Positive,20,96,Great for my Reel Lawn Mower I bought this to sharpen the blades on my reel lawn mower. It works great and gets the job done.,Positive,0.8481,Positive,0.8
packages came clearly labeled and the size written on ends but good luck making out the band color,5.0,heard to read the color code better use meter,B00WE1FQ8Y,A2XPGWA9XRQ67W,Positive,18,98,heard to read the color code better use meter packages came clearly labeled and the size written on ends but good luck making out the band color,Positive,0.8922,Positive,0.4333333333333333
"I bought these to use with a freeze mist we also bought off of Amazon for cutting skin tags off, after first freezing them. My insurance no longer covers the cost for the doctor to do it. Thanks Washington! These do the job. Helps if you lift the skin tag with a pair of tweezers, then cut them off at the base with these scissors after first freezing them. If you are not into cutting and the resulting bleeding, usually if you just wait the freeze mist will cause the skin tag to dry up and fall off on its own accord.",5.0,These are Sharp and Work Well,B00CO89BXI,A38YATKTY2TNPJ,Positive,102,520,"These are Sharp and Work Well I bought these to use with a freeze mist we also bought off of Amazon for cutting skin tags off, after first freezing them. My insurance no longer covers the cost for the doctor to do it. Thanks Washington! These do the job. Helps if you lift the skin tag with a pair of tweezers, then cut them off at the base with these scissors after first freezing them. If you are not into cutting and the resulting bleeding, usually if you just wait the freeze mist will cause the skin tag to dry up and fall off on its own accord.",Positive,0.5806,Negative,-0.10916666666666668
It fits the Taz 6 too. Not sure why it only lists the Taz 5. Works great!,5.0,Taz 6 too!,B01EX4FAT4,A29QNH43GMJ5QI,Positive,17,73,Taz 6 too! It fits the Taz 6 too. Not sure why it only lists the Taz 5. Works great!,Positive,0.575,Positive,0.25
plenty different connectors and decent supply of each,5.0,Five Stars,B00H1O0WOM,A3LRUEEC7SR3DR,Positive,8,53,Five Stars plenty different connectors and decent supply of each,Neutral,0.0,Neutral,0.08333333333333333
Works good.,5.0,Five Stars,B000BQY9XW,A3FUDVDB0NTL4R,Positive,2,11,Five Stars Works good.,Positive,0.4404,Positive,0.7
Works just as expected!!!,5.0,Five Stars,B00VSHBSVE,A3POCJXBDHK3M6,Positive,4,25,Five Stars Works just as expected!!!,Neutral,0.0,Negative,-0.1953125
well made tool. does what it is made to do.,5.0,well made tool. does what it is made to ...,B000EJ332O,AMHHGFVNBOYPS,Positive,10,43,well made tool. does what it is made to ... well made tool. does what it is made to do.,Positive,0.4939,Neutral,0.0
Pretty good quality and the price is better than Granger,4.0,Pretty good quality,B003YDNHDW,APAK5U68YU1R1,Positive,10,56,Pretty good quality Pretty good quality and the price is better than Granger,Positive,0.9337,Positive,0.48
Good product in nice packaging for a reasonable price,4.0,Eye for detail,B002A615DS,A1V49D2Y90KH03,Positive,9,53,Eye for detail Good product in nice packaging for a reasonable price,Positive,0.6908,Positive,0.49999999999999994
Work great with the straight nail finisher.,5.0,Five Stars,B0002Q8TMS,A2IZXU8G2TRVDO,Positive,7,43,Five Stars Work great with the straight nail finisher.,Positive,0.7184,Positive,0.5
"Great little brush, I have several rasps, and sometimes they get stopped up with paint or rotten wood, this little brush cleans them right up.",4.0,great little brush!,B000FK5DFC,A1XE1B6EWSE39A,Positive,25,142,"great little brush! Great little brush, I have several rasps, and sometimes they get stopped up with paint or rotten wood, this little brush cleans them right up.",Positive,0.6141,Positive,0.18233418367346937
Fast shipping good product.,5.0,Fast shipping good product.,B000Z9DCF6,A2N5VSJKMVUJLW,Positive,4,27,Fast shipping good product. Fast shipping good product.,Positive,0.7003,Positive,0.44999999999999996
Works real well,5.0,Great Gel,B00AMGV010,A3ERZMZOIXERAI,Positive,3,15,Great Gel Works real well,Positive,0.7351,Positive,0.5
This is exactly what I expected and it arrived timely.,5.0,Five Stars,B0013CQ6DY,A2DGTVTL2Q971K,Positive,10,54,Five Stars This is exactly what I expected and it arrived timely.,Neutral,0.0,Neutral,0.075
"Perfect material as always, no issues!",5.0,Five Stars,B00MEZEFVO,ASBJE5XIYXTMK,Positive,6,38,"Five Stars Perfect material as always, no issues!",Positive,0.4199,Positive,1.0
Very impressed with the color and low temp quality of this PLA. I was able to print at 188C with a Bowden setup that I had to print at 200C using another brand of PLA. I prefer the lower temperature. Hoping to find some translucent color from this supplier next.,5.0,"Love this, will try more",B00J0GMMP6,A2N4SU1O376NGJ,Positive,50,262,"Love this, will try more Very impressed with the color and low temp quality of this PLA. I was able to print at 188C with a Bowden setup that I had to print at 200C using another brand of PLA. I prefer the lower temperature. Hoping to find some translucent color from this supplier next.",Positive,0.8111,Positive,0.4166666666666667
Great for adding a bit more acid to your wines if they are a bit too soft.,5.0,Good stuff,B0064GZBJO,A2EREM0JFISC5O,Positive,17,74,Good stuff Great for adding a bit more acid to your wines if they are a bit too soft.,Positive,0.7906,Positive,0.525
Real NICE!!,5.0,Five Stars,B002WJHE7E,A27N51QVYE5WJ3,Positive,2,11,Five Stars Real NICE!!,Positive,0.627,Positive,1.0
Good workable units. No complaints. Just a QC problem here and there with the holes being plugged with plastic.,4.0,Four Stars,B001768788,A22QQSZW7GCLCV,Positive,19,111,Four Stars Good workable units. No complaints. Just a QC problem here and there with the holes being plugged with plastic.,Positive,0.3523,Positive,0.7
Good color. Even throughout the whole roll. Last for quite a while.,4.0,Good color. Even throughout the whole roll,B00J0HC4QC,A3DWAH257SP06U,Positive,12,67,Good color. Even throughout the whole roll Good color. Even throughout the whole roll. Last for quite a while.,Positive,0.7003,Positive,0.36
"Thanks for the good reviews and I'm happy with the purchase of this vacuum cleaner. It is light in weight, quiet and powerful (these two things do not come together for a vacuum cleaner often). Its no doubt the best one among all I have had (about 5). The only minor issue is that the retractable tube seems to be a bit stiff.",5.0,Found the one at last ...,B00AZBIZTW,ACOV36R272G8F,Positive,63,326,"Found the one at last ... Thanks for the good reviews and I'm happy with the purchase of this vacuum cleaner. It is light in weight, quiet and powerful (these two things do not come together for a vacuum cleaner often). Its no doubt the best one among all I have had (about 5). The only minor issue is that the retractable tube seems to be a bit stiff.",Positive,0.9638,Positive,0.23992673992673993
"Used for 3D printer belt drive. Worked fine, but it seems like a few of them were a little wider than others by 0.1 - 0.3mm.",5.0,"Worked fine, but it seems like a few of them ...",B002BBD6X4,A2FUNCCHEYRUVA,Positive,26,124,"Worked fine, but it seems like a few of them ... Used for 3D printer belt drive. Worked fine, but it seems like a few of them were a little wider than others by 0.1 - 0.3mm.",Positive,0.8442,Neutral,0.04916666666666666
Too thin for what was needed but good to hold vanilla stick in or a plant cutting.,4.0,Vial test tube,B007DQGKC6,A60K3A8535404,Positive,17,82,Vial test tube Too thin for what was needed but good to hold vanilla stick in or a plant cutting.,Positive,0.4767,Negative,-0.10000000000000002
I love this little vise it is a bit pricey but very nice comes with rubber guards so you don't scratches on what ever you put in it. I use it for my guns and it is GREAT.. I highly recommend this vise.. for what ever thats worth.. :-),5.0,Nice Vise,B000UOJF66,A3D1AFK1WU0TG,Positive,49,234,Nice Vise I love this little vise it is a bit pricey but very nice comes with rubber guards so you don't scratches on what ever you put in it. I use it for my guns and it is GREAT.. I highly recommend this vise.. for what ever thats worth.. :-),Positive,0.9735,Positive,0.4315625
"The bottles are of thinner plastic than I expected but they should work okay. For the price, they were worth it.",5.0,Thinner plastic but should work as advertised,B000TQGXW4,A2CGORRQGDEL37,Positive,21,112,"Thinner plastic but should work as advertised The bottles are of thinner plastic than I expected but they should work okay. For the price, they were worth it.",Positive,0.5719,Positive,0.2333333333333333
"Spins free and easy with virtually no run-out. This has quickly become my ""go to"" live center. The #2 Morse taper fits into my tail stock with no issues and holds securely.",5.0,Great live center,B000KIEPSA,A2CS04ARKA73KJ,Positive,32,172,"Great live center Spins free and easy with virtually no run-out. This has quickly become my ""go to"" live center. The #2 Morse taper fits into my tail stock with no issues and holds securely.",Positive,0.8519,Positive,0.271043771043771
"Good breadboards, make good contact and at a great price",5.0,Good and exactly what it says.,B01258UZMC,A13PYHEI2Y4NVH,Positive,10,56,"Good and exactly what it says. Good breadboards, make good contact and at a great price",Positive,0.9153,Positive,0.6299999999999999
Have used this to add another level of protection against the elements. Easy to work with and provides a great dielectric barrier.,4.0,Better than Expected,B000FPAN2K,A387SF464HL3C,Positive,22,130,Better than Expected Have used this to add another level of protection against the elements. Easy to work with and provides a great dielectric barrier.,Positive,0.8555,Positive,0.4083333333333333
I am a nursing student and have one of these on each stethoscope i own! Very handy and easy to put on. Also stays in place well.,5.0,MUST HAVE,B005HILWGQ,A11UUT6TDVOMVH,Positive,27,128,MUST HAVE I am a nursing student and have one of these on each stethoscope i own! Very handy and easy to put on. Also stays in place well.,Positive,0.6763,Positive,0.6544444444444445
"My 4th roll, works well.",5.0,Five Stars,B01EKFVCDO,A2DE0TJ0XDF4R0,Positive,5,24,"Five Stars My 4th roll, works well.",Positive,0.2732,Neutral,0.0
"Anyone who has been around a lab or precision workshop is familiar with Kimwipes which are made from wood fiber and used to clean optics or precision mechanisms, whenever it's not acceptable to leave fibers behind as with ordinary paper towels. These Kimtex wipers are one step more high tech. These are not wood fiber or paper fiber but post-consumer polypropylene and work very well for cleaning up chemical spills, solvents, oils. Tough but soft and scratch free. If you don't know exactly the chemical makeup of your surface, or think it may be strongly acidic or basic, these are your best bet, very benign. I just used these with alcohol pads to clean up a 50 year old collector's camera. Did a nice job.",5.0,"High tech, scratch-free cleanup, chemically resistant",B000JKGOTW,ADKZOXAOV8EXD,Positive,125,710,"High tech, scratch-free cleanup, chemically resistant Anyone who has been around a lab or precision workshop is familiar with Kimwipes which are made from wood fiber and used to clean optics or precision mechanisms, whenever it's not acceptable to leave fibers behind as with ordinary paper towels. These Kimtex wipers are one step more high tech. These are not wood fiber or paper fiber but post-consumer polypropylene and work very well for cleaning up chemical spills, solvents, oils. Tough but soft and scratch free. If you don't know exactly the chemical makeup of your surface, or think it may be strongly acidic or basic, these are your best bet, very benign. I just used these with alcohol pads to clean up a 50 year old collector's camera. Did a nice job.",Positive,0.9805,Positive,0.2196198830409357
Good quality terminal,5.0,Five Stars,B005V9UWB2,A1F8LYRLBR0GS9,Positive,3,21,Five Stars Good quality terminal,Positive,0.4404,Positive,0.7
Just what I expected. Packed well.,5.0,Five Stars,B004XR5UNI,A1V1RFB8D9BUQQ,Positive,6,34,Five Stars Just what I expected. Packed well.,Positive,0.2732,Neutral,-0.1
perfect,5.0,Five Stars,B00AQVYWA2,AA3ITJU612XVN,Positive,1,7,Five Stars perfect,Positive,0.5719,Positive,1.0
Excellent filament. I use it in my Lulzbot Taz4 model. I have used Gizmo Dorks filament before and I have had no issues with it and would definitely recommend it. I will purchase more in the future.,5.0,Good High Quality ABS,B00GU2G1Y6,A1ODTLDFEV4S5G,Positive,37,198,Good High Quality ABS Excellent filament. I use it in my Lulzbot Taz4 model. I have used Gizmo Dorks filament before and I have had no issues with it and would definitely recommend it. I will purchase more in the future.,Positive,0.8442,Positive,0.3933333333333333
Worked for me.,5.0,Five Stars,B00S7TK40C,A1EQNQDL6RRGMA,Positive,3,14,Five Stars Worked for me.,Neutral,0.0,Neutral,0.0
"After I cut the male end off (ouch) I used this as a leader for our hose reel. To ease installation, I soaked it in a cup of boiling water to soften the hose to ease installation over the plastic barb on the hose reel.",4.0,Used for leader on hose reel.,B0006IX85K,A3RWEVIJSRQWPU,Positive,45,218,"Used for leader on hose reel. After I cut the male end off (ouch) I used this as a leader for our hose reel. To ease installation, I soaked it in a cup of boiling water to soften the hose to ease installation over the plastic barb on the hose reel.",Positive,0.4404,Neutral,0.0
IT WORKED,4.0,Four Stars,B000GAUZ3Q,A12MDOCZIDEN8U,Positive,2,9,Four Stars IT WORKED,Neutral,0.0,Neutral,0.0
"This MK10 Hotend Upgrade is probably one of the best mods I have installed to date, I immediately noticed an improvement in print quality. My prints now have a sheen or shine to them, and the layer adhesion has seemed to improve over a variety of materials. The installation was pretty straightforward, once you remove the fans, heatsink, and support bracket, you just need to remove the extruder from the heatsink assembly with the removal of a set screw you can twist the old Hotend out and replace with your new Micro Swiss MK10 Hotend. I will be ordering another for my 2nd extruder assembly. Micro Swiss you did a great job!!",5.0,If You 3D Print You NEED This Upgrade... Seriously!,B01C3HEQZC,A3HY2GZDS0CNZL,Positive,112,630,"If You 3D Print You NEED This Upgrade... Seriously! This MK10 Hotend Upgrade is probably one of the best mods I have installed to date, I immediately noticed an improvement in print quality. My prints now have a sheen or shine to them, and the layer adhesion has seemed to improve over a variety of materials. The installation was pretty straightforward, once you remove the fans, heatsink, and support bracket, you just need to remove the extruder from the heatsink assembly with the removal of a set screw you can twist the old Hotend out and replace with your new Micro Swiss MK10 Hotend. I will be ordering another for my 2nd extruder assembly. Micro Swiss you did a great job!!",Positive,0.9632,Positive,0.3055871212121212
Works better than ninjaflex for Bowden tube printers. Print under 20mm/sec at 230C hot end. Some jams for longer prints. No jams at 16mm/sec print speed.,5.0,Better for Bowden.,B00TBQMH6O,A16CJE46CQ3OP,Positive,26,153,Better for Bowden. Works better than ninjaflex for Bowden tube printers. Print under 20mm/sec at 230C hot end. Some jams for longer prints. No jams at 16mm/sec print speed.,Positive,0.5574,Positive,0.4166666666666667
"Not much to say... they're 555 ICs. I received 20, as described! YAY! Price beats the local electronic stores.",5.0,Better price than local stores.,B0073BPP04,AFNWU9UPITRY9,Positive,19,110,"Better price than local stores. Not much to say... they're 555 ICs. I received 20, as described! YAY! Price beats the local electronic stores.",Positive,0.8233,Neutral,0.0859375
works for me. a little stiff but that is not a problem for me,5.0,Happy happy happy,B00NB3SYGK,A11ELDVUCC83HI,Positive,14,61,Happy happy happy works for me. a little stiff but that is not a problem for me,Positive,0.8375,Positive,0.39964285714285724
Purchased these for detail gluing on woodworking projects and spot lubrication of tools. Came to me individually wrapped which will protect them from dust and dirt until needed. The blunted needles are great to help prevent accidental sticks and the bore is large enough to allow thick wood glues to pass through while still being small enough to get into tight spots. The needles also lock onto the syringe body with a quarter turn to prevent uncoupling. Pricing on this was very good compared to other vendors I have found esp. in quantities as low as 10 units. Very happy with the product and this seller and will order from them again in the future.,5.0,Good item at a GREAT price,B00DXPRTHG,A1MRD8YEY0IVCB,Positive,115,653,Good item at a GREAT price Purchased these for detail gluing on woodworking projects and spot lubrication of tools. Came to me individually wrapped which will protect them from dust and dirt until needed. The blunted needles are great to help prevent accidental sticks and the bore is large enough to allow thick wood glues to pass through while still being small enough to get into tight spots. The needles also lock onto the syringe body with a quarter turn to prevent uncoupling. Pricing on this was very good compared to other vendors I have found esp. in quantities as low as 10 units. Very happy with the product and this seller and will order from them again in the future.,Positive,0.9667,Positive,0.23804761904761904
"I'm picky, and this is a picky man's anchor.",5.0,For picky people,B0051IAWM2,AIBDEVU9M8Q56,Positive,9,44,"For picky people I'm picky, and this is a picky man's anchor.",Neutral,0.0,Neutral,0.0
You need these when installing a RO system. You never know when you need to extend a line. For the price just keep a few next to your system.,5.0,Nice to have when installing a RO Filtration system,B010BY29A8,A1NU8VD7IH7C86,Positive,29,141,Nice to have when installing a RO Filtration system You need these when installing a RO system. You never know when you need to extend a line. For the price just keep a few next to your system.,Positive,0.5423,Positive,0.13333333333333333
"Excellent adhesion. Used it for installing LED light strips under kitchen cabinets and behind my TV. The original tape on both items did not adhere and they were both 3M products. This definitely worked perfectly, my lights have stayed on. You can even cut the tape to fit the width of your project if it is less than one inch, which my was. Definitely recommend.",5.0,Excellent adhesion. Used it for installing LED light strips ...,B006SJIA0Y,A3TVW4GT5TIW38,Positive,65,363,"Excellent adhesion. Used it for installing LED light strips ... Excellent adhesion. Used it for installing LED light strips under kitchen cabinets and behind my TV. The original tape on both items did not adhere and they were both 3M products. This definitely worked perfectly, my lights have stayed on. You can even cut the tape to fit the width of your project if it is less than one inch, which my was. Definitely recommend.",Positive,0.9706,Positive,0.3643939393939393
"I needed to re-organize the peg board above my workbench mostly because the variety of tools I needed their have changed. There are more than enough varieties of hooks to choose from and still had plenty left over. i would have given 5 star but they ae just a little loose for 1/4"" holes, but a little electrical tape did the trick and found that careful lifting off of tools helped.",4.0,Great Product,B000KKVL6C,A1MVH1WLYDHZ49,Positive,71,383,"Great Product I needed to re-organize the peg board above my workbench mostly because the variety of tools I needed their have changed. There are more than enough varieties of hooks to choose from and still had plenty left over. i would have given 5 star but they ae just a little loose for 1/4"" holes, but a little electrical tape did the trick and found that careful lifting off of tools helped.",Positive,0.1629,Positive,0.12480769230769231
Very good product,5.0,Five Stars,B00M0CS73S,AOF3NY2171J5L,Positive,3,17,Five Stars Very good product,Positive,0.4927,Positive,0.9099999999999999
"Great bag for fine dust, I have used these for several years now. They are a little expensive but worth the cost. I use these with Shop-Vac's Ultra Web Cartridge just to catch any remaining dust. I am confident in using this combination for sanding drywall in my finished house with little to no release of any additional drywall dust.",5.0,Great bag for fine drywall dust!,B00002ND4I,A36XC1YV18PIGT,Positive,60,335,"Great bag for fine drywall dust! Great bag for fine dust, I have used these for several years now. They are a little expensive but worth the cost. I use these with Shop-Vac's Ultra Web Cartridge just to catch any remaining dust. I am confident in using this combination for sanding drywall in my finished house with little to no release of any additional drywall dust.",Positive,0.8769,Positive,0.24625
good quality wood and good fit as advertised,5.0,good quality wood and good fit as advertised,B019EIEKHC,A9SD4CK3KOIG1,Positive,8,44,good quality wood and good fit as advertised good quality wood and good fit as advertised,Positive,0.9393,Positive,0.6
"very easy to use, leaves a much nicer pattern compared to bar type hone i was using. Wished i had bought one sooner.",5.0,does nice job,B002XUL1F8,A1ESMJMQENUMZO,Positive,23,116,"does nice job very easy to use, leaves a much nicer pattern compared to bar type hone i was using. Wished i had bought one sooner.",Positive,0.8357,Positive,0.45444444444444443
1,4.0,Four Stars,B01CP18J4A,A3MQX3Y19NHF0E,Positive,1,1,Four Stars 1,Neutral,0.0,Neutral,0.0
These seem to be the right size unlike the last brand I bought.,5.0,Five Stars,B001HWGMBG,A1IZ2N78NDI62F,Positive,13,63,Five Stars These seem to be the right size unlike the last brand I bought.,Neutral,0.0,Positive,0.14285714285714285
"As others have stated, the attachment on the side falls off - over and over again! The Good: It does have EXCELLENT suction. It is relatively lightweight. I found the canister easy to empty. Cord is nice and long. Attachments are great for hair pickup. All in all, it's a great vaccuum. The attachment falling off repeatedly does get tiring. :)",4.0,Room for Improvement,B005FUYB14,AQZ4PHIEEV5N5,Positive,61,344,"Room for Improvement As others have stated, the attachment on the side falls off - over and over again! The Good: It does have EXCELLENT suction. It is relatively lightweight. I found the canister easy to empty. Cord is nice and long. Attachments are great for hair pickup. All in all, it's a great vaccuum. The attachment falling off repeatedly does get tiring. :)",Positive,0.9843,Positive,0.4683333333333334
IT WORK GOOD,5.0,Five Stars,B009PHFNGA,A2YQIGAOAIW4O9,Positive,3,12,Five Stars IT WORK GOOD,Positive,0.5622,Positive,0.7
I've used up 5kg of Inland spools including this black PLA and have had no tangled/broken/discolored spools. I usually buy this at a local store where its $15/1KG spool.,5.0,I've used up 5kg of Inland spools including this black ...,B00YQB85PG,A11UR36S19ST36,Positive,29,169,I've used up 5kg of Inland spools including this black ... I've used up 5kg of Inland spools including this black PLA and have had no tangled/broken/discolored spools. I usually buy this at a local store where its $15/1KG spool.,Negative,-0.296,Negative,-0.14583333333333331
Plenty thank you.,5.0,Five Stars,B00OZSL8UE,AOZANRKWMB31D,Positive,3,17,Five Stars Plenty thank you.,Positive,0.3612,Neutral,0.0
awesome!!!!,5.0,Love Hatchbox,B00M0CS73S,AZ3VM8YNIS0Q9,Positive,1,11,Love Hatchbox awesome!!!!,Positive,0.8877,Positive,0.75
Perfect! Nice long wires and quality crimps. Works great.,5.0,Perfect!,B01B41K7OM,A1OUUZSD5DD4ZN,Positive,9,57,Perfect! Perfect! Nice long wires and quality crimps. Works great.,Positive,0.9421,Positive,0.6700000000000002
love gorilla,5.0,Five Stars,B00EUGCT22,A3LRUEEC7SR3DR,Positive,2,12,Five Stars love gorilla,Positive,0.6369,Positive,0.5
perfect,5.0,Five Stars,B007Y7ICE8,A5WUC3U0Y5T03,Positive,1,7,Five Stars perfect,Positive,0.5719,Positive,1.0
"Button was used to put together a scuff type controller mod to my ds4. Works perfectly, but the buttons do hurt my fingers after several presses. This was resolved by building paddles to press it instead of directly pressing them.",5.0,Now I have a home made scuff mod.,B008420WOA,A11V3GPODBXN7C,Positive,40,230,"Now I have a home made scuff mod. Button was used to put together a scuff type controller mod to my ds4. Works perfectly, but the buttons do hurt my fingers after several presses. This was resolved by building paddles to press it instead of directly pressing them.",Negative,-0.2382,Positive,0.3
"I bought these - and a couple of the other sizes - when a new addition to my desk (a power meter with a USB connection to my desktop computer) starting to disconnect my radio software when I keyed the mike. I had an oversized ferrite toroid on hand - like a half inch oversized - I looped the USB connector wire through and tried transmitting again. Success, but not elegant. Gino ferrite cable clips are. Elegant. A fitting fix to a fitting problem. YMMV. But you could do worse. The ""shack"" place sells these for a whole lot more which is expedient enough, but so to was my oversized toroid. These are a good deal. Get some.",5.0,Cheap fix for RF in the shack,B007Q94CZM,A1XB48WXBCHM6N,Positive,118,626,"Cheap fix for RF in the shack I bought these - and a couple of the other sizes - when a new addition to my desk (a power meter with a USB connection to my desktop computer) starting to disconnect my radio software when I keyed the mike. I had an oversized ferrite toroid on hand - like a half inch oversized - I looped the USB connector wire through and tried transmitting again. Success, but not elegant. Gino ferrite cable clips are. Elegant. A fitting fix to a fitting problem. YMMV. But you could do worse. The ""shack"" place sells these for a whole lot more which is expedient enough, but so to was my oversized toroid. These are a good deal. Get some.",Positive,0.289,Positive,0.18631313131313132
If you order the medium be careful as these are small but I have small hands so it is OK for me. But I would have liked for these to have been available for others to use. If you have small hands but your fingers are large around they probably won't fit. The small must be for children. These are thin and when putting them on I put a small stretched opening at the bottom but you just have to be careful. I actually purchased these for bird-flu and other serious emergency viral issues.,4.0,Good Price For Quantity - Careful With Sizing,B0013U75B8,A29YFIOQ4VEB30,Positive,94,487,Good Price For Quantity - Careful With Sizing If you order the medium be careful as these are small but I have small hands so it is OK for me. But I would have liked for these to have been available for others to use. If you have small hands but your fingers are large around they probably won't fit. The small must be for children. These are thin and when putting them on I put a small stretched opening at the bottom but you just have to be careful. I actually purchased these for bird-flu and other serious emergency viral issues.,Positive,0.7123,Neutral,0.018734335839599003
"Really, for $10 i have a roll of tape that i use for many , many guitar, instrument repairs... I am always surprised when i use this tape...very strong....you only need a little bit... i even used this to adhere a temporary fence on my tablesaw sled!!!!! No more glue!!!!...no more sanding... Tape does not leave much residue either",5.0,a must have,B0049RAEA6,A2UMSYPMSKKDBB,Positive,59,332,"a must have Really, for $10 i have a roll of tape that i use for many , many guitar, instrument repairs... I am always surprised when i use this tape...very strong....you only need a little bit... i even used this to adhere a temporary fence on my tablesaw sled!!!!! No more glue!!!!...no more sanding... Tape does not leave much residue either",Negative,-0.3226,Positive,0.1308661566840278
I put these in my wood shop above the fire extinguisher. And one in my garage too. I have guests around and one never plans to have a fire...,5.0,Nice sign.,B00GJVLPRG,A3G1RCVWTA80X5,Positive,29,141,Nice sign. I put these in my wood shop above the fire extinguisher. And one in my garage too. I have guests around and one never plans to have a fire...,Negative,-0.25,Positive,0.3
"I bought this for occasional home use, and I think it's good. I seal boxes when I have online returns and always need to have something ready at home. Good quality for the price.",5.0,Good tape,B005P7P9M2,A1Q5FIU1WYXJ81,Positive,34,178,"Good tape I bought this for occasional home use, and I think it's good. I seal boxes when I have online returns and always need to have something ready at home. Good quality for the price.",Positive,0.8807,Positive,0.45999999999999996
"I have tried a lot of these syringes for E-Liquid filling, and these are alright, but not the best. They will get the job done, but I have used more ergonomic, and less ""Bendy"" feeling syringes. Not bad for the price, but not perfect. 3.75 stars.",4.0,"Pretty nice, but not as durable/ergonomic as some others",B001889SBA,A533DLGL8VQM7,Positive,46,246,"Pretty nice, but not as durable/ergonomic as some others I have tried a lot of these syringes for E-Liquid filling, and these are alright, but not the best. They will get the job done, but I have used more ergonomic, and less ""Bendy"" feeling syringes. Not bad for the price, but not perfect. 3.75 stars.",Neutral,0.0151,Positive,0.2904761904761905
"Great for polishing, hold up well and no slippage on the mandrel. I used them to detail motorcycle spoke wheels.",5.0,These hold up well...,B006Z6YQEE,ATGLHCY1BZ0TO,Positive,20,112,"These hold up well... Great for polishing, hold up well and no slippage on the mandrel. I used them to detail motorcycle spoke wheels.",Positive,0.7269,Positive,0.8
"Very transparent, easy to use. Very strong.",5.0,easy to use,B009EU5ZM0,A1XEHZVFI3LT9O,Positive,7,43,"easy to use Very transparent, easy to use. Very strong.",Positive,0.8648,Positive,0.4075
"Easy to mix, applies quickly and is sand-able. Fills in imperfections with a durable permanent fix.",5.0,Five Stars,B005H0XRPS,AVKUI500I3NDQ,Positive,16,99,"Five Stars Easy to mix, applies quickly and is sand-able. Fills in imperfections with a durable permanent fix.",Positive,0.4404,Positive,0.3833333333333333
"Bought these to fill lead acid batteries with distilled water. They don't leak at all, so handling them in an awkward position works just fine.",5.0,so handling them in an awkward position works just fine.,B005Z4RGDU,AP8ZPWFF9RMSO,Positive,25,143,"so handling them in an awkward position works just fine. Bought these to fill lead acid batteries with distilled water. They don't leak at all, so handling them in an awkward position works just fine.",Positive,0.3476,Neutral,-0.09166666666666663
as described,5.0,Five Stars,B0006O1ICY,AY85056SI7G9R,Positive,2,12,Five Stars as described,Neutral,0.0,Neutral,0.0
Works great with Dremel tool,5.0,Works great with Dremel tool,B006Z6YQEE,ASRCBPK3EFNIL,Positive,5,28,Works great with Dremel tool Works great with Dremel tool,Positive,0.8481,Positive,0.8
"I have tried another competitors ""gold"" filament which really printed as a mustard green color. This one from hatchbox actually came out gold. Pretty impressive.",5.0,Prints as gold as advertised,B00MEZEFVO,A15AE6MJ4CYB0Z,Positive,25,161,"Prints as gold as advertised I have tried another competitors ""gold"" filament which really printed as a mustard green color. This one from hatchbox actually came out gold. Pretty impressive.",Positive,0.7579,Positive,0.25
"WD-40 300106 Specialist Spray and Stay Gel is my favorite lubricant, especially when applying on bicycle chain. Unlike the traditional bicycle chain lubricant, it creates less mess, it's less likely to soil your pants, and it stays lubricated for longer time as indicated. I keep a couple of cans in my house and garage all the time to use it wherever needed. I recommend it!",5.0,My Favorite Lubricant,B017IEN34U,A2DXENZNO2JT4F,Positive,65,375,"My Favorite Lubricant WD-40 300106 Specialist Spray and Stay Gel is my favorite lubricant, especially when applying on bicycle chain. Unlike the traditional bicycle chain lubricant, it creates less mess, it's less likely to soil your pants, and it stays lubricated for longer time as indicated. I keep a couple of cans in my house and garage all the time to use it wherever needed. I recommend it!",Positive,0.8264,Neutral,0.06145833333333335
"Nice boards to lay out circuits on, either temporarily or as a permanent mount. Very sturdy.",5.0,Five Stars,B00DUW3SU4,A1YW3AT8A07Q8C,Positive,16,92,"Five Stars Nice boards to lay out circuits on, either temporarily or as a permanent mount. Very sturdy.",Positive,0.4215,Positive,0.4
Works very well to control my reciprocating saw,4.0,Four Stars,B009KAEP7A,A2YW1CZ84SIISV,Positive,8,47,Four Stars Works very well to control my reciprocating saw,Positive,0.3384,Positive,0.2
Love the stuff,5.0,Get some,B000F09CEA,A1PU6JO236TYKL,Positive,3,14,Get some Love the stuff,Positive,0.6369,Positive,0.5
As I expected. Really good quality from Hatchbox. My only issue with this filament is its stringiness. This os the only filament I've had from Hatchbox that has been really stringy.,4.0,Really good quality from Hatchbox,B015I1DAXE,AC9H2UKMA3IVA,Positive,31,181,Really good quality from Hatchbox As I expected. Really good quality from Hatchbox. My only issue with this filament is its stringiness. This os the only filament I've had from Hatchbox that has been really stringy.,Positive,0.7496,Positive,0.24999999999999997
"For the price, these are great little calipers. They are reasonably accurate and very repeatable.",4.0,these are great little calipers,B00B5XJW7I,A23NSBDCZCRVPI,Positive,15,97,"these are great little calipers For the price, these are great little calipers. They are reasonably accurate and very repeatable.",Positive,0.8481,Positive,0.3041666666666667
Exactly as described. Great!,5.0,Great!,B00N51OO7Q,A3572POOBSWYCY,Positive,4,28,Great! Exactly as described. Great!,Positive,0.8684,Positive,0.75
An excellent Silicone Rubber Self Fusing Tape - Unbelievably strong when used in several layers. Really bonds to itself. Keep in mind that this is special purpose tape and does not have an adhesive on it. It is self fusing.,5.0,Excellent Self Fusing Tape,B000ZTEPWU,A25RMF0U06SDK4,Positive,40,223,Excellent Self Fusing Tape An excellent Silicone Rubber Self Fusing Tape - Unbelievably strong when used in several layers. Really bonds to itself. Keep in mind that this is special purpose tape and does not have an adhesive on it. It is self fusing.,Positive,0.9286,Positive,0.4984126984126985
They are copper ring terminals. They works well.,5.0,Five Stars,B005V9USK2,A3EVMVRPY640Y0,Positive,8,48,Five Stars They are copper ring terminals. They works well.,Positive,0.2732,Neutral,0.0
No gas leaks around my fireplace after installing new Robert Shaw valve.,5.0,Good Sealant,B001P5F9X2,A2Q68X3CN0VZLX,Positive,12,72,Good Sealant No gas leaks around my fireplace after installing new Robert Shaw valve.,Positive,0.1779,Positive,0.41818181818181815
great product. I use a ton of it last for years,5.0,great product. I use a ton of it last ...,B001R4CMEA,AA8OFD5RD2C2K,Positive,11,47,great product. I use a ton of it last ... great product. I use a ton of it last for years,Positive,0.8481,Positive,0.4
Cool little tool. Have a Milwaukee scope with less cable that cost 3x as much. Good resolution. Bought this one for the semi rigid cable. Great choice. Other people's reviews were right on. Software download was a snap. Fired right up on the Samsung S4. Keep it in the truck for emergencies at work. Wish I had bought before now.,5.0,"Good resolution, fair price.",B00STB0EW6,A1157JBNCPCA5Q,Positive,60,329,"Good resolution, fair price. Cool little tool. Have a Milwaukee scope with less cable that cost 3x as much. Good resolution. Bought this one for the semi rigid cable. Great choice. Other people's reviews were right on. Software download was a snap. Fired right up on the Samsung S4. Keep it in the truck for emergencies at work. Wish I had bought before now.",Positive,0.9022,Positive,0.3342261904761904
Very good buy.,5.0,Packaged well....,B007Y8UX80,ASC9P0MEVES40,Positive,3,14,Packaged well.... Very good buy.,Positive,0.6478,Positive,0.9099999999999999
Using it in the kitchen to test grease temps when frying on the stove. Works great and keeps us from burning/smoking the frying oil.,5.0,Temp Check,B00837ZGRY,A1O8BS2HKE5Y0O,Positive,24,132,Temp Check Using it in the kitchen to test grease temps when frying on the stove. Works great and keeps us from burning/smoking the frying oil.,Positive,0.6249,Positive,0.8
Love this for securing straps on military gear.,5.0,Works great.,B00DVBS2FK,A35HWBUEPSNWUF,Positive,8,47,Works great. Love this for securing straps on military gear.,Positive,0.891,Positive,0.39999999999999997
Excellent quality. Just what I needed.,5.0,Five Stars,B004KT4POY,A1TI4U4964EM2Q,Positive,6,38,Five Stars Excellent quality. Just what I needed.,Positive,0.5719,Positive,1.0
I have 15-20 of these and they work grate with the kids we have in class thank,5.0,Five Stars,B00837ZGRY,A1HP38LN5MLX3P,Positive,17,78,Five Stars I have 15-20 of these and they work grate with the kids we have in class thank,Positive,0.3612,Neutral,0.0
These are hit or miss depending on the seller. Sometimes they are speckled with black flecks (I can't use them) and other times they are perfect.,4.0,Hit or miss,B003ZZUKPC,A1BZB8JEJZYEJ,Positive,26,145,Hit or miss These are hit or miss depending on the seller. Sometimes they are speckled with black flecks (I can't use them) and other times they are perfect.,Positive,0.3612,Positive,0.23611111111111113
"for whatever it's worth, this stuff cleared the cracked corners of my lips almost overnight - and they have stayed un-cracked!",5.0,"for whatever it's worth, this stuff cleared the cracked ...",B004W6U58U,A1CYTVN7N4N0TA,Positive,21,126,"for whatever it's worth, this stuff cleared the cracked ... for whatever it's worth, this stuff cleared the cracked corners of my lips almost overnight - and they have stayed un-cracked!",Positive,0.5983,Positive,0.3375
Superb calipers! Vastly better than the other cheap pair I purchased. They have an auto-off feature and have been very accurate. I got them for measure things to 3D print and it's been great.,5.0,"For the price, feels like cheating at measuring.",B001AQEZ2W,A3QBQ3ZMU0IZQN,Positive,34,191,"For the price, feels like cheating at measuring. Superb calipers! Vastly better than the other cheap pair I purchased. They have an auto-off feature and have been very accurate. I got them for measure things to 3D print and it's been great.",Positive,0.8832,Positive,0.5158333333333333
I didn't buy it??,4.0,Four Stars,B00062N4J6,A1GDLDWOI1KWZR,Positive,4,17,Four Stars I didn't buy it??,Neutral,0.0,Neutral,0.0
"Very Nice! Works well, good assortment!",5.0,Five Stars,B007FER2IW,A3OMR1548ZR20F,Positive,6,39,"Five Stars Very Nice! Works well, good assortment!",Positive,0.8377,Positive,0.925
"Best shrink tubing I've ever used. That being said, I'm not sure about the claim that it shrinks 3x. I didn't see much difference actually except that it takes longer time to shrink and more heat. Still the quality is superb and I love the sealant that magically appears when it's shrinking, the tubing is thicker and comes in just the right sizes for what most home shops would need. I'm sticking to this tubing when I reorder.",5.0,Best shrink tubing I've ever used. But 3x shrink? Not sure about that.,B01A6U6PAM,AHCSWR6NIC5PO,Positive,78,428,"Best shrink tubing I've ever used. But 3x shrink? Not sure about that. Best shrink tubing I've ever used. That being said, I'm not sure about the claim that it shrinks 3x. I didn't see much difference actually except that it takes longer time to shrink and more heat. Still the quality is superb and I love the sealant that magically appears when it's shrinking, the tubing is thicker and comes in just the right sizes for what most home shops would need. I'm sticking to this tubing when I reorder.",Positive,0.9582,Positive,0.4154761904761905
Solid functional and tough. Should last for a decade or more.,5.0,Excellent tub for a sandbox for the kids and after the grow up...for other things...,B000HHQ7SK,A3HC16NEP91XRP,Positive,11,61,Excellent tub for a sandbox for the kids and after the grow up...for other things... Solid functional and tough. Should last for a decade or more.,Positive,0.5859,Positive,0.16435185185185186
"I've tried just about every Velcro product on Amazon and most of them are ok to good but this particular Velcro is the BEST; the easiest to pick off the paper giving you a better grip. Talking about 'grip' this has it in spades. I don't know why but the black Velcro seems to be the toughest and much stronger than the white. I devised a turntable with sections for my many medications and each one is Velcroed so I can pop it off and then pop it on. Trying all of them the black is the easiest to 'hold' and all you have to do is 'push' the item in if it's something you use all the time; makes life easier and everything is right there. (First I glued little plastic bottles all around a larger plastic container and glued the whole thing on a turntable. Then Velcro the whole thing right to whatever space I had and then some!) I would also trust this Velcro for picture frames, remotes handy in the bedroom on side tables or dresser or on the TV itself; keeping pens available, notepads (light weight). It's one handy dandy product! There are l,0001 things you can do with Velcro and believe me I have the stuff in use all over the house-in the kitchen, in the bathroom, in the bedroom; just about everywhere. Think of things that you use everyday and wish you didn't have to search through drawers to find-Velcro them to a painted block of wood or whatever you choose and they are right there when you need them' push on-- push off! I also use Velcro on my desk-holds remotes, pens, most anything that you can think of (not to terribly heavy like a stapler or some such). One tip: Use the 'rough zipper' side on the wall or the product you're sticking something to and the soft side is the one you handle. The zipper side hurts; I found that out pretty quickly. Items stay on better and are easier to 'push in' when the zipper side is what the 'smooth' side is being pushed against...make sense? Well get your thinking cap on and I'm sure you'll think of a zillion ways this great product can help you. By the way; this same Velcro would be much more costly anywhere!! Update: I've just received two more boxes of Velcro. The price has gone up aprox. 3.00 ea. so I wasn't thrilled with that but I love and use Velcro all the time so I bought anyway. I have a few hats that are to big so I take either side of Velcro and press on the underside which helps keep the hat on, won't stay on... so it doesn't come off use a glue gun, that will make sure that stays on!",5.0,IF I DIDN'T HAVE VELCRO MY WHOLE H OUSE WOULD FALL DOWN (LOL),B000WFRMBI,A21M3YYEERMG3D,Positive,472,2467,"IF I DIDN'T HAVE VELCRO MY WHOLE H OUSE WOULD FALL DOWN (LOL) I've tried just about every Velcro product on Amazon and most of them are ok to good but this particular Velcro is the BEST; the easiest to pick off the paper giving you a better grip. Talking about 'grip' this has it in spades. I don't know why but the black Velcro seems to be the toughest and much stronger than the white. I devised a turntable with sections for my many medications and each one is Velcroed so I can pop it off and then pop it on. Trying all of them the black is the easiest to 'hold' and all you have to do is 'push' the item in if it's something you use all the time; makes life easier and everything is right there. (First I glued little plastic bottles all around a larger plastic container and glued the whole thing on a turntable. Then Velcro the whole thing right to whatever space I had and then some!) I would also trust this Velcro for picture frames, remotes handy in the bedroom on side tables or dresser or on the TV itself; keeping pens available, notepads (light weight). It's one handy dandy product! There are l,0001 things you can do with Velcro and believe me I have the stuff in use all over the house-in the kitchen, in the bathroom, in the bedroom; just about everywhere. Think of things that you use everyday and wish you didn't have to search through drawers to find-Velcro them to a painted block of wood or whatever you choose and they are right there when you need them' push on-- push off! I also use Velcro on my desk-holds remotes, pens, most anything that you can think of (not to terribly heavy like a stapler or some such). One tip: Use the 'rough zipper' side on the wall or the product you're sticking something to and the soft side is the one you handle. The zipper side hurts; I found that out pretty quickly. Items stay on better and are easier to 'push in' when the zipper side is what the 'smooth' side is being pushed against...make sense? Well get your thinking cap on and I'm sure you'll think of a zillion ways this great product can help you. By the way; this same Velcro would be much more costly anywhere!! Update: I've just received two more boxes of Velcro. The price has gone up aprox. 3.00 ea. so I wasn't thrilled with that but I love and use Velcro all the time so I bought anyway. I have a few hats that are to big so I take either side of Velcro and press on the underside which helps keep the hat on, won't stay on... so it doesn't come off use a glue gun, that will make sure that stays on!",Positive,0.9975,Positive,0.30173611111111115
Great bags,5.0,Great bags,B004NQMCWQ,AOC5B7XX01MIE,Positive,2,10,Great bags Great bags,Positive,0.8481,Positive,0.8
Works well.,5.0,Works well.,B000JFL7RG,A1OEFW95IXP4MU,Positive,2,11,Works well. Works well.,Positive,0.4939,Neutral,0.0
"This is the best known 3D printer bed solution for just about every filament, including PLA, ABS, PET, and even Nylon. The material is more expensive than Kapton, but is very tough and requires zero maintenance, even for a thin sheet.",5.0,must have for 3D print beds,B0013HJBA4,AKLOI0AYJNIEC,Positive,41,234,"must have for 3D print beds This is the best known 3D printer bed solution for just about every filament, including PLA, ABS, PET, and even Nylon. The material is more expensive than Kapton, but is very tough and requires zero maintenance, even for a thin sheet.",Positive,0.2641,Neutral,0.01888888888888889
"maybe i just got confused reading the information about these hones on a couple of sights.some where I read that these hones will work for a little bit larger hole then the size listing of the hones. this one seams to just make it for a whole that's 4.130"". i was hoping it would work for a 4.250"" hole .this one is way to small for that size. over all these hones work great for cleaning up a bore.they can even make a good cross hatch pattern on a bore with a ridge and some tapper to it. i use these to clean up a bore before i measure or use my accurate hone with a dial for size to square up the bore a little",4.0,"4 1/8"" IS MAX HOLE SIZE",B002XUL1F8,A2AN0ADUOFA35Z,Positive,126,614,"4 1/8"" IS MAX HOLE SIZE maybe i just got confused reading the information about these hones on a couple of sights.some where I read that these hones will work for a little bit larger hole then the size listing of the hones. this one seams to just make it for a whole that's 4.130"". i was hoping it would work for a 4.250"" hole .this one is way to small for that size. over all these hones work great for cleaning up a bore.they can even make a good cross hatch pattern on a bore with a ridge and some tapper to it. i use these to clean up a bore before i measure or use my accurate hone with a dial for size to square up the bore a little",Positive,0.7351,Positive,0.13106060606060607
okey,4.0,Four Stars,B00L62RY96,A23XIXEZ29XPKO,Positive,1,4,Four Stars okey,Neutral,0.0,Neutral,0.0
"using these to make custom tap handles, and they work great.",5.0,and they work great.,B0026GZU0Q,ALMJYPWVV2NWV,Positive,11,60,"and they work great. using these to make custom tap handles, and they work great.",Positive,0.8481,Positive,0.8
"Wow, Great Quality.",5.0,"Wow, Great Quality.",B01CNGUW4M,AOITPVZ2GUR1I,Positive,3,19,"Wow, Great Quality. Wow, Great Quality.",Positive,0.9501,Positive,0.45
does the job,4.0,Four Stars,B00JA3BMDW,AIC5UG42PZDPL,Positive,3,12,Four Stars does the job,Neutral,0.0,Neutral,0.0
no batteries needed,5.0,Five Stars,B000NQ4PVG,A3HW1EFHKPCHYY,Positive,3,19,Five Stars no batteries needed,Negative,-0.296,Neutral,0.0
"I used it on some headphones, to keep the cables from bending and breaking inside. Not the most best looking headphones now, but who cares.",5.0,I used it on some headphones,B008MIRQUE,A2Q79J76PISBAJ,Positive,25,139,"I used it on some headphones I used it on some headphones, to keep the cables from bending and breaking inside. Not the most best looking headphones now, but who cares.",Positive,0.4034,Positive,0.75
Good product,5.0,Five Stars,B0057JB9XG,A326SBSXBUNW0X,Positive,2,12,Five Stars Good product,Positive,0.4404,Positive,0.7
Very nice,4.0,Four Stars,B001D3LQWE,A3JIQRJ2MPLOMK,Positive,2,9,Four Stars Very nice,Positive,0.4754,Positive,0.78
Works well,4.0,Four Stars,B004UUADHQ,A3VENP9UH843YR,Positive,2,10,Four Stars Works well,Positive,0.2732,Neutral,0.0
"Great wire for creating manual wire traces for a breadboard pcb, beats trying to make paths with solder balls.",4.0,Four Stars,B000IJYRK2,A1PFG03IJCKUI3,Positive,19,110,"Four Stars Great wire for creating manual wire traces for a breadboard pcb, beats trying to make paths with solder balls.",Positive,0.743,Positive,0.8
"&nbsp;I use these ""barrels"" on my prusa i3 Printer with little or no problems, I did have 1 tube in 5 that had some kind of problem with the Teflon sleeve (constant jamming due to a defect in the tube) but It was resolved with a new tube, This is the second time I've purchased these, not because they're bad extruder tubes, but because I run my extruder extremely hot, like right up to the limit for Teflon at 260c. Even at their limit these will last me 40 or so hours of printing until the Teflon distorts enough to cause jamming. I replace these like a wear item and I enjoy using this vendor's tubes",5.0,"Good, even to their limit.",B00T2DNKJY,ACRAQ1X4QYUWV,Positive,116,604,"Good, even to their limit. &nbsp;I use these ""barrels"" on my prusa i3 Printer with little or no problems, I did have 1 tube in 5 that had some kind of problem with the Teflon sleeve (constant jamming due to a defect in the tube) but It was resolved with a new tube, This is the second time I've purchased these, not because they're bad extruder tubes, but because I run my extruder extremely hot, like right up to the limit for Teflon at 260c. Even at their limit these will last me 40 or so hours of printing until the Teflon distorts enough to cause jamming. I replace these like a wear item and I enjoy using this vendor's tubes",Positive,0.9267,Positive,0.10458291708291706
good product for cleaning precision tools,5.0,Five Stars,B0013HT2QW,A4PKSAXDXL6XJ,Positive,6,41,Five Stars good product for cleaning precision tools,Positive,0.4404,Positive,0.7
"These bandage scissors are perfect for what I need them for, which is to use in my job as a treatment nurse. They are petite compared to many bandage scissors, and a bit lightweight, but very sharp. They cut through gauze easily. The colored handles are wonderful, because I always know where they are!",5.0,Perfect Bandage Scissors!,B00062N464,A2YB7DLC3FOR7W,Positive,54,302,"Perfect Bandage Scissors! These bandage scissors are perfect for what I need them for, which is to use in my job as a treatment nurse. They are petite compared to many bandage scissors, and a bit lightweight, but very sharp. They cut through gauze easily. The colored handles are wonderful, because I always know where they are!",Positive,0.8857,Positive,0.6284722222222222
WAY more sticky than any generic duct tape. Get a roll.......it does the job.,5.0,Five Stars,B000CSS8UE,A2FKXF5PIY4XNT,Positive,14,77,Five Stars WAY more sticky than any generic duct tape. Get a roll.......it does the job.,Neutral,0.0,Positive,0.25
will order again,5.0,Five Stars,B0013U5PV0,A46OWSCH5KZ4V,Positive,3,16,Five Stars will order again,Neutral,0.0,Neutral,0.0
I Have no issues with this item.,5.0,Five Stars,B00L1IUICA,ABUTRE14Y424Z,Positive,7,32,Five Stars I Have no issues with this item.,Negative,-0.296,Neutral,0.0
Color is great and its easy to print with. I can get smooth and sturdy prints with this filament. Overall very happy with this filament.,5.0,Great and easy filament for most prints,B00ME7E5X0,AD4ID2RORHTAJ,Positive,25,136,Great and easy filament for most prints Color is great and its easy to print with. I can get smooth and sturdy prints with this filament. Overall very happy with this filament.,Positive,0.9583,Positive,0.5458333333333334
"Tried it once, and it worked!",5.0,like it,B0006O1ICE,A7EP9SN9E2GB0,Positive,6,29,"like it Tried it once, and it worked!",Positive,0.4199,Neutral,0.0
"Purchased in early April 2016 (almost two years ago), and put to use when received. Ive changed the Amazon Basics AA battery once, which I do with most of my battery-operated products every 6 or 12 months (especially with smoke detectors/alarms). I don't wait for batteries to die. I appreciate how quickly the readings are available. For instance, I can walk from one part of my first floor home to the other, and see the difference in temperature and humidity readings within seconds. The digital numbers are easy to read as long as I have on my glasses and Im not in the dark. Theres a tiny white button located on the back that les you choose Fahrenheit or Celsius. I would definitely buy this Acurite model again*. I paid $3 more in 2016. HOW ACCURATE ARE THE READINGS? I can tell if the readings are accurate by comparing different areas of my home where it is obvious (see messy images) that the humidity is really high. In Miami, FL, I doubt Ill ever witness a really low humidity reading room in my old home. I have a large window that needs to be replaced (the whole darn thing, glass and frame). It allows outside weather conditions (heat and more heat) to seep right into my home. Yep, already added that ugly and cheap plastic sheeting over the frame, but its not helping enough. WHY I BOUGHT THIS: I use this meter, mostly it seems, just to annoy myself. LOL! Im not using for growing indoor plants or any other casually scientific reason. I just like to know why I feel like crapnothing escapes the effects of dampness in the air, the dampness that can easily make me feel miserable, the dampness that requires me to cleanly wipe down even more crap. On a positive note, its easy to turn on the air conditioner (sometimes using the free air circulation) to help reduce these issues. Until I can find a person willing to empty bins of water for me every single day, I cant be bothered with dehumidifiers. Nobody in their right mind leaves stagnant water in Miami (mosquitos will find it). For those trying to learn the most basic humidity examples: Very low humidity can cause dry skin, nosebleeds, and who knows what else. Very high humidity can help improve plant growth, improve mold growth (you don't want that), but can also cause a person to feel uncomfortable and/or sweaty. (*) AcuRite 00613 Humidity Monitor with Indoor Thermometer, Digital Hygrometer and Humidity Gauge Indicator",5.0,"1 year and 8 months later, maintains accuracy.",B0013BKDO8,A2U3NB45B37XXZ,Positive,425,2403,"1 year and 8 months later, maintains accuracy. Purchased in early April 2016 (almost two years ago), and put to use when received. Ive changed the Amazon Basics AA battery once, which I do with most of my battery-operated products every 6 or 12 months (especially with smoke detectors/alarms). I don't wait for batteries to die. I appreciate how quickly the readings are available. For instance, I can walk from one part of my first floor home to the other, and see the difference in temperature and humidity readings within seconds. The digital numbers are easy to read as long as I have on my glasses and Im not in the dark. Theres a tiny white button located on the back that les you choose Fahrenheit or Celsius. I would definitely buy this Acurite model again*. I paid $3 more in 2016. HOW ACCURATE ARE THE READINGS? I can tell if the readings are accurate by comparing different areas of my home where it is obvious (see messy images) that the humidity is really high. In Miami, FL, I doubt Ill ever witness a really low humidity reading room in my old home. I have a large window that needs to be replaced (the whole darn thing, glass and frame). It allows outside weather conditions (heat and more heat) to seep right into my home. Yep, already added that ugly and cheap plastic sheeting over the frame, but its not helping enough. WHY I BOUGHT THIS: I use this meter, mostly it seems, just to annoy myself. LOL! Im not using for growing indoor plants or any other casually scientific reason. I just like to know why I feel like crapnothing escapes the effects of dampness in the air, the dampness that can easily make me feel miserable, the dampness that requires me to cleanly wipe down even more crap. On a positive note, its easy to turn on the air conditioner (sometimes using the free air circulation) to help reduce these issues. Until I can find a person willing to empty bins of water for me every single day, I cant be bothered with dehumidifiers. Nobody in their right mind leaves stagnant water in Miami (mosquitos will find it). For those trying to learn the most basic humidity examples: Very low humidity can cause dry skin, nosebleeds, and who knows what else. Very high humidity can help improve plant growth, improve mold growth (you don't want that), but can also cause a person to feel uncomfortable and/or sweaty. (*) AcuRite 00613 Humidity Monitor with Indoor Thermometer, Digital Hygrometer and Humidity Gauge Indicator",Positive,0.9826,Neutral,0.09300569863281731
"I purchased these for my son's science project and ended up tossing them in favor of a digital meter. I'm not sure if I just got a bad set or not, but these were not accurate in the least bit. Not recommended.",1.0,Not recommended if you need accurate and precise readings,B00S730YWG,A3KCWRDP92J9KY,Negative,42,209,"Not recommended if you need accurate and precise readings I purchased these for my son's science project and ended up tossing them in favor of a digital meter. I'm not sure if I just got a bad set or not, but these were not accurate in the least bit. Not recommended.",Negative,-0.4705,Neutral,-0.09285714285714285
